"Date","Site.Name","COUNTY","latitude_mean","longitude_mean","Month","Year","AQI_PM2.5","AQI_Ozone"
2020-01-01,"Bryson City","Swain",35.434767,-83.442133,1,2020,29.5,NA
2020-01-01,"Castle Hayne","New Hanover",34.364167,-77.838611,1,2020,13.5,NA
2020-01-01,"Clemmons Middle","Forsyth",36.026,-80.342,1,2020,24,NA
2020-01-01,"Durham Armory","Durham",36.0329550008979,-78.904037,1,2020,33,NA
2020-01-01,"Frying Pan Mountain","Haywood",35.379167,-82.7925,1,2020,NA,47
2020-01-01,"Garinger High School","Mecklenburg",35.2401000008895,-80.785683,1,2020,21.3333333333333,28
2020-01-01,"Hattie Avenue","Forsyth",36.110693332,-80.2264378,1,2020,22,NA
2020-01-01,"Leggett","Edgecombe",35.988278,-77.5843,1,2020,11,NA
2020-01-01,"Mendenhall School","Guilford",36.1090060008986,-79.802314,1,2020,13,NA
2020-01-01,"Millbrook School","Wake",35.856111,-78.574167,1,2020,30.6666666666667,32.5
2020-01-01,"Pitt Agri. Center","Pitt",35.6412760008938,-77.360126,1,2020,16.5,NA
2020-01-01,"West Johnston Co.","Johnston",35.59095,-78.4622,1,2020,23,26
2020-01-02,"Bryson City","Swain",35.434767,-83.442133,1,2020,39,NA
2020-01-02,"Castle Hayne","New Hanover",34.364167,-77.838611,1,2020,13,NA
2020-01-02,"Clemmons Middle","Forsyth",36.026,-80.342,1,2020,35,NA
2020-01-02,"Durham Armory","Durham",36.0329550008979,-78.904037,1,2020,37.3333333333333,NA
2020-01-02,"Frying Pan Mountain","Haywood",35.379167,-82.7925,1,2020,7,44
2020-01-02,"Garinger High School","Mecklenburg",35.2401000008895,-80.785683,1,2020,33,25
2020-01-02,"Hattie Avenue","Forsyth",36.110693332,-80.2264378,1,2020,25,NA
2020-01-02,"Leggett","Edgecombe",35.988278,-77.5843,1,2020,15,NA
2020-01-02,"Linville Falls","Avery",35.972347,-81.933072,1,2020,12,NA
2020-01-02,"Mendenhall School","Guilford",36.1090060008986,-79.802314,1,2020,11,NA
2020-01-02,"Millbrook School","Wake",35.856111,-78.574167,1,2020,36.5,28
2020-01-02,"Pitt Agri. Center","Pitt",35.6412760008938,-77.360126,1,2020,23,NA
2020-01-02,"West Johnston Co.","Johnston",35.59095,-78.4622,1,2020,26.5,25
2020-01-03,"Bryson City","Swain",35.434767,-83.442133,1,2020,31,NA
2020-01-03,"Castle Hayne","New Hanover",34.364167,-77.838611,1,2020,18,NA
2020-01-03,"Clemmons Middle","Forsyth",36.026,-80.342,1,2020,42.6666666666667,NA
2020-01-03,"Durham Armory","Durham",36.0329550008979,-78.904037,1,2020,41.3333333333333,NA
2020-01-03,"Frying Pan Mountain","Haywood",35.379167,-82.7925,1,2020,NA,36
2020-01-03,"Garinger High School","Mecklenburg",35.2401000008895,-80.785683,1,2020,33,16.5
2020-01-03,"Hattie Avenue","Forsyth",36.110693332,-80.2264378,1,2020,35.3333333333333,NA
2020-01-03,"Leggett","Edgecombe",35.988278,-77.5843,1,2020,19,NA
2020-01-03,"Linville Falls","Avery",35.972347,-81.933072,1,2020,7,NA
2020-01-03,"Mendenhall School","Guilford",36.1090060008986,-79.802314,1,2020,40,NA
2020-01-03,"Millbrook School","Wake",35.856111,-78.574167,1,2020,42.75,22
2020-01-03,"Pitt Agri. Center","Pitt",35.6412760008938,-77.360126,1,2020,23.3333333333333,NA
2020-01-03,"West Johnston Co.","Johnston",35.59095,-78.4622,1,2020,35,18
2020-01-04,"Bryson City","Swain",35.434767,-83.442133,1,2020,21.5,NA
2020-01-04,"Castle Hayne","New Hanover",34.364167,-77.838611,1,2020,19,NA
2020-01-04,"Clemmons Middle","Forsyth",36.026,-80.342,1,2020,39,NA
2020-01-04,"Durham Armory","Durham",36.0329550008979,-78.904037,1,2020,38.5,NA
2020-01-04,"Frying Pan Mountain","Haywood",35.379167,-82.7925,1,2020,NA,34
2020-01-04,"Garinger High School","Mecklenburg",35.2401000008895,-80.785683,1,2020,18.3333333333333,26
2020-01-04,"Hattie Avenue","Forsyth",36.110693332,-80.2264378,1,2020,32,NA
2020-01-04,"Leggett","Edgecombe",35.988278,-77.5843,1,2020,19.5,NA
2020-01-04,"Mendenhall School","Guilford",36.1090060008986,-79.802314,1,2020,21.5,NA
2020-01-04,"Millbrook School","Wake",35.856111,-78.574167,1,2020,38.6666666666667,28
2020-01-04,"Pitt Agri. Center","Pitt",35.6412760008938,-77.360126,1,2020,24.5,NA
2020-01-04,"West Johnston Co.","Johnston",35.59095,-78.4622,1,2020,26,23
2020-01-05,"Bryson City","Swain",35.434767,-83.442133,1,2020,21.5,NA
2020-01-05,"Castle Hayne","New Hanover",34.364167,-77.838611,1,2020,10,NA
2020-01-05,"Clemmons Middle","Forsyth",36.026,-80.342,1,2020,25,NA
2020-01-05,"Durham Armory","Durham",36.0329550008979,-78.904037,1,2020,30,NA
2020-01-05,"Frying Pan Mountain","Haywood",35.379167,-82.7925,1,2020,13,39
2020-01-05,"Garinger High School","Mecklenburg",35.2401000008895,-80.785683,1,2020,20,30.5
2020-01-05,"Hattie Avenue","Forsyth",36.110693332,-80.2264378,1,2020,22.3333333333333,NA
2020-01-05,"Leggett","Edgecombe",35.988278,-77.5843,1,2020,6,NA
2020-01-05,"Linville Falls","Avery",35.972347,-81.933072,1,2020,15,NA
2020-01-05,"Mendenhall School","Guilford",36.1090060008986,-79.802314,1,2020,14,NA
2020-01-05,"Millbrook School","Wake",35.856111,-78.574167,1,2020,28.75,34.5
2020-01-05,"Pitt Agri. Center","Pitt",35.6412760008938,-77.360126,1,2020,16.6666666666667,NA
2020-01-05,"West Johnston Co.","Johnston",35.59095,-78.4622,1,2020,20,34
2020-01-06,"Bryson City","Swain",35.434767,-83.442133,1,2020,33,NA
2020-01-06,"Castle Hayne","New Hanover",34.364167,-77.838611,1,2020,13,NA
2020-01-06,"Clemmons Middle","Forsyth",36.026,-80.342,1,2020,25,NA
2020-01-06,"Durham Armory","Durham",36.0329550008979,-78.904037,1,2020,29.3333333333333,NA
2020-01-06,"Frying Pan Mountain","Haywood",35.379167,-82.7925,1,2020,NA,40
2020-01-06,"Garinger High School","Mecklenburg",35.2401000008895,-80.785683,1,2020,32.25,30.5
2020-01-06,"Hattie Avenue","Forsyth",36.110693332,-80.2264378,1,2020,15.6666666666667,NA
2020-01-06,"Leggett","Edgecombe",35.988278,-77.5843,1,2020,7,NA
2020-01-06,"Linville Falls","Avery",35.972347,-81.933072,1,2020,4,NA
2020-01-06,"Mendenhall School","Guilford",36.1090060008986,-79.802314,1,2020,18,NA
2020-01-06,"Millbrook School","Wake",35.856111,-78.574167,1,2020,27.75,32
2020-01-06,"Pitt Agri. Center","Pitt",35.6412760008938,-77.360126,1,2020,15.6666666666667,NA
2020-01-06,"West Johnston Co.","Johnston",35.59095,-78.4622,1,2020,28.5,33
2020-01-07,"Bryson City","Swain",35.434767,-83.442133,1,2020,45,NA
2020-01-07,"Castle Hayne","New Hanover",34.364167,-77.838611,1,2020,11,NA
2020-01-07,"Clemmons Middle","Forsyth",36.026,-80.342,1,2020,40.5,NA
2020-01-07,"Durham Armory","Durham",36.0329550008979,-78.904037,1,2020,41,NA
2020-01-07,"Frying Pan Mountain","Haywood",35.379167,-82.7925,1,2020,NA,37
2020-01-07,"Garinger High School","Mecklenburg",35.2401000008895,-80.785683,1,2020,39,29
2020-01-07,"Hattie Avenue","Forsyth",36.110693332,-80.2264378,1,2020,26,NA
2020-01-07,"Leggett","Edgecombe",35.988278,-77.5843,1,2020,12.5,NA
2020-01-07,"Mendenhall School","Guilford",36.1090060008986,-79.802314,1,2020,30,NA
2020-01-07,"Millbrook School","Wake",35.856111,-78.574167,1,2020,42,31.5
2020-01-07,"Pitt Agri. Center","Pitt",35.6412760008938,-77.360126,1,2020,17,NA
2020-01-07,"West Johnston Co.","Johnston",35.59095,-78.4622,1,2020,25,30
2020-01-08,"Bryson City","Swain",35.434767,-83.442133,1,2020,52,NA
2020-01-08,"Castle Hayne","New Hanover",34.364167,-77.838611,1,2020,9.5,NA
2020-01-08,"Clemmons Middle","Forsyth",36.026,-80.342,1,2020,51.5,NA
2020-01-08,"Durham Armory","Durham",36.0329550008979,-78.904037,1,2020,37.3333333333333,NA
2020-01-08,"Frying Pan Mountain","Haywood",35.379167,-82.7925,1,2020,3,42
2020-01-08,"Garinger High School","Mecklenburg",35.2401000008895,-80.785683,1,2020,42,24
2020-01-08,"Hattie Avenue","Forsyth",36.110693332,-80.2264378,1,2020,41.25,NA
2020-01-08,"Leggett","Edgecombe",35.988278,-77.5843,1,2020,30.5,NA
2020-01-08,"Linville Falls","Avery",35.972347,-81.933072,1,2020,22,NA
2020-01-08,"Mendenhall School","Guilford",36.1090060008986,-79.802314,1,2020,37.5,NA
2020-01-08,"Millbrook School","Wake",35.856111,-78.574167,1,2020,44.5,30
2020-01-08,"Pitt Agri. Center","Pitt",35.6412760008938,-77.360126,1,2020,28.6666666666667,NA
2020-01-08,"West Johnston Co.","Johnston",35.59095,-78.4622,1,2020,35,38
2020-01-09,"Bryson City","Swain",35.434767,-83.442133,1,2020,45.5,NA
2020-01-09,"Castle Hayne","New Hanover",34.364167,-77.838611,1,2020,15.5,NA
2020-01-09,"Clemmons Middle","Forsyth",36.026,-80.342,1,2020,27.3333333333333,NA
2020-01-09,"Durham Armory","Durham",36.0329550008979,-78.904037,1,2020,28.3333333333333,NA
2020-01-09,"Frying Pan Mountain","Haywood",35.379167,-82.7925,1,2020,NA,38
2020-01-09,"Garinger High School","Mecklenburg",35.2401000008895,-80.785683,1,2020,19,31
2020-01-09,"Hattie Avenue","Forsyth",36.110693332,-80.2264378,1,2020,24.6666666666667,NA
2020-01-09,"Leggett","Edgecombe",35.988278,-77.5843,1,2020,10.5,NA
2020-01-09,"Linville Falls","Avery",35.972347,-81.933072,1,2020,5,NA
2020-01-09,"Mendenhall School","Guilford",36.1090060008986,-79.802314,1,2020,24,NA
2020-01-09,"Millbrook School","Wake",35.856111,-78.574167,1,2020,23.5,32
2020-01-09,"Pitt Agri. Center","Pitt",35.6412760008938,-77.360126,1,2020,18,NA
2020-01-09,"West Johnston Co.","Johnston",35.59095,-78.4622,1,2020,27.5,35
2020-01-10,"Bryson City","Swain",35.434767,-83.442133,1,2020,38,NA
2020-01-10,"Castle Hayne","New Hanover",34.364167,-77.838611,1,2020,11.5,NA
2020-01-10,"Clemmons Middle","Forsyth",36.026,-80.342,1,2020,33,NA
2020-01-10,"Durham Armory","Durham",36.0329550008979,-78.904037,1,2020,34,NA
2020-01-10,"Frying Pan Mountain","Haywood",35.379167,-82.7925,1,2020,NA,45
2020-01-10,"Garinger High School","Mecklenburg",35.2401000008895,-80.785683,1,2020,24,28
2020-01-10,"Hattie Avenue","Forsyth",36.110693332,-80.2264378,1,2020,28,NA
2020-01-10,"Leggett","Edgecombe",35.988278,-77.5843,1,2020,21.5,NA
2020-01-10,"Mendenhall School","Guilford",36.1090060008986,-79.802314,1,2020,17.5,NA
2020-01-10,"Millbrook School","Wake",35.856111,-78.574167,1,2020,27.6666666666667,30
2020-01-10,"Pitt Agri. Center","Pitt",35.6412760008938,-77.360126,1,2020,26,NA
2020-01-10,"West Johnston Co.","Johnston",35.59095,-78.4622,1,2020,26.5,27
2020-01-11,"Bryson City","Swain",35.434767,-83.442133,1,2020,28,NA
2020-01-11,"Castle Hayne","New Hanover",34.364167,-77.838611,1,2020,14,NA
2020-01-11,"Clemmons Middle","Forsyth",36.026,-80.342,1,2020,47.5,NA
2020-01-11,"Durham Armory","Durham",36.0329550008979,-78.904037,1,2020,44,NA
2020-01-11,"Frying Pan Mountain","Haywood",35.379167,-82.7925,1,2020,0,51
2020-01-11,"Garinger High School","Mecklenburg",35.2401000008895,-80.785683,1,2020,33,27.5
2020-01-11,"Hattie Avenue","Forsyth",36.110693332,-80.2264378,1,2020,43.3333333333333,NA
2020-01-11,"Leggett","Edgecombe",35.988278,-77.5843,1,2020,22.5,NA
2020-01-11,"Linville Falls","Avery",35.972347,-81.933072,1,2020,3,NA
2020-01-11,"Mendenhall School","Guilford",36.1090060008986,-79.802314,1,2020,40,NA
2020-01-11,"Millbrook School","Wake",35.856111,-78.574167,1,2020,31.25,27
2020-01-11,"Pitt Agri. Center","Pitt",35.6412760008938,-77.360126,1,2020,24.6666666666667,NA
2020-01-11,"West Johnston Co.","Johnston",35.59095,-78.4622,1,2020,38.5,29
2020-01-12,"Bryson City","Swain",35.434767,-83.442133,1,2020,28.5,NA
2020-01-12,"Castle Hayne","New Hanover",34.364167,-77.838611,1,2020,9,NA
2020-01-12,"Clemmons Middle","Forsyth",36.026,-80.342,1,2020,40,NA
2020-01-12,"Durham Armory","Durham",36.0329550008979,-78.904037,1,2020,31.3333333333333,NA
2020-01-12,"Frying Pan Mountain","Haywood",35.379167,-82.7925,1,2020,13,37
2020-01-12,"Garinger High School","Mecklenburg",35.2401000008895,-80.785683,1,2020,36.75,30
2020-01-12,"Hattie Avenue","Forsyth",36.110693332,-80.2264378,1,2020,42,NA
2020-01-12,"Leggett","Edgecombe",35.988278,-77.5843,1,2020,12.5,NA
2020-01-12,"Linville Falls","Avery",35.972347,-81.933072,1,2020,26,NA
2020-01-12,"Mendenhall School","Guilford",36.1090060008986,-79.802314,1,2020,27.5,NA
2020-01-12,"Millbrook School","Wake",35.856111,-78.574167,1,2020,33,32
2020-01-12,"Pitt Agri. Center","Pitt",35.6412760008938,-77.360126,1,2020,18.3333333333333,NA
2020-01-12,"West Johnston Co.","Johnston",35.59095,-78.4622,1,2020,24,30
2020-01-13,"Bryson City","Swain",35.434767,-83.442133,1,2020,17,NA
2020-01-13,"Castle Hayne","New Hanover",34.364167,-77.838611,1,2020,6.5,NA
2020-01-13,"Clemmons Middle","Forsyth",36.026,-80.342,1,2020,14.5,NA
2020-01-13,"Durham Armory","Durham",36.0329550008979,-78.904037,1,2020,24,NA
2020-01-13,"Frying Pan Mountain","Haywood",35.379167,-82.7925,1,2020,NA,36
2020-01-13,"Garinger High School","Mecklenburg",35.2401000008895,-80.785683,1,2020,15,27.5
2020-01-13,"Hattie Avenue","Forsyth",36.110693332,-80.2264378,1,2020,13.5,NA
2020-01-13,"Leggett","Edgecombe",35.988278,-77.5843,1,2020,1.5,NA
2020-01-13,"Mendenhall School","Guilford",36.1090060008986,-79.802314,1,2020,8.5,NA
2020-01-13,"Millbrook School","Wake",35.856111,-78.574167,1,2020,20.3333333333333,30.5
2020-01-13,"Pitt Agri. Center","Pitt",35.6412760008938,-77.360126,1,2020,5.5,NA
2020-01-13,"West Johnston Co.","Johnston",35.59095,-78.4622,1,2020,8,29
2020-01-14,"Bryson City","Swain",35.434767,-83.442133,1,2020,18,NA
2020-01-14,"Castle Hayne","New Hanover",34.364167,-77.838611,1,2020,13,NA
2020-01-14,"Clemmons Middle","Forsyth",36.026,-80.342,1,2020,29.5,NA
2020-01-14,"Durham Armory","Durham",36.0329550008979,-78.904037,1,2020,28,NA
2020-01-14,"Frying Pan Mountain","Haywood",35.379167,-82.7925,1,2020,6,28
2020-01-14,"Garinger High School","Mecklenburg",35.2401000008895,-80.785683,1,2020,25.25,25.5
2020-01-14,"Hattie Avenue","Forsyth",36.110693332,-80.2264378,1,2020,24.75,NA
2020-01-14,"Leggett","Edgecombe",35.988278,-77.5843,1,2020,15.5,NA
2020-01-14,"Linville Falls","Avery",35.972347,-81.933072,1,2020,10,NA
2020-01-14,"Mendenhall School","Guilford",36.1090060008986,-79.802314,1,2020,21.5,NA
2020-01-14,"Millbrook School","Wake",35.856111,-78.574167,1,2020,33.25,29
2020-01-14,"Pitt Agri. Center","Pitt",35.6412760008938,-77.360126,1,2020,19.6666666666667,NA
2020-01-14,"West Johnston Co.","Johnston",35.59095,-78.4622,1,2020,21.5,29
2020-01-15,"Bryson City","Swain",35.434767,-83.442133,1,2020,28,NA
2020-01-15,"Castle Hayne","New Hanover",34.364167,-77.838611,1,2020,25,NA
2020-01-15,"Clemmons Middle","Forsyth",36.026,-80.342,1,2020,36.3333333333333,NA
2020-01-15,"Durham Armory","Durham",36.0329550008979,-78.904037,1,2020,48,NA
2020-01-15,"Frying Pan Mountain","Haywood",35.379167,-82.7925,1,2020,4,44
2020-01-15,"Garinger High School","Mecklenburg",35.2401000008895,-80.785683,1,2020,33,24.5
2020-01-15,"Hattie Avenue","Forsyth",36.110693332,-80.2264378,1,2020,39,NA
2020-01-15,"Leggett","Edgecombe",35.988278,-77.5843,1,2020,24,NA
2020-01-15,"Linville Falls","Avery",35.972347,-81.933072,1,2020,11,NA
2020-01-15,"Mendenhall School","Guilford",36.1090060008986,-79.802314,1,2020,35,NA
2020-01-15,"Millbrook School","Wake",35.856111,-78.574167,1,2020,47.75,22
2020-01-15,"Pitt Agri. Center","Pitt",35.6412760008938,-77.360126,1,2020,37.3333333333333,NA
2020-01-15,"West Johnston Co.","Johnston",35.59095,-78.4622,1,2020,37.5,23
2020-01-16,"Bryson City","Swain",35.434767,-83.442133,1,2020,39.5,NA
2020-01-16,"Castle Hayne","New Hanover",34.364167,-77.838611,1,2020,24.5,NA
2020-01-16,"Clemmons Middle","Forsyth",36.026,-80.342,1,2020,55,NA
2020-01-16,"Durham Armory","Durham",36.0329550008979,-78.904037,1,2020,57,NA
2020-01-16,"Frying Pan Mountain","Haywood",35.379167,-82.7925,1,2020,NA,44
2020-01-16,"Garinger High School","Mecklenburg",35.2401000008895,-80.785683,1,2020,45.6666666666667,27.5
2020-01-16,"Hattie Avenue","Forsyth",36.110693332,-80.2264378,1,2020,53,NA
2020-01-16,"Leggett","Edgecombe",35.988278,-77.5843,1,2020,29.5,NA
2020-01-16,"Mendenhall School","Guilford",36.1090060008986,-79.802314,1,2020,50.5,NA
2020-01-16,"Millbrook School","Wake",35.856111,-78.574167,1,2020,57,25.5
2020-01-16,"Pitt Agri. Center","Pitt",35.6412760008938,-77.360126,1,2020,44.5,NA
2020-01-16,"West Johnston Co.","Johnston",35.59095,-78.4622,1,2020,47.5,31
2020-01-17,"Bryson City","Swain",35.434767,-83.442133,1,2020,44,NA
2020-01-17,"Castle Hayne","New Hanover",34.364167,-77.838611,1,2020,27,NA
2020-01-17,"Clemmons Middle","Forsyth",36.026,-80.342,1,2020,51,NA
2020-01-17,"Durham Armory","Durham",36.0329550008979,-78.904037,1,2020,52,NA
2020-01-17,"Frying Pan Mountain","Haywood",35.379167,-82.7925,1,2020,15,40
2020-01-17,"Garinger High School","Mecklenburg",35.2401000008895,-80.785683,1,2020,37.75,24
2020-01-17,"Hattie Avenue","Forsyth",36.110693332,-80.2264378,1,2020,45,NA
2020-01-17,"Leggett","Edgecombe",35.988278,-77.5843,1,2020,29.5,NA
2020-01-17,"Linville Falls","Avery",35.972347,-81.933072,1,2020,19,NA
2020-01-17,"Mendenhall School","Guilford",36.1090060008986,-79.802314,1,2020,43.5,NA
2020-01-17,"Millbrook School","Wake",35.856111,-78.574167,1,2020,51,27
2020-01-17,"Pitt Agri. Center","Pitt",35.6412760008938,-77.360126,1,2020,42,NA
2020-01-17,"West Johnston Co.","Johnston",35.59095,-78.4622,1,2020,50.5,26
2020-01-18,"Bryson City","Swain",35.434767,-83.442133,1,2020,39.5,NA
2020-01-18,"Castle Hayne","New Hanover",34.364167,-77.838611,1,2020,29,NA
2020-01-18,"Clemmons Middle","Forsyth",36.026,-80.342,1,2020,52,NA
2020-01-18,"Durham Armory","Durham",36.0329550008979,-78.904037,1,2020,44,NA
2020-01-18,"Frying Pan Mountain","Haywood",35.379167,-82.7925,1,2020,4,31
2020-01-18,"Garinger High School","Mecklenburg",35.2401000008895,-80.785683,1,2020,52.5,22.5
2020-01-18,"Hattie Avenue","Forsyth",36.110693332,-80.2264378,1,2020,51.6666666666667,NA
2020-01-18,"Leggett","Edgecombe",35.988278,-77.5843,1,2020,26,NA
2020-01-18,"Linville Falls","Avery",35.972347,-81.933072,1,2020,5,NA
2020-01-18,"Mendenhall School","Guilford",36.1090060008986,-79.802314,1,2020,40,NA
2020-01-18,"Millbrook School","Wake",35.856111,-78.574167,1,2020,46.5,31
2020-01-18,"Pitt Agri. Center","Pitt",35.6412760008938,-77.360126,1,2020,30.3333333333333,NA
2020-01-18,"West Johnston Co.","Johnston",35.59095,-78.4622,1,2020,45,27
2020-01-19,"Bryson City","Swain",35.434767,-83.442133,1,2020,41,NA
2020-01-19,"Castle Hayne","New Hanover",34.364167,-77.838611,1,2020,19,NA
2020-01-19,"Clemmons Middle","Forsyth",36.026,-80.342,1,2020,56.5,NA
2020-01-19,"Durham Armory","Durham",36.0329550008979,-78.904037,1,2020,54.5,NA
2020-01-19,"Frying Pan Mountain","Haywood",35.379167,-82.7925,1,2020,NA,36
2020-01-19,"Garinger High School","Mecklenburg",35.2401000008895,-80.785683,1,2020,52.3333333333333,28.5
2020-01-19,"Hattie Avenue","Forsyth",36.110693332,-80.2264378,1,2020,44.5,NA
2020-01-19,"Leggett","Edgecombe",35.988278,-77.5843,1,2020,22.5,NA
2020-01-19,"Mendenhall School","Guilford",36.1090060008986,-79.802314,1,2020,33.5,NA
2020-01-19,"Millbrook School","Wake",35.856111,-78.574167,1,2020,49.6666666666667,32.5
2020-01-19,"Pitt Agri. Center","Pitt",35.6412760008938,-77.360126,1,2020,31,NA
2020-01-19,"West Johnston Co.","Johnston",35.59095,-78.4622,1,2020,40.5,32
2020-01-20,"Bryson City","Swain",35.434767,-83.442133,1,2020,33,NA
2020-01-20,"Castle Hayne","New Hanover",34.364167,-77.838611,1,2020,14.5,NA
2020-01-20,"Clemmons Middle","Forsyth",36.026,-80.342,1,2020,41,NA
2020-01-20,"Durham Armory","Durham",36.0329550008979,-78.904037,1,2020,40.6666666666667,NA
2020-01-20,"Frying Pan Mountain","Haywood",35.379167,-82.7925,1,2020,6,40
2020-01-20,"Garinger High School","Mecklenburg",35.2401000008895,-80.785683,1,2020,30,32
2020-01-20,"Hattie Avenue","Forsyth",36.110693332,-80.2264378,1,2020,31,NA
2020-01-20,"Leggett","Edgecombe",35.988278,-77.5843,1,2020,18.5,NA
2020-01-20,"Linville Falls","Avery",35.972347,-81.933072,1,2020,8,NA
2020-01-20,"Mendenhall School","Guilford",36.1090060008986,-79.802314,1,2020,21.5,NA
2020-01-20,"Millbrook School","Wake",35.856111,-78.574167,1,2020,38,35
2020-01-20,"Pitt Agri. Center","Pitt",35.6412760008938,-77.360126,1,2020,30.3333333333333,NA
2020-01-20,"West Johnston Co.","Johnston",35.59095,-78.4622,1,2020,27,35
2020-01-21,"Bryson City","Swain",35.434767,-83.442133,1,2020,39.5,NA
2020-01-21,"Castle Hayne","New Hanover",34.364167,-77.838611,1,2020,6,NA
2020-01-21,"Clemmons Middle","Forsyth",36.026,-80.342,1,2020,26,NA
2020-01-21,"Durham Armory","Durham",36.0329550008979,-78.904037,1,2020,29,NA
2020-01-21,"Frying Pan Mountain","Haywood",35.379167,-82.7925,1,2020,4,44
2020-01-21,"Garinger High School","Mecklenburg",35.2401000008895,-80.785683,1,2020,29.75,34
2020-01-21,"Hattie Avenue","Forsyth",36.110693332,-80.2264378,1,2020,24.6666666666667,NA
2020-01-21,"Leggett","Edgecombe",35.988278,-77.5843,1,2020,11.5,NA
2020-01-21,"Linville Falls","Avery",35.972347,-81.933072,1,2020,6,NA
2020-01-21,"Mendenhall School","Guilford",36.1090060008986,-79.802314,1,2020,23.5,NA
2020-01-21,"Millbrook School","Wake",35.856111,-78.574167,1,2020,35,35.5
2020-01-21,"Pitt Agri. Center","Pitt",35.6412760008938,-77.360126,1,2020,19.3333333333333,NA
2020-01-21,"West Johnston Co.","Johnston",35.59095,-78.4622,1,2020,27,36
2020-01-22,"Bryson City","Swain",35.434767,-83.442133,1,2020,44,NA
2020-01-22,"Castle Hayne","New Hanover",34.364167,-77.838611,1,2020,15,NA
2020-01-22,"Clemmons Middle","Forsyth",36.026,-80.342,1,2020,45.5,NA
2020-01-22,"Durham Armory","Durham",36.0329550008979,-78.904037,1,2020,49.5,NA
2020-01-22,"Garinger High School","Mecklenburg",35.2401000008895,-80.785683,1,2020,37,34
2020-01-22,"Hattie Avenue","Forsyth",36.110693332,-80.2264378,1,2020,38.5,NA
2020-01-22,"Leggett","Edgecombe",35.988278,-77.5843,1,2020,22.5,NA
2020-01-22,"Mendenhall School","Guilford",36.1090060008986,-79.802314,1,2020,32,NA
2020-01-22,"Millbrook School","Wake",35.856111,-78.574167,1,2020,46.3333333333333,32
2020-01-22,"Pitt Agri. Center","Pitt",35.6412760008938,-77.360126,1,2020,29.5,NA
2020-01-22,"West Johnston Co.","Johnston",35.59095,-78.4622,1,2020,39,NA
2020-01-23,"Bryson City","Swain",35.434767,-83.442133,1,2020,18,NA
2020-01-23,"Castle Hayne","New Hanover",34.364167,-77.838611,1,2020,8,NA
2020-01-23,"Clemmons Middle","Forsyth",36.026,-80.342,1,2020,39.5,NA
2020-01-23,"Durham Armory","Durham",36.0329550008979,-78.904037,1,2020,26,NA
2020-01-23,"Frying Pan Mountain","Haywood",35.379167,-82.7925,1,2020,11,37
2020-01-23,"Garinger High School","Mecklenburg",35.2401000008895,-80.785683,1,2020,18.75,33.5
2020-01-23,"Hattie Avenue","Forsyth",36.110693332,-80.2264378,1,2020,29,NA
2020-01-23,"Leggett","Edgecombe",35.988278,-77.5843,1,2020,12,NA
2020-01-23,"Linville Falls","Avery",35.972347,-81.933072,1,2020,10,NA
2020-01-23,"Mendenhall School","Guilford",36.1090060008986,-79.802314,1,2020,25.5,NA
2020-01-23,"Millbrook School","Wake",35.856111,-78.574167,1,2020,28.25,36
2020-01-23,"Pitt Agri. Center","Pitt",35.6412760008938,-77.360126,1,2020,17.6666666666667,NA
2020-01-23,"West Johnston Co.","Johnston",35.59095,-78.4622,1,2020,19,37
2020-01-24,"Bryson City","Swain",35.434767,-83.442133,1,2020,19.5,NA
2020-01-24,"Castle Hayne","New Hanover",34.364167,-77.838611,1,2020,8.5,NA
2020-01-24,"Clemmons Middle","Forsyth",36.026,-80.342,1,2020,17,NA
2020-01-24,"Durham Armory","Durham",36.0329550008979,-78.904037,1,2020,19.6666666666667,NA
2020-01-24,"Frying Pan Mountain","Haywood",35.379167,-82.7925,1,2020,4,35
2020-01-24,"Garinger High School","Mecklenburg",35.2401000008895,-80.785683,1,2020,10.5,28
2020-01-24,"Hattie Avenue","Forsyth",36.110693332,-80.2264378,1,2020,11.3333333333333,NA
2020-01-24,"Leggett","Edgecombe",35.988278,-77.5843,1,2020,1.5,NA
2020-01-24,"Linville Falls","Avery",35.972347,-81.933072,1,2020,6,NA
2020-01-24,"Mendenhall School","Guilford",36.1090060008986,-79.802314,1,2020,8,NA
2020-01-24,"Millbrook School","Wake",35.856111,-78.574167,1,2020,16.25,31
2020-01-24,"Pitt Agri. Center","Pitt",35.6412760008938,-77.360126,1,2020,9.66666666666667,NA
2020-01-24,"West Johnston Co.","Johnston",35.59095,-78.4622,1,2020,9.5,32
2020-01-25,"Bryson City","Swain",35.434767,-83.442133,1,2020,28,NA
2020-01-25,"Castle Hayne","New Hanover",34.364167,-77.838611,1,2020,9.5,NA
2020-01-25,"Clemmons Middle","Forsyth",36.026,-80.342,1,2020,34.5,NA
2020-01-25,"Durham Armory","Durham",36.0329550008979,-78.904037,1,2020,41.5,NA
2020-01-25,"Frying Pan Mountain","Haywood",35.379167,-82.7925,1,2020,NA,44
2020-01-25,"Garinger High School","Mecklenburg",35.2401000008895,-80.785683,1,2020,30,31.5
2020-01-25,"Hattie Avenue","Forsyth",36.110693332,-80.2264378,1,2020,32,NA
2020-01-25,"Leggett","Edgecombe",35.988278,-77.5843,1,2020,9,NA
2020-01-25,"Mendenhall School","Guilford",36.1090060008986,-79.802314,1,2020,27,NA
2020-01-25,"Millbrook School","Wake",35.856111,-78.574167,1,2020,38,32
2020-01-25,"Pitt Agri. Center","Pitt",35.6412760008938,-77.360126,1,2020,19.5,NA
2020-01-25,"West Johnston Co.","Johnston",35.59095,-78.4622,1,2020,24,33
2020-01-26,"Bryson City","Swain",35.434767,-83.442133,1,2020,47.5,NA
2020-01-26,"Castle Hayne","New Hanover",34.364167,-77.838611,1,2020,13.5,NA
2020-01-26,"Clemmons Middle","Forsyth",36.026,-80.342,1,2020,55,NA
2020-01-26,"Durham Armory","Durham",36.0329550008979,-78.904037,1,2020,49,NA
2020-01-26,"Frying Pan Mountain","Haywood",35.379167,-82.7925,1,2020,8,43
2020-01-26,"Garinger High School","Mecklenburg",35.2401000008895,-80.785683,1,2020,43,33.5
2020-01-26,"Hattie Avenue","Forsyth",36.110693332,-80.2264378,1,2020,53.75,NA
2020-01-26,"Leggett","Edgecombe",35.988278,-77.5843,1,2020,14.5,NA
2020-01-26,"Linville Falls","Avery",35.972347,-81.933072,1,2020,18,NA
2020-01-26,"Mendenhall School","Guilford",36.1090060008986,-79.802314,1,2020,50.5,NA
2020-01-26,"Millbrook School","Wake",35.856111,-78.574167,1,2020,51.75,32
2020-01-26,"Pitt Agri. Center","Pitt",35.6412760008938,-77.360126,1,2020,25.6666666666667,NA
2020-01-26,"West Johnston Co.","Johnston",35.59095,-78.4622,1,2020,42,36
2020-01-27,"Bryson City","Swain",35.434767,-83.442133,1,2020,54,NA
2020-01-27,"Castle Hayne","New Hanover",34.364167,-77.838611,1,2020,18,NA
2020-01-27,"Clemmons Middle","Forsyth",36.026,-80.342,1,2020,55.3333333333333,NA
2020-01-27,"Durham Armory","Durham",36.0329550008979,-78.904037,1,2020,48.3333333333333,NA
2020-01-27,"Frying Pan Mountain","Haywood",35.379167,-82.7925,1,2020,9,43
2020-01-27,"Garinger High School","Mecklenburg",35.2401000008895,-80.785683,1,2020,45.5,31
2020-01-27,"Hattie Avenue","Forsyth",36.110693332,-80.2264378,1,2020,57.3333333333333,NA
2020-01-27,"Leggett","Edgecombe",35.988278,-77.5843,1,2020,22.5,NA
2020-01-27,"Linville Falls","Avery",35.972347,-81.933072,1,2020,15,NA
2020-01-27,"Mendenhall School","Guilford",36.1090060008986,-79.802314,1,2020,52.5,NA
2020-01-27,"Millbrook School","Wake",35.856111,-78.574167,1,2020,54,35
2020-01-27,"Pitt Agri. Center","Pitt",35.6412760008938,-77.360126,1,2020,34.3333333333333,NA
2020-01-27,"West Johnston Co.","Johnston",35.59095,-78.4622,1,2020,36.5,34
2020-01-28,"Bryson City","Swain",35.434767,-83.442133,1,2020,40,NA
2020-01-28,"Castle Hayne","New Hanover",34.364167,-77.838611,1,2020,12,NA
2020-01-28,"Clemmons Middle","Forsyth",36.026,-80.342,1,2020,57.5,NA
2020-01-28,"Durham Armory","Durham",36.0329550008979,-78.904037,1,2020,32,NA
2020-01-28,"Frying Pan Mountain","Haywood",35.379167,-82.7925,1,2020,NA,43
2020-01-28,"Garinger High School","Mecklenburg",35.2401000008895,-80.785683,1,2020,38.25,33
2020-01-28,"Hattie Avenue","Forsyth",36.110693332,-80.2264378,1,2020,41,NA
2020-01-28,"Leggett","Edgecombe",35.988278,-77.5843,1,2020,12.5,NA
2020-01-28,"Mendenhall School","Guilford",36.1090060008986,-79.802314,1,2020,33.5,NA
2020-01-28,"Millbrook School","Wake",35.856111,-78.574167,1,2020,34,31.5
2020-01-28,"Pitt Agri. Center","Pitt",35.6412760008938,-77.360126,1,2020,11,NA
2020-01-28,"West Johnston Co.","Johnston",35.59095,-78.4622,1,2020,22,34
2020-01-29,"Bryson City","Swain",35.434767,-83.442133,1,2020,31,NA
2020-01-29,"Castle Hayne","New Hanover",34.364167,-77.838611,1,2020,9.5,NA
2020-01-29,"Clemmons Middle","Forsyth",36.026,-80.342,1,2020,31.5,NA
2020-01-29,"Durham Armory","Durham",36.0329550008979,-78.904037,1,2020,24.6666666666667,NA
2020-01-29,"Frying Pan Mountain","Haywood",35.379167,-82.7925,1,2020,4,42
2020-01-29,"Garinger High School","Mecklenburg",35.2401000008895,-80.785683,1,2020,22.5,27
2020-01-29,"Hattie Avenue","Forsyth",36.110693332,-80.2264378,1,2020,21.3333333333333,NA
2020-01-29,"Leggett","Edgecombe",35.988278,-77.5843,1,2020,9,NA
2020-01-29,"Linville Falls","Avery",35.972347,-81.933072,1,2020,7,NA
2020-01-29,"Mendenhall School","Guilford",36.1090060008986,-79.802314,1,2020,23,NA
2020-01-29,"Millbrook School","Wake",35.856111,-78.574167,1,2020,30.75,30
2020-01-29,"Pitt Agri. Center","Pitt",35.6412760008938,-77.360126,1,2020,12.3333333333333,NA
2020-01-29,"West Johnston Co.","Johnston",35.59095,-78.4622,1,2020,18.5,41
2020-01-30,"Bryson City","Swain",35.434767,-83.442133,1,2020,31.5,NA
2020-01-30,"Castle Hayne","New Hanover",34.364167,-77.838611,1,2020,6.5,NA
2020-01-30,"Clemmons Middle","Forsyth",36.026,-80.342,1,2020,22.5,NA
2020-01-30,"Durham Armory","Durham",36.0329550008979,-78.904037,1,2020,28,35
2020-01-30,"Frying Pan Mountain","Haywood",35.379167,-82.7925,1,2020,5,43
2020-01-30,"Garinger High School","Mecklenburg",35.2401000008895,-80.785683,1,2020,18.25,33
2020-01-30,"Hattie Avenue","Forsyth",36.110693332,-80.2264378,1,2020,19,NA
2020-01-30,"Leggett","Edgecombe",35.988278,-77.5843,1,2020,13,35
2020-01-30,"Linville Falls","Avery",35.972347,-81.933072,1,2020,7,NA
2020-01-30,"Mendenhall School","Guilford",36.1090060008986,-79.802314,1,2020,14.5,NA
2020-01-30,"Millbrook School","Wake",35.856111,-78.574167,1,2020,26.75,34
2020-01-30,"Pitt Agri. Center","Pitt",35.6412760008938,-77.360126,1,2020,16.6666666666667,NA
2020-01-30,"West Johnston Co.","Johnston",35.59095,-78.4622,1,2020,17.5,37
2020-01-31,"Bryson City","Swain",35.434767,-83.442133,1,2020,39,NA
2020-01-31,"Castle Hayne","New Hanover",34.364167,-77.838611,1,2020,8.5,NA
2020-01-31,"Clemmons Middle","Forsyth",36.026,-80.342,1,2020,31.5,NA
2020-01-31,"Durham Armory","Durham",36.0329550008979,-78.904037,1,2020,37.5,33
2020-01-31,"Frying Pan Mountain","Haywood",35.379167,-82.7925,1,2020,NA,43
2020-01-31,"Garinger High School","Mecklenburg",35.2401000008895,-80.785683,1,2020,30,32.5
2020-01-31,"Hattie Avenue","Forsyth",36.110693332,-80.2264378,1,2020,27.5,NA
2020-01-31,"Leggett","Edgecombe",35.988278,-77.5843,1,2020,12.5,36
2020-01-31,"Mendenhall School","Guilford",36.1090060008986,-79.802314,1,2020,25.5,NA
2020-01-31,"Millbrook School","Wake",35.856111,-78.574167,1,2020,31.3333333333333,33
2020-01-31,"Pitt Agri. Center","Pitt",35.6412760008938,-77.360126,1,2020,19.5,NA
2020-01-31,"West Johnston Co.","Johnston",35.59095,-78.4622,1,2020,21,37
2020-02-01,"Bryson City","Swain",35.434767,-83.442133,2,2020,56,NA
2020-02-01,"Castle Hayne","New Hanover",34.364167,-77.838611,2,2020,14,NA
2020-02-01,"Clemmons Middle","Forsyth",36.026,-80.342,2,2020,55,NA
2020-02-01,"Durham Armory","Durham",36.0329550008979,-78.904037,2,2020,41,34
2020-02-01,"Frying Pan Mountain","Haywood",35.379167,-82.7925,2,2020,12,44
2020-02-01,"Garinger High School","Mecklenburg",35.2401000008895,-80.785683,2,2020,38.5,36
2020-02-01,"Hattie Avenue","Forsyth",36.110693332,-80.2264378,2,2020,42.5,NA
2020-02-01,"Leggett","Edgecombe",35.988278,-77.5843,2,2020,24,38
2020-02-01,"Linville Falls","Avery",35.972347,-81.933072,2,2020,24,NA
2020-02-01,"Mendenhall School","Guilford",36.1090060008986,-79.802314,2,2020,45,NA
2020-02-01,"Millbrook School","Wake",35.856111,-78.574167,2,2020,38.25,37.5
2020-02-01,"Pitt Agri. Center","Pitt",35.6412760008938,-77.360126,2,2020,24,NA
2020-02-01,"West Johnston Co.","Johnston",35.59095,-78.4622,2,2020,38.5,40
2020-02-02,"Bryson City","Swain",35.434767,-83.442133,2,2020,30,NA
2020-02-02,"Castle Hayne","New Hanover",34.364167,-77.838611,2,2020,20,NA
2020-02-02,"Clemmons Middle","Forsyth",36.026,-80.342,2,2020,38,NA
2020-02-02,"Durham Armory","Durham",36.0329550008979,-78.904037,2,2020,42.6666666666667,26
2020-02-02,"Frying Pan Mountain","Haywood",35.379167,-82.7925,2,2020,9,47
2020-02-02,"Garinger High School","Mecklenburg",35.2401000008895,-80.785683,2,2020,44,38
2020-02-02,"Hattie Avenue","Forsyth",36.110693332,-80.2264378,2,2020,41.3333333333333,NA
2020-02-02,"Leggett","Edgecombe",35.988278,-77.5843,2,2020,26,30
2020-02-02,"Linville Falls","Avery",35.972347,-81.933072,2,2020,14,NA
2020-02-02,"Mendenhall School","Guilford",36.1090060008986,-79.802314,2,2020,32.5,NA
2020-02-02,"Millbrook School","Wake",35.856111,-78.574167,2,2020,52.25,31.5
2020-02-02,"Pitt Agri. Center","Pitt",35.6412760008938,-77.360126,2,2020,40.5,NA
2020-02-02,"West Johnston Co.","Johnston",35.59095,-78.4622,2,2020,35,34
2020-02-03,"Bryson City","Swain",35.434767,-83.442133,2,2020,40,NA
2020-02-03,"Castle Hayne","New Hanover",34.364167,-77.838611,2,2020,8,NA
2020-02-03,"Clemmons Middle","Forsyth",36.026,-80.342,2,2020,57.5,NA
2020-02-03,"Durham Armory","Durham",36.0329550008979,-78.904037,2,2020,48.5,19
2020-02-03,"Frying Pan Mountain","Haywood",35.379167,-82.7925,2,2020,NA,46
2020-02-03,"Garinger High School","Mecklenburg",35.2401000008895,-80.785683,2,2020,46.6666666666667,37.5
2020-02-03,"Hattie Avenue","Forsyth",36.110693332,-80.2264378,2,2020,44.5,NA
2020-02-03,"Leggett","Edgecombe",35.988278,-77.5843,2,2020,24.5,32
2020-02-03,"Mendenhall School","Guilford",36.1090060008986,-79.802314,2,2020,46.5,NA
2020-02-03,"Millbrook School","Wake",35.856111,-78.574167,2,2020,55.6666666666667,31.5
2020-02-03,"Pitt Agri. Center","Pitt",35.6412760008938,-77.360126,2,2020,35,NA
2020-02-03,"West Johnston Co.","Johnston",35.59095,-78.4622,2,2020,39.5,38
2020-02-04,"Bryson City","Swain",35.434767,-83.442133,2,2020,45.5,NA
2020-02-04,"Castle Hayne","New Hanover",34.364167,-77.838611,2,2020,12,NA
2020-02-04,"Clemmons Middle","Forsyth",36.026,-80.342,2,2020,50,NA
2020-02-04,"Durham Armory","Durham",36.0329550008979,-78.904037,2,2020,39.3333333333333,39
2020-02-04,"Frying Pan Mountain","Haywood",35.379167,-82.7925,2,2020,2,44
2020-02-04,"Garinger High School","Mecklenburg",35.2401000008895,-80.785683,2,2020,46.75,30
2020-02-04,"Hattie Avenue","Forsyth",36.110693332,-80.2264378,2,2020,39.5,NA
2020-02-04,"Leggett","Edgecombe",35.988278,-77.5843,2,2020,28,43
2020-02-04,"Linville Falls","Avery",35.972347,-81.933072,2,2020,5,NA
2020-02-04,"Mendenhall School","Guilford",36.1090060008986,-79.802314,2,2020,41.5,NA
2020-02-04,"Millbrook School","Wake",35.856111,-78.574167,2,2020,40.75,37
2020-02-04,"Pitt Agri. Center","Pitt",35.6412760008938,-77.360126,2,2020,17,NA
2020-02-04,"West Johnston Co.","Johnston",35.59095,-78.4622,2,2020,29,43
2020-02-05,"Bryson City","Swain",35.434767,-83.442133,2,2020,40.5,NA
2020-02-05,"Castle Hayne","New Hanover",34.364167,-77.838611,2,2020,26.5,NA
2020-02-05,"Clemmons Middle","Forsyth",36.026,-80.342,2,2020,38,NA
2020-02-05,"Durham Armory","Durham",36.0329550008979,-78.904037,2,2020,42,31
2020-02-05,"Frying Pan Mountain","Haywood",35.379167,-82.7925,2,2020,17,37
2020-02-05,"Garinger High School","Mecklenburg",35.2401000008895,-80.785683,2,2020,37.25,31.5
2020-02-05,"Hattie Avenue","Forsyth",36.110693332,-80.2264378,2,2020,33.3333333333333,NA
2020-02-05,"Leggett","Edgecombe",35.988278,-77.5843,2,2020,20,37
2020-02-05,"Linville Falls","Avery",35.972347,-81.933072,2,2020,20,NA
2020-02-05,"Mendenhall School","Guilford",36.1090060008986,-79.802314,2,2020,34,NA
2020-02-05,"Millbrook School","Wake",35.856111,-78.574167,2,2020,47,31.5
2020-02-05,"Pitt Agri. Center","Pitt",35.6412760008938,-77.360126,2,2020,32,NA
2020-02-05,"West Johnston Co.","Johnston",35.59095,-78.4622,2,2020,32,38
2020-02-06,"Bryson City","Swain",35.434767,-83.442133,2,2020,60.5,NA
2020-02-06,"Castle Hayne","New Hanover",34.364167,-77.838611,2,2020,28.5,NA
2020-02-06,"Clemmons Middle","Forsyth",36.026,-80.342,2,2020,37.5,NA
2020-02-06,"Durham Armory","Durham",36.0329550008979,-78.904037,2,2020,51,33
2020-02-06,"Frying Pan Mountain","Haywood",35.379167,-82.7925,2,2020,NA,36
2020-02-06,"Garinger High School","Mecklenburg",35.2401000008895,-80.785683,2,2020,40.6666666666667,22.5
2020-02-06,"Hattie Avenue","Forsyth",36.110693332,-80.2264378,2,2020,37,NA
2020-02-06,"Leggett","Edgecombe",35.988278,-77.5843,2,2020,36,39
2020-02-06,"Mendenhall School","Guilford",36.1090060008986,-79.802314,2,2020,38,NA
2020-02-06,"Millbrook School","Wake",35.856111,-78.574167,2,2020,54.3333333333333,33.5
2020-02-06,"Pitt Agri. Center","Pitt",35.6412760008938,-77.360126,2,2020,45,NA
2020-02-06,"West Johnston Co.","Johnston",35.59095,-78.4622,2,2020,44.5,37
2020-02-07,"Bryson City","Swain",35.434767,-83.442133,2,2020,31,NA
2020-02-07,"Castle Hayne","New Hanover",34.364167,-77.838611,2,2020,16.5,NA
2020-02-07,"Clemmons Middle","Forsyth",36.026,-80.342,2,2020,24,NA
2020-02-07,"Durham Armory","Durham",36.0329550008979,-78.904037,2,2020,35,30
2020-02-07,"Frying Pan Mountain","Haywood",35.379167,-82.7925,2,2020,2,34
2020-02-07,"Garinger High School","Mecklenburg",35.2401000008895,-80.785683,2,2020,28.25,28
2020-02-07,"Hattie Avenue","Forsyth",36.110693332,-80.2264378,2,2020,25.6666666666667,NA
2020-02-07,"Leggett","Edgecombe",35.988278,-77.5843,2,2020,32,31
2020-02-07,"Linville Falls","Avery",35.972347,-81.933072,2,2020,9,NA
2020-02-07,"Mendenhall School","Guilford",36.1090060008986,-79.802314,2,2020,28.5,NA
2020-02-07,"Millbrook School","Wake",35.856111,-78.574167,2,2020,41,31.5
2020-02-07,"Pitt Agri. Center","Pitt",35.6412760008938,-77.360126,2,2020,33.5,NA
2020-02-07,"West Johnston Co.","Johnston",35.59095,-78.4622,2,2020,42.5,NA
2020-02-08,"Bryson City","Swain",35.434767,-83.442133,2,2020,22.5,NA
2020-02-08,"Castle Hayne","New Hanover",34.364167,-77.838611,2,2020,16.5,39
2020-02-08,"Clemmons Middle","Forsyth",36.026,-80.342,2,2020,22,NA
2020-02-08,"Durham Armory","Durham",36.0329550008979,-78.904037,2,2020,40.3333333333333,39
2020-02-08,"Frying Pan Mountain","Haywood",35.379167,-82.7925,2,2020,7,44
2020-02-08,"Garinger High School","Mecklenburg",35.2401000008895,-80.785683,2,2020,33.75,34
2020-02-08,"Hattie Avenue","Forsyth",36.110693332,-80.2264378,2,2020,26.75,NA
2020-02-08,"Leggett","Edgecombe",35.988278,-77.5843,2,2020,31.5,40
2020-02-08,"Linville Falls","Avery",35.972347,-81.933072,2,2020,8,NA
2020-02-08,"Mendenhall School","Guilford",36.1090060008986,-79.802314,2,2020,25.5,NA
2020-02-08,"Millbrook School","Wake",35.856111,-78.574167,2,2020,42.75,34
2020-02-08,"Pitt Agri. Center","Pitt",35.6412760008938,-77.360126,2,2020,31.5,NA
2020-02-08,"West Johnston Co.","Johnston",35.59095,-78.4622,2,2020,30,NA
2020-02-09,"Bryson City","Swain",35.434767,-83.442133,2,2020,29,NA
2020-02-09,"Castle Hayne","New Hanover",34.364167,-77.838611,2,2020,13,36
2020-02-09,"Clemmons Middle","Forsyth",36.026,-80.342,2,2020,32.5,NA
2020-02-09,"Durham Armory","Durham",36.0329550008979,-78.904037,2,2020,41.5,35
2020-02-09,"Frying Pan Mountain","Haywood",35.379167,-82.7925,2,2020,NA,46
2020-02-09,"Garinger High School","Mecklenburg",35.2401000008895,-80.785683,2,2020,23.3333333333333,36
2020-02-09,"Hattie Avenue","Forsyth",36.110693332,-80.2264378,2,2020,35,NA
2020-02-09,"Leggett","Edgecombe",35.988278,-77.5843,2,2020,17.5,34
2020-02-09,"Mendenhall School","Guilford",36.1090060008986,-79.802314,2,2020,37,NA
2020-02-09,"Millbrook School","Wake",35.856111,-78.574167,2,2020,35,36
2020-02-09,"Pitt Agri. Center","Pitt",35.6412760008938,-77.360126,2,2020,10,NA
2020-02-09,"West Johnston Co.","Johnston",35.59095,-78.4622,2,2020,31,NA
2020-02-10,"Bryson City","Swain",35.434767,-83.442133,2,2020,36.5,NA
2020-02-10,"Castle Hayne","New Hanover",34.364167,-77.838611,2,2020,6.5,38
2020-02-10,"Clemmons Middle","Forsyth",36.026,-80.342,2,2020,36.5,NA
2020-02-10,"Durham Armory","Durham",36.0329550008979,-78.904037,2,2020,40,32
2020-02-10,"Frying Pan Mountain","Haywood",35.379167,-82.7925,2,2020,1,44
2020-02-10,"Garinger High School","Mecklenburg",35.2401000008895,-80.785683,2,2020,37.5,24
2020-02-10,"Hattie Avenue","Forsyth",36.110693332,-80.2264378,2,2020,47.3333333333333,NA
2020-02-10,"Leggett","Edgecombe",35.988278,-77.5843,2,2020,20.5,34
2020-02-10,"Linville Falls","Avery",35.972347,-81.933072,2,2020,14,NA
2020-02-10,"Mendenhall School","Guilford",36.1090060008986,-79.802314,2,2020,39,NA
2020-02-10,"Millbrook School","Wake",35.856111,-78.574167,2,2020,40,27
2020-02-10,"Pitt Agri. Center","Pitt",35.6412760008938,-77.360126,2,2020,23,NA
2020-02-10,"West Johnston Co.","Johnston",35.59095,-78.4622,2,2020,31.5,NA
2020-02-11,"Bryson City","Swain",35.434767,-83.442133,2,2020,25,NA
2020-02-11,"Castle Hayne","New Hanover",34.364167,-77.838611,2,2020,13,21
2020-02-11,"Clemmons Middle","Forsyth",36.026,-80.342,2,2020,19,NA
2020-02-11,"Durham Armory","Durham",36.0329550008979,-78.904037,2,2020,31,24
2020-02-11,"Frying Pan Mountain","Haywood",35.379167,-82.7925,2,2020,3,34
2020-02-11,"Garinger High School","Mecklenburg",35.2401000008895,-80.785683,2,2020,32.25,19
2020-02-11,"Hattie Avenue","Forsyth",36.110693332,-80.2264378,2,2020,32.6666666666667,NA
2020-02-11,"Leggett","Edgecombe",35.988278,-77.5843,2,2020,14,27
2020-02-11,"Linville Falls","Avery",35.972347,-81.933072,2,2020,10,NA
2020-02-11,"Mendenhall School","Guilford",36.1090060008986,-79.802314,2,2020,27,NA
2020-02-11,"Millbrook School","Wake",35.856111,-78.574167,2,2020,36,22
2020-02-11,"Pitt Agri. Center","Pitt",35.6412760008938,-77.360126,2,2020,16,NA
2020-02-11,"West Johnston Co.","Johnston",35.59095,-78.4622,2,2020,25.5,NA
2020-02-12,"Bryson City","Swain",35.434767,-83.442133,2,2020,11.5,NA
2020-02-12,"Castle Hayne","New Hanover",34.364167,-77.838611,2,2020,1,31
2020-02-12,"Clemmons Middle","Forsyth",36.026,-80.342,2,2020,14.5,NA
2020-02-12,"Durham Armory","Durham",36.0329550008979,-78.904037,2,2020,18,22
2020-02-12,"Frying Pan Mountain","Haywood",35.379167,-82.7925,2,2020,NA,45
2020-02-12,"Garinger High School","Mecklenburg",35.2401000008895,-80.785683,2,2020,10.3333333333333,21
2020-02-12,"Hattie Avenue","Forsyth",36.110693332,-80.2264378,2,2020,13.5,NA
2020-02-12,"Leggett","Edgecombe",35.988278,-77.5843,2,2020,8,25
2020-02-12,"Mendenhall School","Guilford",36.1090060008986,-79.802314,2,2020,9,NA
2020-02-12,"Millbrook School","Wake",35.856111,-78.574167,2,2020,24.6666666666667,24.5
2020-02-12,"Pitt Agri. Center","Pitt",35.6412760008938,-77.360126,2,2020,15.3333333333333,NA
2020-02-12,"West Johnston Co.","Johnston",35.59095,-78.4622,2,2020,14.5,NA
2020-02-13,"Bryson City","Swain",35.434767,-83.442133,2,2020,16,40
2020-02-13,"Castle Hayne","New Hanover",34.364167,-77.838611,2,2020,10.5,41
2020-02-13,"Clemmons Middle","Forsyth",36.026,-80.342,2,2020,24,NA
2020-02-13,"Durham Armory","Durham",36.0329550008979,-78.904037,2,2020,28.3333333333333,41
2020-02-13,"Frying Pan Mountain","Haywood",35.379167,-82.7925,2,2020,3,46
2020-02-13,"Garinger High School","Mecklenburg",35.2401000008895,-80.785683,2,2020,16.25,35
2020-02-13,"Hattie Avenue","Forsyth",36.110693332,-80.2264378,2,2020,21,NA
2020-02-13,"Leggett","Edgecombe",35.988278,-77.5843,2,2020,11.5,NA
2020-02-13,"Linville Falls","Avery",35.972347,-81.933072,2,2020,11,NA
2020-02-13,"Mendenhall School","Guilford",36.1090060008986,-79.802314,2,2020,13.5,NA
2020-02-13,"Millbrook School","Wake",35.856111,-78.574167,2,2020,25.5,36.5
2020-02-13,"Pitt Agri. Center","Pitt",35.6412760008938,-77.360126,2,2020,19,NA
2020-02-13,"West Johnston Co.","Johnston",35.59095,-78.4622,2,2020,20.5,NA
2020-02-14,"Bryson City","Swain",35.434767,-83.442133,2,2020,29.5,35
2020-02-14,"Castle Hayne","New Hanover",34.364167,-77.838611,2,2020,11,44
2020-02-14,"Clemmons Middle","Forsyth",36.026,-80.342,2,2020,36,NA
2020-02-14,"Durham Armory","Durham",36.0329550008979,-78.904037,2,2020,31,36
2020-02-14,"Frying Pan Mountain","Haywood",35.379167,-82.7925,2,2020,5,NA
2020-02-14,"Garinger High School","Mecklenburg",35.2401000008895,-80.785683,2,2020,25,28.5
2020-02-14,"Hattie Avenue","Forsyth",36.110693332,-80.2264378,2,2020,30.25,NA
2020-02-14,"Leggett","Edgecombe",35.988278,-77.5843,2,2020,20,38
2020-02-14,"Linville Falls","Avery",35.972347,-81.933072,2,2020,8,41
2020-02-14,"Mendenhall School","Guilford",36.1090060008986,-79.802314,2,2020,27,NA
2020-02-14,"Millbrook School","Wake",35.856111,-78.574167,2,2020,27,30.5
2020-02-14,"Pitt Agri. Center","Pitt",35.6412760008938,-77.360126,2,2020,20,NA
2020-02-14,"West Johnston Co.","Johnston",35.59095,-78.4622,2,2020,33,NA
2020-02-15,"Bryson City","Swain",35.434767,-83.442133,2,2020,35,23
2020-02-15,"Castle Hayne","New Hanover",34.364167,-77.838611,2,2020,16.5,47
2020-02-15,"Clemmons Middle","Forsyth",36.026,-80.342,2,2020,46,NA
2020-02-15,"Durham Armory","Durham",36.0329550008979,-78.904037,2,2020,37.5,37
2020-02-15,"Garinger High School","Mecklenburg",35.2401000008895,-80.785683,2,2020,34,30.5
2020-02-15,"Hattie Avenue","Forsyth",36.110693332,-80.2264378,2,2020,41,NA
2020-02-15,"Leggett","Edgecombe",35.988278,-77.5843,2,2020,24,44
2020-02-15,"Linville Falls","Avery",35.972347,-81.933072,2,2020,NA,38
2020-02-15,"Mendenhall School","Guilford",36.1090060008986,-79.802314,2,2020,33,NA
2020-02-15,"Millbrook School","Wake",35.856111,-78.574167,2,2020,40,32.5
2020-02-15,"Pitt Agri. Center","Pitt",35.6412760008938,-77.360126,2,2020,29,NA
2020-02-15,"West Johnston Co.","Johnston",35.59095,-78.4622,2,2020,34.5,NA
2020-02-16,"Bryson City","Swain",35.434767,-83.442133,2,2020,18,34
2020-02-16,"Castle Hayne","New Hanover",34.364167,-77.838611,2,2020,23.5,34
2020-02-16,"Clemmons Middle","Forsyth",36.026,-80.342,2,2020,34,NA
2020-02-16,"Durham Armory","Durham",36.0329550008979,-78.904037,2,2020,31,33
2020-02-16,"Frying Pan Mountain","Haywood",35.379167,-82.7925,2,2020,8,NA
2020-02-16,"Garinger High School","Mecklenburg",35.2401000008895,-80.785683,2,2020,18.5,34
2020-02-16,"Hattie Avenue","Forsyth",36.110693332,-80.2264378,2,2020,23,NA
2020-02-16,"Leggett","Edgecombe",35.988278,-77.5843,2,2020,19,36
2020-02-16,"Linville Falls","Avery",35.972347,-81.933072,2,2020,10,33
2020-02-16,"Mendenhall School","Guilford",36.1090060008986,-79.802314,2,2020,16,NA
2020-02-16,"Millbrook School","Wake",35.856111,-78.574167,2,2020,33,33.5
2020-02-16,"Pitt Agri. Center","Pitt",35.6412760008938,-77.360126,2,2020,26.3333333333333,NA
2020-02-16,"West Johnston Co.","Johnston",35.59095,-78.4622,2,2020,26,NA
2020-02-17,"Bryson City","Swain",35.434767,-83.442133,2,2020,19.5,23
2020-02-17,"Castle Hayne","New Hanover",34.364167,-77.838611,2,2020,16,27
2020-02-17,"Clemmons Middle","Forsyth",36.026,-80.342,2,2020,39,NA
2020-02-17,"Durham Armory","Durham",36.0329550008979,-78.904037,2,2020,33.3333333333333,26
2020-02-17,"Frying Pan Mountain","Haywood",35.379167,-82.7925,2,2020,3,NA
2020-02-17,"Garinger High School","Mecklenburg",35.2401000008895,-80.785683,2,2020,28,26
2020-02-17,"Hattie Avenue","Forsyth",36.110693332,-80.2264378,2,2020,31,NA
2020-02-17,"Leggett","Edgecombe",35.988278,-77.5843,2,2020,17.5,27
2020-02-17,"Linville Falls","Avery",35.972347,-81.933072,2,2020,10,33
2020-02-17,"Mendenhall School","Guilford",36.1090060008986,-79.802314,2,2020,21,NA
2020-02-17,"Millbrook School","Wake",35.856111,-78.574167,2,2020,39,28.5
2020-02-17,"Pitt Agri. Center","Pitt",35.6412760008938,-77.360126,2,2020,23.3333333333333,NA
2020-02-17,"West Johnston Co.","Johnston",35.59095,-78.4622,2,2020,26.5,NA
2020-02-18,"Bryson City","Swain",35.434767,-83.442133,2,2020,11,34
2020-02-18,"Castle Hayne","New Hanover",34.364167,-77.838611,2,2020,14,30
2020-02-18,"Clemmons Middle","Forsyth",36.026,-80.342,2,2020,24.5,NA
2020-02-18,"Durham Armory","Durham",36.0329550008979,-78.904037,2,2020,24,NA
2020-02-18,"Garinger High School","Mecklenburg",35.2401000008895,-80.785683,2,2020,17,34
2020-02-18,"Hattie Avenue","Forsyth",36.110693332,-80.2264378,2,2020,20.5,NA
2020-02-18,"Leggett","Edgecombe",35.988278,-77.5843,2,2020,6.5,34
2020-02-18,"Linville Falls","Avery",35.972347,-81.933072,2,2020,NA,37
2020-02-18,"Mendenhall School","Guilford",36.1090060008986,-79.802314,2,2020,15,NA
2020-02-18,"Millbrook School","Wake",35.856111,-78.574167,2,2020,24.6666666666667,35
2020-02-18,"Pitt Agri. Center","Pitt",35.6412760008938,-77.360126,2,2020,10,NA
2020-02-18,"West Johnston Co.","Johnston",35.59095,-78.4622,2,2020,12.5,NA
2020-02-19,"Bryson City","Swain",35.434767,-83.442133,2,2020,28,38
2020-02-19,"Castle Hayne","New Hanover",34.364167,-77.838611,2,2020,9.5,35
2020-02-19,"Clemmons Middle","Forsyth",36.026,-80.342,2,2020,36,NA
2020-02-19,"Durham Armory","Durham",36.0329550008979,-78.904037,2,2020,31,29
2020-02-19,"Frying Pan Mountain","Haywood",35.379167,-82.7925,2,2020,9,NA
2020-02-19,"Garinger High School","Mecklenburg",35.2401000008895,-80.785683,2,2020,27.75,22
2020-02-19,"Hattie Avenue","Forsyth",36.110693332,-80.2264378,2,2020,35.25,NA
2020-02-19,"Leggett","Edgecombe",35.988278,-77.5843,2,2020,17.5,33
2020-02-19,"Linville Falls","Avery",35.972347,-81.933072,2,2020,13,28
2020-02-19,"Mendenhall School","Guilford",36.1090060008986,-79.802314,2,2020,22.5,NA
2020-02-19,"Millbrook School","Wake",35.856111,-78.574167,2,2020,36.75,28
2020-02-19,"Pitt Agri. Center","Pitt",35.6412760008938,-77.360126,2,2020,24.3333333333333,NA
2020-02-19,"West Johnston Co.","Johnston",35.59095,-78.4622,2,2020,35,NA
2020-02-20,"Bryson City","Swain",35.434767,-83.442133,2,2020,23.5,37
2020-02-20,"Castle Hayne","New Hanover",34.364167,-77.838611,2,2020,4,35
2020-02-20,"Clemmons Middle","Forsyth",36.026,-80.342,2,2020,40,NA
2020-02-20,"Durham Armory","Durham",36.0329550008979,-78.904037,2,2020,29.3333333333333,32
2020-02-20,"Frying Pan Mountain","Haywood",35.379167,-82.7925,2,2020,0,40
2020-02-20,"Garinger High School","Mecklenburg",35.2401000008895,-80.785683,2,2020,18.25,25.5
2020-02-20,"Hattie Avenue","Forsyth",36.110693332,-80.2264378,2,2020,27.75,NA
2020-02-20,"Leggett","Edgecombe",35.988278,-77.5843,2,2020,23,34
2020-02-20,"Linville Falls","Avery",35.972347,-81.933072,2,2020,3,30
2020-02-20,"Mendenhall School","Guilford",36.1090060008986,-79.802314,2,2020,23.5,NA
2020-02-20,"Millbrook School","Wake",35.856111,-78.574167,2,2020,30.5,24
2020-02-20,"Pitt Agri. Center","Pitt",35.6412760008938,-77.360126,2,2020,19.3333333333333,NA
2020-02-20,"West Johnston Co.","Johnston",35.59095,-78.4622,2,2020,33.5,NA
2020-02-21,"Bryson City","Swain",35.434767,-83.442133,2,2020,24,15
2020-02-21,"Castle Hayne","New Hanover",34.364167,-77.838611,2,2020,13,22
2020-02-21,"Clemmons Middle","Forsyth",36.026,-80.342,2,2020,35.5,NA
2020-02-21,"Durham Armory","Durham",36.0329550008979,-78.904037,2,2020,26.5,18
2020-02-21,"Frying Pan Mountain","Haywood",35.379167,-82.7925,2,2020,NA,30
2020-02-21,"Garinger High School","Mecklenburg",35.2401000008895,-80.785683,2,2020,23,20.5
2020-02-21,"Hattie Avenue","Forsyth",36.110693332,-80.2264378,2,2020,31,NA
2020-02-21,"Leggett","Edgecombe",35.988278,-77.5843,2,2020,18.5,19
2020-02-21,"Linville Falls","Avery",35.972347,-81.933072,2,2020,NA,22
2020-02-21,"Mendenhall School","Guilford",36.1090060008986,-79.802314,2,2020,20.5,NA
2020-02-21,"Millbrook School","Wake",35.856111,-78.574167,2,2020,39.6666666666667,15.5
2020-02-21,"Pitt Agri. Center","Pitt",35.6412760008938,-77.360126,2,2020,22.5,NA
2020-02-21,"West Johnston Co.","Johnston",35.59095,-78.4622,2,2020,24,19
2020-02-22,"Bryson City","Swain",35.434767,-83.442133,2,2020,25,31
2020-02-22,"Castle Hayne","New Hanover",34.364167,-77.838611,2,2020,11,35
2020-02-22,"Clemmons Middle","Forsyth",36.026,-80.342,2,2020,35,NA
2020-02-22,"Durham Armory","Durham",36.0329550008979,-78.904037,2,2020,33,33
2020-02-22,"Frying Pan Mountain","Haywood",35.379167,-82.7925,2,2020,20,41
2020-02-22,"Garinger High School","Mecklenburg",35.2401000008895,-80.785683,2,2020,21.5,27.5
2020-02-22,"Hattie Avenue","Forsyth",36.110693332,-80.2264378,2,2020,30.3333333333333,NA
2020-02-22,"Leggett","Edgecombe",35.988278,-77.5843,2,2020,15,35
2020-02-22,"Linville Falls","Avery",35.972347,-81.933072,2,2020,33,37
2020-02-22,"Mendenhall School","Guilford",36.1090060008986,-79.802314,2,2020,23,NA
2020-02-22,"Millbrook School","Wake",35.856111,-78.574167,2,2020,33.25,27.5
2020-02-22,"Pitt Agri. Center","Pitt",35.6412760008938,-77.360126,2,2020,24.6666666666667,NA
2020-02-22,"West Johnston Co.","Johnston",35.59095,-78.4622,2,2020,21.5,36
2020-02-23,"Bryson City","Swain",35.434767,-83.442133,2,2020,34,28
2020-02-23,"Castle Hayne","New Hanover",34.364167,-77.838611,2,2020,4.5,35
2020-02-23,"Clemmons Middle","Forsyth",36.026,-80.342,2,2020,40,NA
2020-02-23,"Durham Armory","Durham",36.0329550008979,-78.904037,2,2020,27.6666666666667,32
2020-02-23,"Frying Pan Mountain","Haywood",35.379167,-82.7925,2,2020,4,34
2020-02-23,"Garinger High School","Mecklenburg",35.2401000008895,-80.785683,2,2020,15,32.5
2020-02-23,"Hattie Avenue","Forsyth",36.110693332,-80.2264378,2,2020,25.3333333333333,NA
2020-02-23,"Leggett","Edgecombe",35.988278,-77.5843,2,2020,19.5,35
2020-02-23,"Linville Falls","Avery",35.972347,-81.933072,2,2020,1,38
2020-02-23,"Mendenhall School","Guilford",36.1090060008986,-79.802314,2,2020,32,NA
2020-02-23,"Millbrook School","Wake",35.856111,-78.574167,2,2020,25.5,25
2020-02-23,"Pitt Agri. Center","Pitt",35.6412760008938,-77.360126,2,2020,17.3333333333333,NA
2020-02-23,"West Johnston Co.","Johnston",35.59095,-78.4622,2,2020,31,34
2020-02-24,"Bryson City","Swain",35.434767,-83.442133,2,2020,32,43
2020-02-24,"Castle Hayne","New Hanover",34.364167,-77.838611,2,2020,5.5,41
2020-02-24,"Clemmons Middle","Forsyth",36.026,-80.342,2,2020,37,NA
2020-02-24,"Durham Armory","Durham",36.0329550008979,-78.904037,2,2020,32.5,42
2020-02-24,"Garinger High School","Mecklenburg",35.2401000008895,-80.785683,2,2020,22,36.5
2020-02-24,"Hattie Avenue","Forsyth",36.110693332,-80.2264378,2,2020,34,NA
2020-02-24,"Leggett","Edgecombe",35.988278,-77.5843,2,2020,19,41
2020-02-24,"Linville Falls","Avery",35.972347,-81.933072,2,2020,NA,43
2020-02-24,"Mendenhall School","Guilford",36.1090060008986,-79.802314,2,2020,27,44
2020-02-24,"Millbrook School","Wake",35.856111,-78.574167,2,2020,29.3333333333333,35.5
2020-02-24,"Pitt Agri. Center","Pitt",35.6412760008938,-77.360126,2,2020,19.5,NA
2020-02-24,"West Johnston Co.","Johnston",35.59095,-78.4622,2,2020,23.5,42
2020-02-25,"Bryson City","Swain",35.434767,-83.442133,2,2020,19,42
2020-02-25,"Castle Hayne","New Hanover",34.364167,-77.838611,2,2020,4,NA
2020-02-25,"Clemmons Middle","Forsyth",36.026,-80.342,2,2020,25.5,NA
2020-02-25,"Durham Armory","Durham",36.0329550008979,-78.904037,2,2020,25.3333333333333,42
2020-02-25,"Frying Pan Mountain","Haywood",35.379167,-82.7925,2,2020,10,44
2020-02-25,"Garinger High School","Mecklenburg",35.2401000008895,-80.785683,2,2020,18.75,33.5
2020-02-25,"Hattie Avenue","Forsyth",36.110693332,-80.2264378,2,2020,26,NA
2020-02-25,"Leggett","Edgecombe",35.988278,-77.5843,2,2020,9,43
2020-02-25,"Linville Falls","Avery",35.972347,-81.933072,2,2020,17,42
2020-02-25,"Mendenhall School","Guilford",36.1090060008986,-79.802314,2,2020,16.5,43
2020-02-25,"Millbrook School","Wake",35.856111,-78.574167,2,2020,24.5,37.5
2020-02-25,"Pitt Agri. Center","Pitt",35.6412760008938,-77.360126,2,2020,12.3333333333333,NA
2020-02-25,"West Johnston Co.","Johnston",35.59095,-78.4622,2,2020,21,44
2020-02-26,"Bryson City","Swain",35.434767,-83.442133,2,2020,24,NA
2020-02-26,"Castle Hayne","New Hanover",34.364167,-77.838611,2,2020,9.5,44
2020-02-26,"Clemmons Middle","Forsyth",36.026,-80.342,2,2020,24.3333333333333,NA
2020-02-26,"Durham Armory","Durham",36.0329550008979,-78.904037,2,2020,32,39
2020-02-26,"Frying Pan Mountain","Haywood",35.379167,-82.7925,2,2020,11,45
2020-02-26,"Garinger High School","Mecklenburg",35.2401000008895,-80.785683,2,2020,27.25,43
2020-02-26,"Hattie Avenue","Forsyth",36.110693332,-80.2264378,2,2020,25,NA
2020-02-26,"Leggett","Edgecombe",35.988278,-77.5843,2,2020,13,45
2020-02-26,"Linville Falls","Avery",35.972347,-81.933072,2,2020,11,44
2020-02-26,"Mendenhall School","Guilford",36.1090060008986,-79.802314,2,2020,19,44
2020-02-26,"Millbrook School","Wake",35.856111,-78.574167,2,2020,33.25,35.5
2020-02-26,"Pitt Agri. Center","Pitt",35.6412760008938,-77.360126,2,2020,22.3333333333333,NA
2020-02-26,"West Johnston Co.","Johnston",35.59095,-78.4622,2,2020,20,NA
2020-02-27,"Bryson City","Swain",35.434767,-83.442133,2,2020,33,42
2020-02-27,"Castle Hayne","New Hanover",34.364167,-77.838611,2,2020,4,41
2020-02-27,"Clemmons Middle","Forsyth",36.026,-80.342,2,2020,45.5,NA
2020-02-27,"Durham Armory","Durham",36.0329550008979,-78.904037,2,2020,40.5,26
2020-02-27,"Frying Pan Mountain","Haywood",35.379167,-82.7925,2,2020,NA,44
2020-02-27,"Garinger High School","Mecklenburg",35.2401000008895,-80.785683,2,2020,44,31
2020-02-27,"Hattie Avenue","Forsyth",36.110693332,-80.2264378,2,2020,36,NA
2020-02-27,"Leggett","Edgecombe",35.988278,-77.5843,2,2020,21,22
2020-02-27,"Linville Falls","Avery",35.972347,-81.933072,2,2020,NA,41
2020-02-27,"Mendenhall School","Guilford",36.1090060008986,-79.802314,2,2020,27,28
2020-02-27,"Millbrook School","Wake",35.856111,-78.574167,2,2020,47.6666666666667,32
2020-02-27,"Pitt Agri. Center","Pitt",35.6412760008938,-77.360126,2,2020,27.5,29
2020-02-27,"West Johnston Co.","Johnston",35.59095,-78.4622,2,2020,30,NA
2020-02-28,"Bryson City","Swain",35.434767,-83.442133,2,2020,44,21
2020-02-28,"Castle Hayne","New Hanover",34.364167,-77.838611,2,2020,19.5,39
2020-02-28,"Clemmons Middle","Forsyth",36.026,-80.342,2,2020,56,41
2020-02-28,"Durham Armory","Durham",36.0329550008979,-78.904037,2,2020,45.6666666666667,36
2020-02-28,"Frying Pan Mountain","Haywood",35.379167,-82.7925,2,2020,NA,44
2020-02-28,"Garinger High School","Mecklenburg",35.2401000008895,-80.785683,2,2020,47.5,30
2020-02-28,"Hattie Avenue","Forsyth",36.110693332,-80.2264378,2,2020,44.3333333333333,NA
2020-02-28,"Leggett","Edgecombe",35.988278,-77.5843,2,2020,42.5,37
2020-02-28,"Linville Falls","Avery",35.972347,-81.933072,2,2020,15,43
2020-02-28,"Mendenhall School","Guilford",36.1090060008986,-79.802314,2,2020,44.5,44
2020-02-28,"Millbrook School","Wake",35.856111,-78.574167,2,2020,48.5,32
2020-02-28,"Pitt Agri. Center","Pitt",35.6412760008938,-77.360126,2,2020,27,38
2020-02-28,"West Johnston Co.","Johnston",35.59095,-78.4622,2,2020,43.5,NA
2020-03-01,"Bryson City","Swain",35.434767,-83.442133,3,2020,35,30.5
2020-03-01,"Castle Hayne","New Hanover",34.364167,-77.838611,3,2020,16,34
2020-03-01,"Clemmons Middle","Forsyth",36.026,-80.342,3,2020,35.5,31.5
2020-03-01,"Durham Armory","Durham",36.0329550008979,-78.904037,3,2020,36.6666666666667,31
2020-03-01,"Frying Pan Mountain","Haywood",35.379167,-82.7925,3,2020,NA,39
2020-03-01,"Garinger High School","Mecklenburg",35.2401000008895,-80.785683,3,2020,26.5,27.5
2020-03-01,"Hattie Avenue","Forsyth",36.110693332,-80.2264378,3,2020,25,32.5
2020-03-01,"Leggett","Edgecombe",35.988278,-77.5843,3,2020,27.5,29
2020-03-01,"Linville Falls","Avery",35.972347,-81.933072,3,2020,NA,33.5
2020-03-01,"Mendenhall School","Guilford",36.1090060008986,-79.802314,3,2020,26,33.5
2020-03-01,"Millbrook School","Wake",35.856111,-78.574167,3,2020,39.75,30
2020-03-01,"Pitt Agri. Center","Pitt",35.6412760008938,-77.360126,3,2020,27,30
2020-03-01,"West Johnston Co.","Johnston",35.59095,-78.4622,3,2020,35,29.5
2020-03-02,"Bryson City","Swain",35.434767,-83.442133,3,2020,19.5,37.5
2020-03-02,"Castle Hayne","New Hanover",34.364167,-77.838611,3,2020,8,35
2020-03-02,"Clemmons Middle","Forsyth",36.026,-80.342,3,2020,21.5,36.5
2020-03-02,"Durham Armory","Durham",36.0329550008979,-78.904037,3,2020,23.5,37.5
2020-03-02,"Frying Pan Mountain","Haywood",35.379167,-82.7925,3,2020,NA,43.5
2020-03-02,"Garinger High School","Mecklenburg",35.2401000008895,-80.785683,3,2020,18.3333333333333,34.5
2020-03-02,"Hattie Avenue","Forsyth",36.110693332,-80.2264378,3,2020,15.5,36.5
2020-03-02,"Leggett","Edgecombe",35.988278,-77.5843,3,2020,4.5,35
2020-03-02,"Linville Falls","Avery",35.972347,-81.933072,3,2020,NA,34
2020-03-02,"Mendenhall School","Guilford",36.1090060008986,-79.802314,3,2020,11.5,40.5
2020-03-02,"Millbrook School","Wake",35.856111,-78.574167,3,2020,21.3333333333333,38
2020-03-02,"Pitt Agri. Center","Pitt",35.6412760008938,-77.360126,3,2020,9,36
2020-03-02,"West Johnston Co.","Johnston",35.59095,-78.4622,3,2020,7,38
2020-03-03,"Bryson City","Swain",35.434767,-83.442133,3,2020,28,32.5
2020-03-03,"Castle Hayne","New Hanover",34.364167,-77.838611,3,2020,8,39.5
2020-03-03,"Clemmons Middle","Forsyth",36.026,-80.342,3,2020,29,33
2020-03-03,"Durham Armory","Durham",36.0329550008979,-78.904037,3,2020,23.3333333333333,35.5
2020-03-03,"Frying Pan Mountain","Haywood",35.379167,-82.7925,3,2020,NA,39
2020-03-03,"Garinger High School","Mecklenburg",35.2401000008895,-80.785683,3,2020,17.75,28.5
2020-03-03,"Hattie Avenue","Forsyth",36.110693332,-80.2264378,3,2020,14.75,33.5
2020-03-03,"Leggett","Edgecombe",35.988278,-77.5843,3,2020,17,36.5
2020-03-03,"Linville Falls","Avery",35.972347,-81.933072,3,2020,NA,25
2020-03-03,"Mendenhall School","Guilford",36.1090060008986,-79.802314,3,2020,18.5,35.5
2020-03-03,"Millbrook School","Wake",35.856111,-78.574167,3,2020,28.5,36
2020-03-03,"Pitt Agri. Center","Pitt",35.6412760008938,-77.360126,3,2020,17.3333333333333,37
2020-03-03,"West Johnston Co.","Johnston",35.59095,-78.4622,3,2020,17.5,36
2020-03-04,"Bryson City","Swain",35.434767,-83.442133,3,2020,25,39.5
2020-03-04,"Castle Hayne","New Hanover",34.364167,-77.838611,3,2020,9,34.5
2020-03-04,"Clemmons Middle","Forsyth",36.026,-80.342,3,2020,20.3333333333333,42.5
2020-03-04,"Durham Armory","Durham",36.0329550008979,-78.904037,3,2020,31.6666666666667,42.5
2020-03-04,"Frying Pan Mountain","Haywood",35.379167,-82.7925,3,2020,NA,42.5
2020-03-04,"Garinger High School","Mecklenburg",35.2401000008895,-80.785683,3,2020,21.5,40
2020-03-04,"Hattie Avenue","Forsyth",36.110693332,-80.2264378,3,2020,18.3333333333333,43
2020-03-04,"Leggett","Edgecombe",35.988278,-77.5843,3,2020,18,38
2020-03-04,"Linville Falls","Avery",35.972347,-81.933072,3,2020,NA,38
2020-03-04,"Mendenhall School","Guilford",36.1090060008986,-79.802314,3,2020,20,42.5
2020-03-04,"Millbrook School","Wake",35.856111,-78.574167,3,2020,24.3333333333333,41.5
2020-03-04,"Pitt Agri. Center","Pitt",35.6412760008938,-77.360126,3,2020,26.6666666666667,38
2020-03-04,"West Johnston Co.","Johnston",35.59095,-78.4622,3,2020,22.5,37.5
2020-03-05,"Bryson City","Swain",35.434767,-83.442133,3,2020,41,43
2020-03-05,"Castle Hayne","New Hanover",34.364167,-77.838611,3,2020,13.5,37.5
2020-03-05,"Clemmons Middle","Forsyth",36.026,-80.342,3,2020,25,42
2020-03-05,"Durham Armory","Durham",36.0329550008979,-78.904037,3,2020,32.5,39.5
2020-03-05,"Frying Pan Mountain","Haywood",35.379167,-82.7925,3,2020,NA,44
2020-03-05,"Garinger High School","Mecklenburg",35.2401000008895,-80.785683,3,2020,24.6666666666667,41
2020-03-05,"Hattie Avenue","Forsyth",36.110693332,-80.2264378,3,2020,20.5,41
2020-03-05,"Leggett","Edgecombe",35.988278,-77.5843,3,2020,11.5,38.5
2020-03-05,"Linville Falls","Avery",35.972347,-81.933072,3,2020,NA,42.5
2020-03-05,"Mendenhall School","Guilford",36.1090060008986,-79.802314,3,2020,14,42.5
2020-03-05,"Millbrook School","Wake",35.856111,-78.574167,3,2020,32.3333333333333,40
2020-03-05,"Pitt Agri. Center","Pitt",35.6412760008938,-77.360126,3,2020,21,37.5
2020-03-05,"West Johnston Co.","Johnston",35.59095,-78.4622,3,2020,28,39
2020-03-06,"Bryson City","Swain",35.434767,-83.442133,3,2020,44.5,40.5
2020-03-06,"Castle Hayne","New Hanover",34.364167,-77.838611,3,2020,15.5,42
2020-03-06,"Clemmons Middle","Forsyth",36.026,-80.342,3,2020,27.5,34.5
2020-03-06,"Durham Armory","Durham",36.0329550008979,-78.904037,3,2020,34,32
2020-03-06,"Frying Pan Mountain","Haywood",35.379167,-82.7925,3,2020,NA,45
2020-03-06,"Garinger High School","Mecklenburg",35.2401000008895,-80.785683,3,2020,39,30.5
2020-03-06,"Hattie Avenue","Forsyth",36.110693332,-80.2264378,3,2020,22.5,35.5
2020-03-06,"Leggett","Edgecombe",35.988278,-77.5843,3,2020,13,37
2020-03-06,"Linville Falls","Avery",35.972347,-81.933072,3,2020,44,40.5
2020-03-06,"Mendenhall School","Guilford",36.1090060008986,-79.802314,3,2020,20.5,34.5
2020-03-06,"Millbrook School","Wake",35.856111,-78.574167,3,2020,33.25,33.5
2020-03-06,"Pitt Agri. Center","Pitt",35.6412760008938,-77.360126,3,2020,21.6666666666667,38.5
2020-03-06,"West Johnston Co.","Johnston",35.59095,-78.4622,3,2020,35,35.5
2020-03-07,"Bryson City","Swain",35.434767,-83.442133,3,2020,27.5,41
2020-03-07,"Castle Hayne","New Hanover",34.364167,-77.838611,3,2020,24.5,42
2020-03-07,"Clemmons Middle","Forsyth",36.026,-80.342,3,2020,39,37.5
2020-03-07,"Durham Armory","Durham",36.0329550008979,-78.904037,3,2020,37,36.5
2020-03-07,"Frying Pan Mountain","Haywood",35.379167,-82.7925,3,2020,NA,47
2020-03-07,"Garinger High School","Mecklenburg",35.2401000008895,-80.785683,3,2020,29,36.5
2020-03-07,"Hattie Avenue","Forsyth",36.110693332,-80.2264378,3,2020,30.6666666666667,37
2020-03-07,"Leggett","Edgecombe",35.988278,-77.5843,3,2020,12,39
2020-03-07,"Linville Falls","Avery",35.972347,-81.933072,3,2020,NA,41
2020-03-07,"Mendenhall School","Guilford",36.1090060008986,-79.802314,3,2020,24,38.5
2020-03-07,"Millbrook School","Wake",35.856111,-78.574167,3,2020,38.5,37
2020-03-07,"Pitt Agri. Center","Pitt",35.6412760008938,-77.360126,3,2020,25.3333333333333,39.5
2020-03-07,"West Johnston Co.","Johnston",35.59095,-78.4622,3,2020,22.5,38
2020-03-08,"Bryson City","Swain",35.434767,-83.442133,3,2020,34,35
2020-03-08,"Castle Hayne","New Hanover",34.364167,-77.838611,3,2020,18,43
2020-03-08,"Clemmons Middle","Forsyth",36.026,-80.342,3,2020,46,35.5
2020-03-08,"Durham Armory","Durham",36.0329550008979,-78.904037,3,2020,40.5,36
2020-03-08,"Frying Pan Mountain","Haywood",35.379167,-82.7925,3,2020,NA,44
2020-03-08,"Garinger High School","Mecklenburg",35.2401000008895,-80.785683,3,2020,43.6666666666667,33
2020-03-08,"Hattie Avenue","Forsyth",36.110693332,-80.2264378,3,2020,40.5,34
2020-03-08,"Leggett","Edgecombe",35.988278,-77.5843,3,2020,15,37.5
2020-03-08,"Linville Falls","Avery",35.972347,-81.933072,3,2020,NA,40
2020-03-08,"Mendenhall School","Guilford",36.1090060008986,-79.802314,3,2020,20,36.5
2020-03-08,"Millbrook School","Wake",35.856111,-78.574167,3,2020,42.6666666666667,36.5
2020-03-08,"Pitt Agri. Center","Pitt",35.6412760008938,-77.360126,3,2020,23,38.5
2020-03-08,"West Johnston Co.","Johnston",35.59095,-78.4622,3,2020,28,38
2020-03-09,"Bryson City","Swain",35.434767,-83.442133,3,2020,36.5,38.5
2020-03-09,"Castle Hayne","New Hanover",34.364167,-77.838611,3,2020,21.5,44
2020-03-09,"Clemmons Middle","Forsyth",36.026,-80.342,3,2020,47,32
2020-03-09,"Durham Armory","Durham",36.0329550008979,-78.904037,3,2020,36.3333333333333,34
2020-03-09,"Frying Pan Mountain","Haywood",35.379167,-82.7925,3,2020,NA,34
2020-03-09,"Garinger High School","Mecklenburg",35.2401000008895,-80.785683,3,2020,42,33.5
2020-03-09,"Hattie Avenue","Forsyth",36.110693332,-80.2264378,3,2020,32.25,33
2020-03-09,"Leggett","Edgecombe",35.988278,-77.5843,3,2020,21,40
2020-03-09,"Linville Falls","Avery",35.972347,-81.933072,3,2020,18,39.5
2020-03-09,"Mendenhall School","Guilford",36.1090060008986,-79.802314,3,2020,37,33
2020-03-09,"Millbrook School","Wake",35.856111,-78.574167,3,2020,41.75,38.5
2020-03-09,"Pitt Agri. Center","Pitt",35.6412760008938,-77.360126,3,2020,23,41.5
2020-03-09,"West Johnston Co.","Johnston",35.59095,-78.4622,3,2020,30.5,38.5
2020-03-10,"Bryson City","Swain",35.434767,-83.442133,3,2020,45,37.5
2020-03-10,"Castle Hayne","New Hanover",34.364167,-77.838611,3,2020,37,37
2020-03-10,"Clemmons Middle","Forsyth",36.026,-80.342,3,2020,41,33.5
2020-03-10,"Durham Armory","Durham",36.0329550008979,-78.904037,3,2020,50,25
2020-03-10,"Frying Pan Mountain","Haywood",35.379167,-82.7925,3,2020,NA,48
2020-03-10,"Garinger High School","Mecklenburg",35.2401000008895,-80.785683,3,2020,46.5,26.5
2020-03-10,"Hattie Avenue","Forsyth",36.110693332,-80.2264378,3,2020,38.6666666666667,31.5
2020-03-10,"Leggett","Edgecombe",35.988278,-77.5843,3,2020,46,34.5
2020-03-10,"Linville Falls","Avery",35.972347,-81.933072,3,2020,NA,46
2020-03-10,"Mendenhall School","Guilford",36.1090060008986,-79.802314,3,2020,45,33
2020-03-10,"Millbrook School","Wake",35.856111,-78.574167,3,2020,50.75,34.5
2020-03-10,"Pitt Agri. Center","Pitt",35.6412760008938,-77.360126,3,2020,41.3333333333333,39
2020-03-10,"West Johnston Co.","Johnston",35.59095,-78.4622,3,2020,58.5,36.5
2020-03-11,"Bryson City","Swain",35.434767,-83.442133,3,2020,38.5,30
2020-03-11,"Castle Hayne","New Hanover",34.364167,-77.838611,3,2020,24.5,41
2020-03-11,"Clemmons Middle","Forsyth",36.026,-80.342,3,2020,47.5,35
2020-03-11,"Durham Armory","Durham",36.0329550008979,-78.904037,3,2020,44,36
2020-03-11,"Frying Pan Mountain","Haywood",35.379167,-82.7925,3,2020,NA,45
2020-03-11,"Garinger High School","Mecklenburg",35.2401000008895,-80.785683,3,2020,41.3333333333333,32
2020-03-11,"Hattie Avenue","Forsyth",36.110693332,-80.2264378,3,2020,41,36.5
2020-03-11,"Leggett","Edgecombe",35.988278,-77.5843,3,2020,39,38
2020-03-11,"Linville Falls","Avery",35.972347,-81.933072,3,2020,NA,42
2020-03-11,"Mendenhall School","Guilford",36.1090060008986,-79.802314,3,2020,36,37.5
2020-03-11,"Millbrook School","Wake",35.856111,-78.574167,3,2020,36.3333333333333,37
2020-03-11,"Pitt Agri. Center","Pitt",35.6412760008938,-77.360126,3,2020,26,39.5
2020-03-11,"West Johnston Co.","Johnston",35.59095,-78.4622,3,2020,36,37.5
2020-03-12,"Bryson City","Swain",35.434767,-83.442133,3,2020,23,43
2020-03-12,"Castle Hayne","New Hanover",34.364167,-77.838611,3,2020,24.5,40.5
2020-03-12,"Clemmons Middle","Forsyth",36.026,-80.342,3,2020,31,42
2020-03-12,"Durham Armory","Durham",36.0329550008979,-78.904037,3,2020,32.6666666666667,40.5
2020-03-12,"Frying Pan Mountain","Haywood",35.379167,-82.7925,3,2020,NA,48
2020-03-12,"Garinger High School","Mecklenburg",35.2401000008895,-80.785683,3,2020,18.5,39
2020-03-12,"Hattie Avenue","Forsyth",36.110693332,-80.2264378,3,2020,28,43.5
2020-03-12,"Leggett","Edgecombe",35.988278,-77.5843,3,2020,18.5,38.5
2020-03-12,"Linville Falls","Avery",35.972347,-81.933072,3,2020,10,45.5
2020-03-12,"Mendenhall School","Guilford",36.1090060008986,-79.802314,3,2020,25,43.5
2020-03-12,"Millbrook School","Wake",35.856111,-78.574167,3,2020,28.75,45
2020-03-12,"Pitt Agri. Center","Pitt",35.6412760008938,-77.360126,3,2020,19.6666666666667,39
2020-03-12,"West Johnston Co.","Johnston",35.59095,-78.4622,3,2020,29.5,39
2020-03-13,"Bryson City","Swain",35.434767,-83.442133,3,2020,37.5,45
2020-03-13,"Castle Hayne","New Hanover",34.364167,-77.838611,3,2020,15,47
2020-03-13,"Clemmons Middle","Forsyth",36.026,-80.342,3,2020,32.5,46
2020-03-13,"Durham Armory","Durham",36.0329550008979,-78.904037,3,2020,36,44.5
2020-03-13,"Frying Pan Mountain","Haywood",35.379167,-82.7925,3,2020,NA,54
2020-03-13,"Garinger High School","Mecklenburg",35.2401000008895,-80.785683,3,2020,33.75,45.5
2020-03-13,"Hattie Avenue","Forsyth",36.110693332,-80.2264378,3,2020,29.6666666666667,46
2020-03-13,"Leggett","Edgecombe",35.988278,-77.5843,3,2020,21.5,46
2020-03-13,"Linville Falls","Avery",35.972347,-81.933072,3,2020,NA,47
2020-03-13,"Mendenhall School","Guilford",36.1090060008986,-79.802314,3,2020,31.5,47.5
2020-03-13,"Millbrook School","Wake",35.856111,-78.574167,3,2020,35.75,45.5
2020-03-13,"Pitt Agri. Center","Pitt",35.6412760008938,-77.360126,3,2020,22.6666666666667,47
2020-03-13,"West Johnston Co.","Johnston",35.59095,-78.4622,3,2020,30,45.5
2020-03-14,"Bryson City","Swain",35.434767,-83.442133,3,2020,26,42
2020-03-14,"Castle Hayne","New Hanover",34.364167,-77.838611,3,2020,14.5,47
2020-03-14,"Clemmons Middle","Forsyth",36.026,-80.342,3,2020,31.5,45
2020-03-14,"Durham Armory","Durham",36.0329550008979,-78.904037,3,2020,43,46
2020-03-14,"Frying Pan Mountain","Haywood",35.379167,-82.7925,3,2020,NA,41
2020-03-14,"Garinger High School","Mecklenburg",35.2401000008895,-80.785683,3,2020,29,45
2020-03-14,"Hattie Avenue","Forsyth",36.110693332,-80.2264378,3,2020,27.5,45
2020-03-14,"Leggett","Edgecombe",35.988278,-77.5843,3,2020,20,46.5
2020-03-14,"Linville Falls","Avery",35.972347,-81.933072,3,2020,NA,42.5
2020-03-14,"Mendenhall School","Guilford",36.1090060008986,-79.802314,3,2020,25,46.5
2020-03-14,"Millbrook School","Wake",35.856111,-78.574167,3,2020,33.3333333333333,46.5
2020-03-14,"Pitt Agri. Center","Pitt",35.6412760008938,-77.360126,3,2020,21,46.5
2020-03-14,"West Johnston Co.","Johnston",35.59095,-78.4622,3,2020,21.5,46
2020-03-15,"Bryson City","Swain",35.434767,-83.442133,3,2020,34,52.5
2020-03-15,"Castle Hayne","New Hanover",34.364167,-77.838611,3,2020,17,45.5
2020-03-15,"Clemmons Middle","Forsyth",36.026,-80.342,3,2020,41,49
2020-03-15,"Durham Armory","Durham",36.0329550008979,-78.904037,3,2020,38.3333333333333,42.5
2020-03-15,"Frying Pan Mountain","Haywood",35.379167,-82.7925,3,2020,23,54
2020-03-15,"Garinger High School","Mecklenburg",35.2401000008895,-80.785683,3,2020,28.25,39.5
2020-03-15,"Hattie Avenue","Forsyth",36.110693332,-80.2264378,3,2020,34.25,49.5
2020-03-15,"Leggett","Edgecombe",35.988278,-77.5843,3,2020,28.5,45
2020-03-15,"Linville Falls","Avery",35.972347,-81.933072,3,2020,30,42
2020-03-15,"Mendenhall School","Guilford",36.1090060008986,-79.802314,3,2020,33.5,48
2020-03-15,"Millbrook School","Wake",35.856111,-78.574167,3,2020,36,43
2020-03-15,"Pitt Agri. Center","Pitt",35.6412760008938,-77.360126,3,2020,27,46
2020-03-15,"West Johnston Co.","Johnston",35.59095,-78.4622,3,2020,36,45.5
2020-03-16,"Bryson City","Swain",35.434767,-83.442133,3,2020,43,54
2020-03-16,"Castle Hayne","New Hanover",34.364167,-77.838611,3,2020,34.5,56
2020-03-16,"Clemmons Middle","Forsyth",36.026,-80.342,3,2020,25,46.5
2020-03-16,"Durham Armory","Durham",36.0329550008979,-78.904037,3,2020,29,46
2020-03-16,"Frying Pan Mountain","Haywood",35.379167,-82.7925,3,2020,NA,47
2020-03-16,"Garinger High School","Mecklenburg",35.2401000008895,-80.785683,3,2020,30,55.5
2020-03-16,"Hattie Avenue","Forsyth",36.110693332,-80.2264378,3,2020,23,46
2020-03-16,"Leggett","Edgecombe",35.988278,-77.5843,3,2020,18,46.5
2020-03-16,"Linville Falls","Avery",35.972347,-81.933072,3,2020,NA,52.5
2020-03-16,"Mendenhall School","Guilford",36.1090060008986,-79.802314,3,2020,24,49
2020-03-16,"Millbrook School","Wake",35.856111,-78.574167,3,2020,34.25,47
2020-03-16,"Pitt Agri. Center","Pitt",35.6412760008938,-77.360126,3,2020,24.3333333333333,46.5
2020-03-16,"West Johnston Co.","Johnston",35.59095,-78.4622,3,2020,37,49
2020-03-17,"Bryson City","Swain",35.434767,-83.442133,3,2020,44,45
2020-03-17,"Castle Hayne","New Hanover",34.364167,-77.838611,3,2020,28.5,43
2020-03-17,"Clemmons Middle","Forsyth",36.026,-80.342,3,2020,34,47.5
2020-03-17,"Durham Armory","Durham",36.0329550008979,-78.904037,3,2020,42.5,44.5
2020-03-17,"Frying Pan Mountain","Haywood",35.379167,-82.7925,3,2020,NA,48.5
2020-03-17,"Garinger High School","Mecklenburg",35.2401000008895,-80.785683,3,2020,30,44.5
2020-03-17,"Hattie Avenue","Forsyth",36.110693332,-80.2264378,3,2020,29.5,48
2020-03-17,"Leggett","Edgecombe",35.988278,-77.5843,3,2020,26,44.5
2020-03-17,"Linville Falls","Avery",35.972347,-81.933072,3,2020,NA,48
2020-03-17,"Mendenhall School","Guilford",36.1090060008986,-79.802314,3,2020,33.5,53.5
2020-03-17,"Millbrook School","Wake",35.856111,-78.574167,3,2020,45,45
2020-03-17,"Pitt Agri. Center","Pitt",35.6412760008938,-77.360126,3,2020,30,44.5
2020-03-17,"West Johnston Co.","Johnston",35.59095,-78.4622,3,2020,40.5,44
2020-03-18,"Bryson City","Swain",35.434767,-83.442133,3,2020,35,44
2020-03-18,"Castle Hayne","New Hanover",34.364167,-77.838611,3,2020,36,46
2020-03-18,"Clemmons Middle","Forsyth",36.026,-80.342,3,2020,32,45
2020-03-18,"Durham Armory","Durham",36.0329550008979,-78.904037,3,2020,34,44.5
2020-03-18,"Frying Pan Mountain","Haywood",35.379167,-82.7925,3,2020,21,46
2020-03-18,"Garinger High School","Mecklenburg",35.2401000008895,-80.785683,3,2020,27.5,45
2020-03-18,"Hattie Avenue","Forsyth",36.110693332,-80.2264378,3,2020,25.6666666666667,45
2020-03-18,"Leggett","Edgecombe",35.988278,-77.5843,3,2020,17,43.5
2020-03-18,"Linville Falls","Avery",35.972347,-81.933072,3,2020,23,44
2020-03-18,"Mendenhall School","Guilford",36.1090060008986,-79.802314,3,2020,25,45.5
2020-03-18,"Millbrook School","Wake",35.856111,-78.574167,3,2020,40,45
2020-03-18,"Pitt Agri. Center","Pitt",35.6412760008938,-77.360126,3,2020,23.3333333333333,45.5
2020-03-18,"West Johnston Co.","Johnston",35.59095,-78.4622,3,2020,29,46
2020-03-19,"Bryson City","Swain",35.434767,-83.442133,3,2020,39,42.5
2020-03-19,"Castle Hayne","New Hanover",34.364167,-77.838611,3,2020,9,44.5
2020-03-19,"Clemmons Middle","Forsyth",36.026,-80.342,3,2020,38.5,45
2020-03-19,"Durham Armory","Durham",36.0329550008979,-78.904037,3,2020,33.6666666666667,44.5
2020-03-19,"Frying Pan Mountain","Haywood",35.379167,-82.7925,3,2020,NA,45.5
2020-03-19,"Garinger High School","Mecklenburg",35.2401000008895,-80.785683,3,2020,28.75,44
2020-03-19,"Hattie Avenue","Forsyth",36.110693332,-80.2264378,3,2020,28.6666666666667,46
2020-03-19,"Leggett","Edgecombe",35.988278,-77.5843,3,2020,24.5,42
2020-03-19,"Linville Falls","Avery",35.972347,-81.933072,3,2020,NA,45
2020-03-19,"Mendenhall School","Guilford",36.1090060008986,-79.802314,3,2020,32.5,46.5
2020-03-19,"Millbrook School","Wake",35.856111,-78.574167,3,2020,39.75,44
2020-03-19,"Pitt Agri. Center","Pitt",35.6412760008938,-77.360126,3,2020,25,44.5
2020-03-19,"West Johnston Co.","Johnston",35.59095,-78.4622,3,2020,35,45
2020-03-20,"Bryson City","Swain",35.434767,-83.442133,3,2020,25,43.5
2020-03-20,"Castle Hayne","New Hanover",34.364167,-77.838611,3,2020,8,36.5
2020-03-20,"Clemmons Middle","Forsyth",36.026,-80.342,3,2020,32.5,41
2020-03-20,"Durham Armory","Durham",36.0329550008979,-78.904037,3,2020,31.5,38
2020-03-20,"Frying Pan Mountain","Haywood",35.379167,-82.7925,3,2020,NA,57.5
2020-03-20,"Garinger High School","Mecklenburg",35.2401000008895,-80.785683,3,2020,29.6666666666667,39
2020-03-20,"Hattie Avenue","Forsyth",36.110693332,-80.2264378,3,2020,27.5,47
2020-03-20,"Leggett","Edgecombe",35.988278,-77.5843,3,2020,16,37.5
2020-03-20,"Linville Falls","Avery",35.972347,-81.933072,3,2020,NA,46
2020-03-20,"Mendenhall School","Guilford",36.1090060008986,-79.802314,3,2020,21.5,42
2020-03-20,"Millbrook School","Wake",35.856111,-78.574167,3,2020,37,37
2020-03-20,"Pitt Agri. Center","Pitt",35.6412760008938,-77.360126,3,2020,21,36
2020-03-20,"West Johnston Co.","Johnston",35.59095,-78.4622,3,2020,7,37
2020-03-21,"Bryson City","Swain",35.434767,-83.442133,3,2020,35,41
2020-03-21,"Castle Hayne","New Hanover",34.364167,-77.838611,3,2020,7,36.5
2020-03-21,"Clemmons Middle","Forsyth",36.026,-80.342,3,2020,31,35
2020-03-21,"Durham Armory","Durham",36.0329550008979,-78.904037,3,2020,23.6666666666667,37.5
2020-03-21,"Frying Pan Mountain","Haywood",35.379167,-82.7925,3,2020,4,57
2020-03-21,"Garinger High School","Mecklenburg",35.2401000008895,-80.785683,3,2020,22.25,41
2020-03-21,"Hattie Avenue","Forsyth",36.110693332,-80.2264378,3,2020,17.75,41.5
2020-03-21,"Leggett","Edgecombe",35.988278,-77.5843,3,2020,8.5,35
2020-03-21,"Linville Falls","Avery",35.972347,-81.933072,3,2020,5,47
2020-03-21,"Mendenhall School","Guilford",36.1090060008986,-79.802314,3,2020,15.5,41
2020-03-21,"Millbrook School","Wake",35.856111,-78.574167,3,2020,22,38
2020-03-21,"Pitt Agri. Center","Pitt",35.6412760008938,-77.360126,3,2020,10,38
2020-03-21,"West Johnston Co.","Johnston",35.59095,-78.4622,3,2020,9.5,37.5
2020-03-22,"Bryson City","Swain",35.434767,-83.442133,3,2020,29,46
2020-03-22,"Castle Hayne","New Hanover",34.364167,-77.838611,3,2020,13,44
2020-03-22,"Clemmons Middle","Forsyth",36.026,-80.342,3,2020,21,45.5
2020-03-22,"Durham Armory","Durham",36.0329550008979,-78.904037,3,2020,21,43
2020-03-22,"Frying Pan Mountain","Haywood",35.379167,-82.7925,3,2020,NA,48
2020-03-22,"Garinger High School","Mecklenburg",35.2401000008895,-80.785683,3,2020,18.5,44.5
2020-03-22,"Hattie Avenue","Forsyth",36.110693332,-80.2264378,3,2020,19.6666666666667,45
2020-03-22,"Leggett","Edgecombe",35.988278,-77.5843,3,2020,14.5,43.5
2020-03-22,"Linville Falls","Avery",35.972347,-81.933072,3,2020,NA,49
2020-03-22,"Mendenhall School","Guilford",36.1090060008986,-79.802314,3,2020,13,45
2020-03-22,"Millbrook School","Wake",35.856111,-78.574167,3,2020,25.75,43
2020-03-22,"Pitt Agri. Center","Pitt",35.6412760008938,-77.360126,3,2020,18.3333333333333,44
2020-03-22,"West Johnston Co.","Johnston",35.59095,-78.4622,3,2020,12.5,43.5
2020-03-23,"Bryson City","Swain",35.434767,-83.442133,3,2020,31,47
2020-03-23,"Castle Hayne","New Hanover",34.364167,-77.838611,3,2020,18,47.5
2020-03-23,"Clemmons Middle","Forsyth",36.026,-80.342,3,2020,19,48
2020-03-23,"Durham Armory","Durham",36.0329550008979,-78.904037,3,2020,34,47
2020-03-23,"Frying Pan Mountain","Haywood",35.379167,-82.7925,3,2020,NA,59.5
2020-03-23,"Garinger High School","Mecklenburg",35.2401000008895,-80.785683,3,2020,25.3333333333333,49
2020-03-23,"Hattie Avenue","Forsyth",36.110693332,-80.2264378,3,2020,18,48
2020-03-23,"Leggett","Edgecombe",35.988278,-77.5843,3,2020,12.5,46
2020-03-23,"Linville Falls","Avery",35.972347,-81.933072,3,2020,NA,51.5
2020-03-23,"Mendenhall School","Guilford",36.1090060008986,-79.802314,3,2020,21.5,49.5
2020-03-23,"Millbrook School","Wake",35.856111,-78.574167,3,2020,27,48
2020-03-23,"Pitt Agri. Center","Pitt",35.6412760008938,-77.360126,3,2020,16,46.5
2020-03-23,"West Johnston Co.","Johnston",35.59095,-78.4622,3,2020,23,48
2020-03-24,"Bryson City","Swain",35.434767,-83.442133,3,2020,46,55.5
2020-03-24,"Castle Hayne","New Hanover",34.364167,-77.838611,3,2020,23,52.5
2020-03-24,"Clemmons Middle","Forsyth",36.026,-80.342,3,2020,49.5,52
2020-03-24,"Durham Armory","Durham",36.0329550008979,-78.904037,3,2020,33,51
2020-03-24,"Frying Pan Mountain","Haywood",35.379167,-82.7925,3,2020,23,67
2020-03-24,"Garinger High School","Mecklenburg",35.2401000008895,-80.785683,3,2020,37.5,50
2020-03-24,"Hattie Avenue","Forsyth",36.110693332,-80.2264378,3,2020,38.3333333333333,54
2020-03-24,"Leggett","Edgecombe",35.988278,-77.5843,3,2020,18,49
2020-03-24,"Linville Falls","Avery",35.972347,-81.933072,3,2020,21,58.5
2020-03-24,"Mendenhall School","Guilford",36.1090060008986,-79.802314,3,2020,38,59
2020-03-24,"Millbrook School","Wake",35.856111,-78.574167,3,2020,38,53.5
2020-03-24,"Pitt Agri. Center","Pitt",35.6412760008938,-77.360126,3,2020,23.6666666666667,49.5
2020-03-24,"West Johnston Co.","Johnston",35.59095,-78.4622,3,2020,46,51
2020-03-25,"Bryson City","Swain",35.434767,-83.442133,3,2020,40,36.5
2020-03-25,"Castle Hayne","New Hanover",34.364167,-77.838611,3,2020,7,49
2020-03-25,"Clemmons Middle","Forsyth",36.026,-80.342,3,2020,43,45
2020-03-25,"Durham Armory","Durham",36.0329550008979,-78.904037,3,2020,36,44
2020-03-25,"Frying Pan Mountain","Haywood",35.379167,-82.7925,3,2020,NA,50
2020-03-25,"Garinger High School","Mecklenburg",35.2401000008895,-80.785683,3,2020,42.3333333333333,44
2020-03-25,"Hattie Avenue","Forsyth",36.110693332,-80.2264378,3,2020,43,44
2020-03-25,"Leggett","Edgecombe",35.988278,-77.5843,3,2020,27,48
2020-03-25,"Linville Falls","Avery",35.972347,-81.933072,3,2020,NA,44
2020-03-25,"Mendenhall School","Guilford",36.1090060008986,-79.802314,3,2020,35,46
2020-03-25,"Millbrook School","Wake",35.856111,-78.574167,3,2020,42.25,47
2020-03-25,"Pitt Agri. Center","Pitt",35.6412760008938,-77.360126,3,2020,27,48
2020-03-25,"West Johnston Co.","Johnston",35.59095,-78.4622,3,2020,28.5,46.5
2020-03-26,"Bryson City","Swain",35.434767,-83.442133,3,2020,24,42.5
2020-03-26,"Castle Hayne","New Hanover",34.364167,-77.838611,3,2020,13,43.5
2020-03-26,"Clemmons Middle","Forsyth",36.026,-80.342,3,2020,34,42.5
2020-03-26,"Durham Armory","Durham",36.0329550008979,-78.904037,3,2020,23,42.5
2020-03-26,"Frying Pan Mountain","Haywood",35.379167,-82.7925,3,2020,NA,44
2020-03-26,"Garinger High School","Mecklenburg",35.2401000008895,-80.785683,3,2020,29.5,43.5
2020-03-26,"Hattie Avenue","Forsyth",36.110693332,-80.2264378,3,2020,29,43.5
2020-03-26,"Leggett","Edgecombe",35.988278,-77.5843,3,2020,18,43.5
2020-03-26,"Linville Falls","Avery",35.972347,-81.933072,3,2020,NA,39
2020-03-26,"Mendenhall School","Guilford",36.1090060008986,-79.802314,3,2020,23,44
2020-03-26,"Millbrook School","Wake",35.856111,-78.574167,3,2020,38,44
2020-03-26,"Pitt Agri. Center","Pitt",35.6412760008938,-77.360126,3,2020,25.5,43.5
2020-03-26,"West Johnston Co.","Johnston",35.59095,-78.4622,3,2020,26,44
2020-03-27,"Bryson City","Swain",35.434767,-83.442133,3,2020,28,39
2020-03-27,"Castle Hayne","New Hanover",34.364167,-77.838611,3,2020,16,38
2020-03-27,"Clemmons Middle","Forsyth",36.026,-80.342,3,2020,28.5,42.5
2020-03-27,"Durham Armory","Durham",36.0329550008979,-78.904037,3,2020,23.6666666666667,39.5
2020-03-27,"Frying Pan Mountain","Haywood",35.379167,-82.7925,3,2020,7,46.5
2020-03-27,"Garinger High School","Mecklenburg",35.2401000008895,-80.785683,3,2020,30.3333333333333,40.5
2020-03-27,"Hattie Avenue","Forsyth",36.110693332,-80.2264378,3,2020,26,42.5
2020-03-27,"Leggett","Edgecombe",35.988278,-77.5843,3,2020,19,40
2020-03-27,"Linville Falls","Avery",35.972347,-81.933072,3,2020,18,44.5
2020-03-27,"Mendenhall School","Guilford",36.1090060008986,-79.802314,3,2020,23.5,43
2020-03-27,"Millbrook School","Wake",35.856111,-78.574167,3,2020,33.25,39
2020-03-27,"Pitt Agri. Center","Pitt",35.6412760008938,-77.360126,3,2020,24,40.5
2020-03-27,"West Johnston Co.","Johnston",35.59095,-78.4622,3,2020,23,39
2020-03-28,"Bryson City","Swain",35.434767,-83.442133,3,2020,39,41.5
2020-03-28,"Castle Hayne","New Hanover",34.364167,-77.838611,3,2020,17.5,44
2020-03-28,"Clemmons Middle","Forsyth",36.026,-80.342,3,2020,52,52.5
2020-03-28,"Durham Armory","Durham",36.0329550008979,-78.904037,3,2020,28,46.5
2020-03-28,"Frying Pan Mountain","Haywood",35.379167,-82.7925,3,2020,NA,53
2020-03-28,"Garinger High School","Mecklenburg",35.2401000008895,-80.785683,3,2020,38,48
2020-03-28,"Hattie Avenue","Forsyth",36.110693332,-80.2264378,3,2020,38.6666666666667,48
2020-03-28,"Leggett","Edgecombe",35.988278,-77.5843,3,2020,16,48
2020-03-28,"Linville Falls","Avery",35.972347,-81.933072,3,2020,NA,50
2020-03-28,"Mendenhall School","Guilford",36.1090060008986,-79.802314,3,2020,35,51.5
2020-03-28,"Millbrook School","Wake",35.856111,-78.574167,3,2020,38,46
2020-03-28,"Pitt Agri. Center","Pitt",35.6412760008938,-77.360126,3,2020,31.5,42
2020-03-28,"West Johnston Co.","Johnston",35.59095,-78.4622,3,2020,35,45
2020-03-29,"Bryson City","Swain",35.434767,-83.442133,3,2020,40.5,47.5
2020-03-29,"Castle Hayne","New Hanover",34.364167,-77.838611,3,2020,6,46.5
2020-03-29,"Clemmons Middle","Forsyth",36.026,-80.342,3,2020,57,62.5
2020-03-29,"Durham Armory","Durham",36.0329550008979,-78.904037,3,2020,51,55
2020-03-29,"Frying Pan Mountain","Haywood",35.379167,-82.7925,3,2020,NA,54.5
2020-03-29,"Garinger High School","Mecklenburg",35.2401000008895,-80.785683,3,2020,45,56
2020-03-29,"Hattie Avenue","Forsyth",36.110693332,-80.2264378,3,2020,51,63
2020-03-29,"Leggett","Edgecombe",35.988278,-77.5843,3,2020,33,51.5
2020-03-29,"Linville Falls","Avery",35.972347,-81.933072,3,2020,NA,53.5
2020-03-29,"Mendenhall School","Guilford",36.1090060008986,-79.802314,3,2020,51.5,67.5
2020-03-29,"Millbrook School","Wake",35.856111,-78.574167,3,2020,55,55.5
2020-03-29,"Pitt Agri. Center","Pitt",35.6412760008938,-77.360126,3,2020,25.5,44
2020-03-29,"West Johnston Co.","Johnston",35.59095,-78.4622,3,2020,38,50.5
2020-03-30,"Bryson City","Swain",35.434767,-83.442133,3,2020,31.5,46.5
2020-03-30,"Castle Hayne","New Hanover",34.364167,-77.838611,3,2020,14,44
2020-03-30,"Clemmons Middle","Forsyth",36.026,-80.342,3,2020,49,47
2020-03-30,"Durham Armory","Durham",36.0329550008979,-78.904037,3,2020,37,47
2020-03-30,"Frying Pan Mountain","Haywood",35.379167,-82.7925,3,2020,4,47
2020-03-30,"Garinger High School","Mecklenburg",35.2401000008895,-80.785683,3,2020,36.25,46
2020-03-30,"Hattie Avenue","Forsyth",36.110693332,-80.2264378,3,2020,32.3333333333333,47
2020-03-30,"Leggett","Edgecombe",35.988278,-77.5843,3,2020,26.5,43
2020-03-30,"Linville Falls","Avery",35.972347,-81.933072,3,2020,7,46
2020-03-30,"Mendenhall School","Guilford",36.1090060008986,-79.802314,3,2020,37,55.5
2020-03-30,"Millbrook School","Wake",35.856111,-78.574167,3,2020,37.5,45
2020-03-30,"Pitt Agri. Center","Pitt",35.6412760008938,-77.360126,3,2020,27,44
2020-03-30,"West Johnston Co.","Johnston",35.59095,-78.4622,3,2020,29.5,43.5
2020-03-31,"Bryson City","Swain",35.434767,-83.442133,3,2020,20.5,43.5
2020-03-31,"Castle Hayne","New Hanover",34.364167,-77.838611,3,2020,10,43
2020-03-31,"Clemmons Middle","Forsyth",36.026,-80.342,3,2020,25.5,46
2020-03-31,"Durham Armory","Durham",36.0329550008979,-78.904037,3,2020,18,44
2020-03-31,"Frying Pan Mountain","Haywood",35.379167,-82.7925,3,2020,NA,48
2020-03-31,"Garinger High School","Mecklenburg",35.2401000008895,-80.785683,3,2020,18.6666666666667,44
2020-03-31,"Hattie Avenue","Forsyth",36.110693332,-80.2264378,3,2020,21,46
2020-03-31,"Leggett","Edgecombe",35.988278,-77.5843,3,2020,14,42.5
2020-03-31,"Linville Falls","Avery",35.972347,-81.933072,3,2020,NA,41
2020-03-31,"Mendenhall School","Guilford",36.1090060008986,-79.802314,3,2020,19,45.5
2020-03-31,"Millbrook School","Wake",35.856111,-78.574167,3,2020,23.6666666666667,44
2020-03-31,"Pitt Agri. Center","Pitt",35.6412760008938,-77.360126,3,2020,14,42
2020-03-31,"West Johnston Co.","Johnston",35.59095,-78.4622,3,2020,21.5,43
2020-04-01,"Bryson City","Swain",35.434767,-83.442133,4,2020,22.5,45.5
2020-04-01,"Castle Hayne","New Hanover",34.364167,-77.838611,4,2020,7,44
2020-04-01,"Clemmons Middle","Forsyth",36.026,-80.342,4,2020,28,46
2020-04-01,"Durham Armory","Durham",36.0329550008979,-78.904037,4,2020,12,45.5
2020-04-01,"Frying Pan Mountain","Haywood",35.379167,-82.7925,4,2020,NA,50
2020-04-01,"Garinger High School","Mecklenburg",35.2401000008895,-80.785683,4,2020,21.3333333333333,46.5
2020-04-01,"Hattie Avenue","Forsyth",36.110693332,-80.2264378,4,2020,23.5,46.5
2020-04-01,"Leggett","Edgecombe",35.988278,-77.5843,4,2020,25.5,45.5
2020-04-01,"Linville Falls","Avery",35.972347,-81.933072,4,2020,NA,45
2020-04-01,"Mendenhall School","Guilford",36.1090060008986,-79.802314,4,2020,19.5,48
2020-04-01,"Millbrook School","Wake",35.856111,-78.574167,4,2020,32.75,46
2020-04-01,"Pitt Agri. Center","Pitt",35.6412760008938,-77.360126,4,2020,22.5,46
2020-04-01,"West Johnston Co.","Johnston",35.59095,-78.4622,4,2020,22.5,45.5
2020-04-02,"Bryson City","Swain",35.434767,-83.442133,4,2020,36.5,44.5
2020-04-02,"Castle Hayne","New Hanover",34.364167,-77.838611,4,2020,12.5,41
2020-04-02,"Clemmons Middle","Forsyth",36.026,-80.342,4,2020,37,49
2020-04-02,"Durham Armory","Durham",36.0329550008979,-78.904037,4,2020,30.5,42
2020-04-02,"Frying Pan Mountain","Haywood",35.379167,-82.7925,4,2020,32,61
2020-04-02,"Garinger High School","Mecklenburg",35.2401000008895,-80.785683,4,2020,31.5,44
2020-04-02,"Hattie Avenue","Forsyth",36.110693332,-80.2264378,4,2020,27.75,46.5
2020-04-02,"Leggett","Edgecombe",35.988278,-77.5843,4,2020,25.5,41
2020-04-02,"Linville Falls","Avery",35.972347,-81.933072,4,2020,25,48
2020-04-02,"Mendenhall School","Guilford",36.1090060008986,-79.802314,4,2020,29.5,48.5
2020-04-02,"Millbrook School","Wake",35.856111,-78.574167,4,2020,36.8,42
2020-04-02,"Pitt Agri. Center","Pitt",35.6412760008938,-77.360126,4,2020,27,41
2020-04-02,"West Johnston Co.","Johnston",35.59095,-78.4622,4,2020,29,41.5
2020-04-03,"Bryson City","Swain",35.434767,-83.442133,4,2020,44.5,44.5
2020-04-03,"Castle Hayne","New Hanover",34.364167,-77.838611,4,2020,24,40
2020-04-03,"Clemmons Middle","Forsyth",36.026,-80.342,4,2020,56,51
2020-04-03,"Durham Armory","Durham",36.0329550008979,-78.904037,4,2020,46,46
2020-04-03,"Frying Pan Mountain","Haywood",35.379167,-82.7925,4,2020,NA,67
2020-04-03,"Garinger High School","Mecklenburg",35.2401000008895,-80.785683,4,2020,39.3333333333333,51
2020-04-03,"Hattie Avenue","Forsyth",36.110693332,-80.2264378,4,2020,41,50.5
2020-04-03,"Leggett","Edgecombe",35.988278,-77.5843,4,2020,32.5,44
2020-04-03,"Linville Falls","Avery",35.972347,-81.933072,4,2020,NA,48.5
2020-04-03,"Mendenhall School","Guilford",36.1090060008986,-79.802314,4,2020,30,52.5
2020-04-03,"Millbrook School","Wake",35.856111,-78.574167,4,2020,48.25,45.5
2020-04-03,"Pitt Agri. Center","Pitt",35.6412760008938,-77.360126,4,2020,36,42.5
2020-04-03,"West Johnston Co.","Johnston",35.59095,-78.4622,4,2020,35,45.5
2020-04-04,"Bryson City","Swain",35.434767,-83.442133,4,2020,31.5,50.5
2020-04-04,"Castle Hayne","New Hanover",34.364167,-77.838611,4,2020,16.5,57
2020-04-04,"Clemmons Middle","Forsyth",36.026,-80.342,4,2020,48,58.5
2020-04-04,"Durham Armory","Durham",36.0329550008979,-78.904037,4,2020,38,58
2020-04-04,"Frying Pan Mountain","Haywood",35.379167,-82.7925,4,2020,NA,55.5
2020-04-04,"Garinger High School","Mecklenburg",35.2401000008895,-80.785683,4,2020,31.3333333333333,54
2020-04-04,"Hattie Avenue","Forsyth",36.110693332,-80.2264378,4,2020,38.5,60.5
2020-04-04,"Leggett","Edgecombe",35.988278,-77.5843,4,2020,33,52
2020-04-04,"Linville Falls","Avery",35.972347,-81.933072,4,2020,NA,59
2020-04-04,"Mendenhall School","Guilford",36.1090060008986,-79.802314,4,2020,32,61.5
2020-04-04,"Millbrook School","Wake",35.856111,-78.574167,4,2020,41.25,57.5
2020-04-04,"Pitt Agri. Center","Pitt",35.6412760008938,-77.360126,4,2020,30,54.5
2020-04-04,"West Johnston Co.","Johnston",35.59095,-78.4622,4,2020,29,57.5
2020-04-05,"Bryson City","Swain",35.434767,-83.442133,4,2020,26.5,44
2020-04-05,"Castle Hayne","New Hanover",34.364167,-77.838611,4,2020,7.5,47
2020-04-05,"Clemmons Middle","Forsyth",36.026,-80.342,4,2020,34,43.5
2020-04-05,"Durham Armory","Durham",36.0329550008979,-78.904037,4,2020,27,41.5
2020-04-05,"Frying Pan Mountain","Haywood",35.379167,-82.7925,4,2020,15,47.5
2020-04-05,"Garinger High School","Mecklenburg",35.2401000008895,-80.785683,4,2020,21.5,41
2020-04-05,"Hattie Avenue","Forsyth",36.110693332,-80.2264378,4,2020,22.6666666666667,44
2020-04-05,"Leggett","Edgecombe",35.988278,-77.5843,4,2020,29.5,38
2020-04-05,"Linville Falls","Avery",35.972347,-81.933072,4,2020,19,46
2020-04-05,"Mendenhall School","Guilford",36.1090060008986,-79.802314,4,2020,18.5,43
2020-04-05,"Millbrook School","Wake",35.856111,-78.574167,4,2020,32.4,42
2020-04-05,"Pitt Agri. Center","Pitt",35.6412760008938,-77.360126,4,2020,26.3333333333333,46
2020-04-05,"West Johnston Co.","Johnston",35.59095,-78.4622,4,2020,27.5,43
2020-04-06,"Bryson City","Swain",35.434767,-83.442133,4,2020,30,37.5
2020-04-06,"Castle Hayne","New Hanover",34.364167,-77.838611,4,2020,8,48.5
2020-04-06,"Clemmons Middle","Forsyth",36.026,-80.342,4,2020,38.5,49
2020-04-06,"Durham Armory","Durham",36.0329550008979,-78.904037,4,2020,36.5,44.5
2020-04-06,"Frying Pan Mountain","Haywood",35.379167,-82.7925,4,2020,NA,52
2020-04-06,"Garinger High School","Mecklenburg",35.2401000008895,-80.785683,4,2020,34.25,47
2020-04-06,"Hattie Avenue","Forsyth",36.110693332,-80.2264378,4,2020,36,50
2020-04-06,"Leggett","Edgecombe",35.988278,-77.5843,4,2020,24.5,46.5
2020-04-06,"Linville Falls","Avery",35.972347,-81.933072,4,2020,NA,48.5
2020-04-06,"Mendenhall School","Guilford",36.1090060008986,-79.802314,4,2020,31.5,56.5
2020-04-06,"Millbrook School","Wake",35.856111,-78.574167,4,2020,39,46
2020-04-06,"Pitt Agri. Center","Pitt",35.6412760008938,-77.360126,4,2020,25,47.5
2020-04-06,"West Johnston Co.","Johnston",35.59095,-78.4622,4,2020,43.5,51
2020-04-07,"Bryson City","Swain",35.434767,-83.442133,4,2020,24,36.5
2020-04-07,"Castle Hayne","New Hanover",34.364167,-77.838611,4,2020,11.5,40.5
2020-04-07,"Clemmons Middle","Forsyth",36.026,-80.342,4,2020,44,37
2020-04-07,"Durham Armory","Durham",36.0329550008979,-78.904037,4,2020,41.5,38.5
2020-04-07,"Frying Pan Mountain","Haywood",35.379167,-82.7925,4,2020,NA,43
2020-04-07,"Garinger High School","Mecklenburg",35.2401000008895,-80.785683,4,2020,44,35
2020-04-07,"Hattie Avenue","Forsyth",36.110693332,-80.2264378,4,2020,39,39
2020-04-07,"Leggett","Edgecombe",35.988278,-77.5843,4,2020,20,38
2020-04-07,"Linville Falls","Avery",35.972347,-81.933072,4,2020,NA,39.5
2020-04-07,"Mendenhall School","Guilford",36.1090060008986,-79.802314,4,2020,31.5,40
2020-04-07,"Millbrook School","Wake",35.856111,-78.574167,4,2020,44.25,38.5
2020-04-07,"Pitt Agri. Center","Pitt",35.6412760008938,-77.360126,4,2020,20.5,42
2020-04-07,"West Johnston Co.","Johnston",35.59095,-78.4622,4,2020,32,38
2020-04-08,"Bryson City","Swain",35.434767,-83.442133,4,2020,16,32
2020-04-08,"Castle Hayne","New Hanover",34.364167,-77.838611,4,2020,8.5,37.5
2020-04-08,"Clemmons Middle","Forsyth",36.026,-80.342,4,2020,36,38
2020-04-08,"Durham Armory","Durham",36.0329550008979,-78.904037,4,2020,27,36.5
2020-04-08,"Frying Pan Mountain","Haywood",35.379167,-82.7925,4,2020,8,42.5
2020-04-08,"Garinger High School","Mecklenburg",35.2401000008895,-80.785683,4,2020,25.5,37.5
2020-04-08,"Hattie Avenue","Forsyth",36.110693332,-80.2264378,4,2020,27,38
2020-04-08,"Leggett","Edgecombe",35.988278,-77.5843,4,2020,21.5,37
2020-04-08,"Linville Falls","Avery",35.972347,-81.933072,4,2020,12,37.5
2020-04-08,"Mendenhall School","Guilford",36.1090060008986,-79.802314,4,2020,22.5,41
2020-04-08,"Millbrook School","Wake",35.856111,-78.574167,4,2020,30,39.5
2020-04-08,"Pitt Agri. Center","Pitt",35.6412760008938,-77.360126,4,2020,22,36
2020-04-08,"West Johnston Co.","Johnston",35.59095,-78.4622,4,2020,27.5,40
2020-04-09,"Bryson City","Swain",35.434767,-83.442133,4,2020,16.5,37
2020-04-09,"Castle Hayne","New Hanover",34.364167,-77.838611,4,2020,10.5,34.5
2020-04-09,"Clemmons Middle","Forsyth",36.026,-80.342,4,2020,20.3333333333333,43
2020-04-09,"Durham Armory","Durham",36.0329550008979,-78.904037,4,2020,32.5,40.5
2020-04-09,"Frying Pan Mountain","Haywood",35.379167,-82.7925,4,2020,NA,43
2020-04-09,"Garinger High School","Mecklenburg",35.2401000008895,-80.785683,4,2020,29.25,33
2020-04-09,"Hattie Avenue","Forsyth",36.110693332,-80.2264378,4,2020,25,43.5
2020-04-09,"Leggett","Edgecombe",35.988278,-77.5843,4,2020,22,35
2020-04-09,"Linville Falls","Avery",35.972347,-81.933072,4,2020,NA,42
2020-04-09,"Mendenhall School","Guilford",36.1090060008986,-79.802314,4,2020,22.5,45
2020-04-09,"Millbrook School","Wake",35.856111,-78.574167,4,2020,36,38.5
2020-04-09,"Pitt Agri. Center","Pitt",35.6412760008938,-77.360126,4,2020,26.6666666666667,31
2020-04-09,"West Johnston Co.","Johnston",35.59095,-78.4622,4,2020,30,34
2020-04-10,"Bryson City","Swain",35.434767,-83.442133,4,2020,25,44.5
2020-04-10,"Castle Hayne","New Hanover",34.364167,-77.838611,4,2020,11.5,42.5
2020-04-10,"Clemmons Middle","Forsyth",36.026,-80.342,4,2020,33,51.5
2020-04-10,"Durham Armory","Durham",36.0329550008979,-78.904037,4,2020,34.5,52.5
2020-04-10,"Frying Pan Mountain","Haywood",35.379167,-82.7925,4,2020,NA,49.5
2020-04-10,"Garinger High School","Mecklenburg",35.2401000008895,-80.785683,4,2020,28.3333333333333,57.5
2020-04-10,"Hattie Avenue","Forsyth",36.110693332,-80.2264378,4,2020,29,55
2020-04-10,"Leggett","Edgecombe",35.988278,-77.5843,4,2020,26.5,50
2020-04-10,"Linville Falls","Avery",35.972347,-81.933072,4,2020,NA,47
2020-04-10,"Mendenhall School","Guilford",36.1090060008986,-79.802314,4,2020,22.5,58
2020-04-10,"Millbrook School","Wake",35.856111,-78.574167,4,2020,39.5,50.5
2020-04-10,"Pitt Agri. Center","Pitt",35.6412760008938,-77.360126,4,2020,25.5,50
2020-04-10,"West Johnston Co.","Johnston",35.59095,-78.4622,4,2020,32.5,48.5
2020-04-11,"Bryson City","Swain",35.434767,-83.442133,4,2020,28,45
2020-04-11,"Castle Hayne","New Hanover",34.364167,-77.838611,4,2020,17.5,48.5
2020-04-11,"Clemmons Middle","Forsyth",36.026,-80.342,4,2020,40,48
2020-04-11,"Durham Armory","Durham",36.0329550008979,-78.904037,4,2020,38.3333333333333,53
2020-04-11,"Frying Pan Mountain","Haywood",35.379167,-82.7925,4,2020,16,52
2020-04-11,"Garinger High School","Mecklenburg",35.2401000008895,-80.785683,4,2020,37,47
2020-04-11,"Hattie Avenue","Forsyth",36.110693332,-80.2264378,4,2020,33,48.5
2020-04-11,"Leggett","Edgecombe",35.988278,-77.5843,4,2020,32.5,48
2020-04-11,"Linville Falls","Avery",35.972347,-81.933072,4,2020,19,49
2020-04-11,"Mendenhall School","Guilford",36.1090060008986,-79.802314,4,2020,36,52.5
2020-04-11,"Millbrook School","Wake",35.856111,-78.574167,4,2020,47.2,53.5
2020-04-11,"Pitt Agri. Center","Pitt",35.6412760008938,-77.360126,4,2020,34.6666666666667,50.5
2020-04-11,"West Johnston Co.","Johnston",35.59095,-78.4622,4,2020,39,52
2020-04-12,"Bryson City","Swain",35.434767,-83.442133,4,2020,39,49
2020-04-12,"Castle Hayne","New Hanover",34.364167,-77.838611,4,2020,32,47.5
2020-04-12,"Clemmons Middle","Forsyth",36.026,-80.342,4,2020,50,49.5
2020-04-12,"Durham Armory","Durham",36.0329550008979,-78.904037,4,2020,30.3333333333333,42.5
2020-04-12,"Frying Pan Mountain","Haywood",35.379167,-82.7925,4,2020,NA,62.5
2020-04-12,"Garinger High School","Mecklenburg",35.2401000008895,-80.785683,4,2020,31.5,43.5
2020-04-12,"Hattie Avenue","Forsyth",36.110693332,-80.2264378,4,2020,40,48
2020-04-12,"Leggett","Edgecombe",35.988278,-77.5843,4,2020,32.5,49
2020-04-12,"Linville Falls","Avery",35.972347,-81.933072,4,2020,NA,51.5
2020-04-12,"Mendenhall School","Guilford",36.1090060008986,-79.802314,4,2020,37,46.5
2020-04-12,"Millbrook School","Wake",35.856111,-78.574167,4,2020,41.6,46
2020-04-12,"Pitt Agri. Center","Pitt",35.6412760008938,-77.360126,4,2020,33.3333333333333,48
2020-04-12,"West Johnston Co.","Johnston",35.59095,-78.4622,4,2020,38.5,46.5
2020-04-13,"Bryson City","Swain",35.434767,-83.442133,4,2020,50,50.5
2020-04-13,"Castle Hayne","New Hanover",34.364167,-77.838611,4,2020,10,39
2020-04-13,"Clemmons Middle","Forsyth",36.026,-80.342,4,2020,47.5,59.5
2020-04-13,"Durham Armory","Durham",36.0329550008979,-78.904037,4,2020,30,36.5
2020-04-13,"Frying Pan Mountain","Haywood",35.379167,-82.7925,4,2020,NA,57
2020-04-13,"Garinger High School","Mecklenburg",35.2401000008895,-80.785683,4,2020,31,43
2020-04-13,"Hattie Avenue","Forsyth",36.110693332,-80.2264378,4,2020,41,60
2020-04-13,"Leggett","Edgecombe",35.988278,-77.5843,4,2020,25,40.5
2020-04-13,"Linville Falls","Avery",35.972347,-81.933072,4,2020,NA,84
2020-04-13,"Mendenhall School","Guilford",36.1090060008986,-79.802314,4,2020,35.5,52
2020-04-13,"Millbrook School","Wake",35.856111,-78.574167,4,2020,40.25,39.5
2020-04-13,"Pitt Agri. Center","Pitt",35.6412760008938,-77.360126,4,2020,27.5,40
2020-04-13,"West Johnston Co.","Johnston",35.59095,-78.4622,4,2020,33.5,39
2020-04-14,"Bryson City","Swain",35.434767,-83.442133,4,2020,38.5,43
2020-04-14,"Castle Hayne","New Hanover",34.364167,-77.838611,4,2020,12,36
2020-04-14,"Clemmons Middle","Forsyth",36.026,-80.342,4,2020,46.5,42
2020-04-14,"Durham Armory","Durham",36.0329550008979,-78.904037,4,2020,32,37.5
2020-04-14,"Frying Pan Mountain","Haywood",35.379167,-82.7925,4,2020,29,44.5
2020-04-14,"Garinger High School","Mecklenburg",35.2401000008895,-80.785683,4,2020,31.5,40
2020-04-14,"Hattie Avenue","Forsyth",36.110693332,-80.2264378,4,2020,38,40.5
2020-04-14,"Leggett","Edgecombe",35.988278,-77.5843,4,2020,27,37.5
2020-04-14,"Linville Falls","Avery",35.972347,-81.933072,4,2020,32,44
2020-04-14,"Mendenhall School","Guilford",36.1090060008986,-79.802314,4,2020,33.5,42
2020-04-14,"Millbrook School","Wake",35.856111,-78.574167,4,2020,45,39
2020-04-14,"Pitt Agri. Center","Pitt",35.6412760008938,-77.360126,4,2020,27.3333333333333,38
2020-04-14,"West Johnston Co.","Johnston",35.59095,-78.4622,4,2020,31,38.5
2020-04-15,"Bryson City","Swain",35.434767,-83.442133,4,2020,22,41
2020-04-15,"Castle Hayne","New Hanover",34.364167,-77.838611,4,2020,14,39
2020-04-15,"Clemmons Middle","Forsyth",36.026,-80.342,4,2020,20.6666666666667,41
2020-04-15,"Durham Armory","Durham",36.0329550008979,-78.904037,4,2020,17.3333333333333,40
2020-04-15,"Frying Pan Mountain","Haywood",35.379167,-82.7925,4,2020,NA,53
2020-04-15,"Garinger High School","Mecklenburg",35.2401000008895,-80.785683,4,2020,17.25,40.5
2020-04-15,"Hattie Avenue","Forsyth",36.110693332,-80.2264378,4,2020,18.75,41
2020-04-15,"Leggett","Edgecombe",35.988278,-77.5843,4,2020,20,41.5
2020-04-15,"Linville Falls","Avery",35.972347,-81.933072,4,2020,NA,44
2020-04-15,"Mendenhall School","Guilford",36.1090060008986,-79.802314,4,2020,16.5,41.5
2020-04-15,"Millbrook School","Wake",35.856111,-78.574167,4,2020,25.6,40.5
2020-04-15,"Pitt Agri. Center","Pitt",35.6412760008938,-77.360126,4,2020,20,40.5
2020-04-15,"West Johnston Co.","Johnston",35.59095,-78.4622,4,2020,20.5,41
2020-04-16,"Bryson City","Swain",35.434767,-83.442133,4,2020,17.5,43.5
2020-04-16,"Castle Hayne","New Hanover",34.364167,-77.838611,4,2020,3.5,41
2020-04-16,"Clemmons Middle","Forsyth",36.026,-80.342,4,2020,15,45
2020-04-16,"Durham Armory","Durham",36.0329550008979,-78.904037,4,2020,16,40.5
2020-04-16,"Frying Pan Mountain","Haywood",35.379167,-82.7925,4,2020,NA,53.5
2020-04-16,"Garinger High School","Mecklenburg",35.2401000008895,-80.785683,4,2020,16.6666666666667,47
2020-04-16,"Hattie Avenue","Forsyth",36.110693332,-80.2264378,4,2020,11.5,46.5
2020-04-16,"Leggett","Edgecombe",35.988278,-77.5843,4,2020,12.5,41
2020-04-16,"Linville Falls","Avery",35.972347,-81.933072,4,2020,NA,54
2020-04-16,"Mendenhall School","Guilford",36.1090060008986,-79.802314,4,2020,7,48
2020-04-16,"Millbrook School","Wake",35.856111,-78.574167,4,2020,21.5,41
2020-04-16,"Pitt Agri. Center","Pitt",35.6412760008938,-77.360126,4,2020,11.5,42.5
2020-04-16,"West Johnston Co.","Johnston",35.59095,-78.4622,4,2020,16.5,41
2020-04-17,"Bryson City","Swain",35.434767,-83.442133,4,2020,26.5,52.5
2020-04-17,"Castle Hayne","New Hanover",34.364167,-77.838611,4,2020,14.5,53.5
2020-04-17,"Clemmons Middle","Forsyth",36.026,-80.342,4,2020,34,56.5
2020-04-17,"Durham Armory","Durham",36.0329550008979,-78.904037,4,2020,24,54.5
2020-04-17,"Frying Pan Mountain","Haywood",35.379167,-82.7925,4,2020,16,80
2020-04-17,"Garinger High School","Mecklenburg",35.2401000008895,-80.785683,4,2020,29.5,56.5
2020-04-17,"Hattie Avenue","Forsyth",36.110693332,-80.2264378,4,2020,24.3333333333333,61.5
2020-04-17,"Leggett","Edgecombe",35.988278,-77.5843,4,2020,22.5,51.5
2020-04-17,"Linville Falls","Avery",35.972347,-81.933072,4,2020,15,64
2020-04-17,"Mendenhall School","Guilford",36.1090060008986,-79.802314,4,2020,26.5,67
2020-04-17,"Millbrook School","Wake",35.856111,-78.574167,4,2020,32.2,55
2020-04-17,"Pitt Agri. Center","Pitt",35.6412760008938,-77.360126,4,2020,24,59
2020-04-17,"West Johnston Co.","Johnston",35.59095,-78.4622,4,2020,36,50.5
2020-04-18,"Bryson City","Swain",35.434767,-83.442133,4,2020,37.5,52.5
2020-04-18,"Castle Hayne","New Hanover",34.364167,-77.838611,4,2020,25.5,58
2020-04-18,"Clemmons Middle","Forsyth",36.026,-80.342,4,2020,40,64
2020-04-18,"Durham Armory","Durham",36.0329550008979,-78.904037,4,2020,38.3333333333333,52.5
2020-04-18,"Frying Pan Mountain","Haywood",35.379167,-82.7925,4,2020,NA,57.5
2020-04-18,"Garinger High School","Mecklenburg",35.2401000008895,-80.785683,4,2020,33.75,58
2020-04-18,"Hattie Avenue","Forsyth",36.110693332,-80.2264378,4,2020,33,64.5
2020-04-18,"Leggett","Edgecombe",35.988278,-77.5843,4,2020,33.5,56
2020-04-18,"Linville Falls","Avery",35.972347,-81.933072,4,2020,NA,63.5
2020-04-18,"Mendenhall School","Guilford",36.1090060008986,-79.802314,4,2020,34.5,67
2020-04-18,"Millbrook School","Wake",35.856111,-78.574167,4,2020,49.2,54.5
2020-04-18,"Pitt Agri. Center","Pitt",35.6412760008938,-77.360126,4,2020,32.3333333333333,57.5
2020-04-18,"West Johnston Co.","Johnston",35.59095,-78.4622,4,2020,43.5,59.5
2020-04-19,"Bryson City","Swain",35.434767,-83.442133,4,2020,22.5,39.5
2020-04-19,"Castle Hayne","New Hanover",34.364167,-77.838611,4,2020,40,56.5
2020-04-19,"Clemmons Middle","Forsyth",36.026,-80.342,4,2020,37,40.5
2020-04-19,"Durham Armory","Durham",36.0329550008979,-78.904037,4,2020,20.5,40.5
2020-04-19,"Frying Pan Mountain","Haywood",35.379167,-82.7925,4,2020,NA,44
2020-04-19,"Garinger High School","Mecklenburg",35.2401000008895,-80.785683,4,2020,29.3333333333333,40.5
2020-04-19,"Hattie Avenue","Forsyth",36.110693332,-80.2264378,4,2020,30.5,40
2020-04-19,"Leggett","Edgecombe",35.988278,-77.5843,4,2020,24.5,42
2020-04-19,"Linville Falls","Avery",35.972347,-81.933072,4,2020,NA,41.5
2020-04-19,"Mendenhall School","Guilford",36.1090060008986,-79.802314,4,2020,25,41.5
2020-04-19,"Millbrook School","Wake",35.856111,-78.574167,4,2020,33.75,42.5
2020-04-19,"Pitt Agri. Center","Pitt",35.6412760008938,-77.360126,4,2020,25.5,44
2020-04-19,"West Johnston Co.","Johnston",35.59095,-78.4622,4,2020,28.5,42.5
2020-04-20,"Bryson City","Swain",35.434767,-83.442133,4,2020,12.5,40.5
2020-04-20,"Castle Hayne","New Hanover",34.364167,-77.838611,4,2020,5,47.5
2020-04-20,"Clemmons Middle","Forsyth",36.026,-80.342,4,2020,17,47.5
2020-04-20,"Durham Armory","Durham",36.0329550008979,-78.904037,4,2020,19,44
2020-04-20,"Frying Pan Mountain","Haywood",35.379167,-82.7925,4,2020,11,52.5
2020-04-20,"Garinger High School","Mecklenburg",35.2401000008895,-80.785683,4,2020,20.5,47.5
2020-04-20,"Hattie Avenue","Forsyth",36.110693332,-80.2264378,4,2020,16.75,49
2020-04-20,"Leggett","Edgecombe",35.988278,-77.5843,4,2020,14,39
2020-04-20,"Linville Falls","Avery",35.972347,-81.933072,4,2020,11,45
2020-04-20,"Mendenhall School","Guilford",36.1090060008986,-79.802314,4,2020,12.5,34
2020-04-20,"Millbrook School","Wake",35.856111,-78.574167,4,2020,24.4,48.5
2020-04-20,"Pitt Agri. Center","Pitt",35.6412760008938,-77.360126,4,2020,16,48
2020-04-20,"West Johnston Co.","Johnston",35.59095,-78.4622,4,2020,20,49
2020-04-21,"Bryson City","Swain",35.434767,-83.442133,4,2020,23.5,58
2020-04-21,"Castle Hayne","New Hanover",34.364167,-77.838611,4,2020,6,51.5
2020-04-21,"Clemmons Middle","Forsyth",36.026,-80.342,4,2020,17,58
2020-04-21,"Durham Armory","Durham",36.0329550008979,-78.904037,4,2020,20.6666666666667,51.5
2020-04-21,"Frying Pan Mountain","Haywood",35.379167,-82.7925,4,2020,NA,66.5
2020-04-21,"Garinger High School","Mecklenburg",35.2401000008895,-80.785683,4,2020,29.6666666666667,53
2020-04-21,"Hattie Avenue","Forsyth",36.110693332,-80.2264378,4,2020,15,59
2020-04-21,"Leggett","Edgecombe",35.988278,-77.5843,4,2020,14,47
2020-04-21,"Linville Falls","Avery",35.972347,-81.933072,4,2020,NA,54
2020-04-21,"Mendenhall School","Guilford",36.1090060008986,-79.802314,4,2020,18.5,31
2020-04-21,"Millbrook School","Wake",35.856111,-78.574167,4,2020,29,51
2020-04-21,"Pitt Agri. Center","Pitt",35.6412760008938,-77.360126,4,2020,17,52
2020-04-21,"West Johnston Co.","Johnston",35.59095,-78.4622,4,2020,29.5,46
2020-04-22,"Bryson City","Swain",35.434767,-83.442133,4,2020,27,42
2020-04-22,"Castle Hayne","New Hanover",34.364167,-77.838611,4,2020,6,52
2020-04-22,"Clemmons Middle","Forsyth",36.026,-80.342,4,2020,29,49
2020-04-22,"Durham Armory","Durham",36.0329550008979,-78.904037,4,2020,26.5,50
2020-04-22,"Frying Pan Mountain","Haywood",35.379167,-82.7925,4,2020,NA,47.5
2020-04-22,"Garinger High School","Mecklenburg",35.2401000008895,-80.785683,4,2020,26.3333333333333,48.5
2020-04-22,"Hattie Avenue","Forsyth",36.110693332,-80.2264378,4,2020,24.5,53
2020-04-22,"Leggett","Edgecombe",35.988278,-77.5843,4,2020,13.5,48
2020-04-22,"Linville Falls","Avery",35.972347,-81.933072,4,2020,NA,46
2020-04-22,"Mendenhall School","Guilford",36.1090060008986,-79.802314,4,2020,20.5,42
2020-04-22,"Millbrook School","Wake",35.856111,-78.574167,4,2020,30,50.5
2020-04-22,"Pitt Agri. Center","Pitt",35.6412760008938,-77.360126,4,2020,20,52
2020-04-22,"West Johnston Co.","Johnston",35.59095,-78.4622,4,2020,23.5,52
2020-04-23,"Bryson City","Swain",35.434767,-83.442133,4,2020,21,44
2020-04-23,"Castle Hayne","New Hanover",34.364167,-77.838611,4,2020,8.5,48
2020-04-23,"Clemmons Middle","Forsyth",36.026,-80.342,4,2020,30,44.5
2020-04-23,"Durham Armory","Durham",36.0329550008979,-78.904037,4,2020,23.3333333333333,45.5
2020-04-23,"Frying Pan Mountain","Haywood",35.379167,-82.7925,4,2020,1,47.5
2020-04-23,"Garinger High School","Mecklenburg",35.2401000008895,-80.785683,4,2020,25.25,43.5
2020-04-23,"Hattie Avenue","Forsyth",36.110693332,-80.2264378,4,2020,22,46
2020-04-23,"Leggett","Edgecombe",35.988278,-77.5843,4,2020,20,52
2020-04-23,"Linville Falls","Avery",35.972347,-81.933072,4,2020,7,46
2020-04-23,"Mendenhall School","Guilford",36.1090060008986,-79.802314,4,2020,24.5,53.5
2020-04-23,"Millbrook School","Wake",35.856111,-78.574167,4,2020,33.8,49
2020-04-23,"Pitt Agri. Center","Pitt",35.6412760008938,-77.360126,4,2020,24.3333333333333,56
2020-04-23,"West Johnston Co.","Johnston",35.59095,-78.4622,4,2020,28,51
2020-04-24,"Bryson City","Swain",35.434767,-83.442133,4,2020,22,39
2020-04-24,"Castle Hayne","New Hanover",34.364167,-77.838611,4,2020,11,57.5
2020-04-24,"Clemmons Middle","Forsyth",36.026,-80.342,4,2020,30.5,44.5
2020-04-24,"Durham Armory","Durham",36.0329550008979,-78.904037,4,2020,37.6666666666667,50
2020-04-24,"Frying Pan Mountain","Haywood",35.379167,-82.7925,4,2020,NA,47
2020-04-24,"Garinger High School","Mecklenburg",35.2401000008895,-80.785683,4,2020,33,42
2020-04-24,"Hattie Avenue","Forsyth",36.110693332,-80.2264378,4,2020,23.5,47.5
2020-04-24,"Leggett","Edgecombe",35.988278,-77.5843,4,2020,26,46.5
2020-04-24,"Linville Falls","Avery",35.972347,-81.933072,4,2020,NA,42
2020-04-24,"Mendenhall School","Guilford",36.1090060008986,-79.802314,4,2020,20,48
2020-04-24,"Millbrook School","Wake",35.856111,-78.574167,4,2020,35.4,49
2020-04-24,"Pitt Agri. Center","Pitt",35.6412760008938,-77.360126,4,2020,28.5,53.5
2020-04-24,"West Johnston Co.","Johnston",35.59095,-78.4622,4,2020,36,45.5
2020-04-25,"Bryson City","Swain",35.434767,-83.442133,4,2020,22,39.5
2020-04-25,"Castle Hayne","New Hanover",34.364167,-77.838611,4,2020,33,54
2020-04-25,"Clemmons Middle","Forsyth",36.026,-80.342,4,2020,39,40.5
2020-04-25,"Durham Armory","Durham",36.0329550008979,-78.904037,4,2020,35,38.5
2020-04-25,"Frying Pan Mountain","Haywood",35.379167,-82.7925,4,2020,NA,45.5
2020-04-25,"Garinger High School","Mecklenburg",35.2401000008895,-80.785683,4,2020,40.3333333333333,41.5
2020-04-25,"Hattie Avenue","Forsyth",36.110693332,-80.2264378,4,2020,49,41
2020-04-25,"Leggett","Edgecombe",35.988278,-77.5843,4,2020,43,52.5
2020-04-25,"Linville Falls","Avery",35.972347,-81.933072,4,2020,NA,42
2020-04-25,"Mendenhall School","Guilford",36.1090060008986,-79.802314,4,2020,29,44
2020-04-25,"Millbrook School","Wake",35.856111,-78.574167,4,2020,49.25,44
2020-04-25,"Pitt Agri. Center","Pitt",35.6412760008938,-77.360126,4,2020,41.5,53.5
2020-04-25,"West Johnston Co.","Johnston",35.59095,-78.4622,4,2020,43.5,39.5
2020-04-26,"Bryson City","Swain",35.434767,-83.442133,4,2020,17.5,39.5
2020-04-26,"Castle Hayne","New Hanover",34.364167,-77.838611,4,2020,16.5,46.5
2020-04-26,"Clemmons Middle","Forsyth",36.026,-80.342,4,2020,33.5,43.5
2020-04-26,"Durham Armory","Durham",36.0329550008979,-78.904037,4,2020,24,42
2020-04-26,"Frying Pan Mountain","Haywood",35.379167,-82.7925,4,2020,3,62.5
2020-04-26,"Garinger High School","Mecklenburg",35.2401000008895,-80.785683,4,2020,31,41.5
2020-04-26,"Hattie Avenue","Forsyth",36.110693332,-80.2264378,4,2020,26,44.5
2020-04-26,"Leggett","Edgecombe",35.988278,-77.5843,4,2020,29,41
2020-04-26,"Linville Falls","Avery",35.972347,-81.933072,4,2020,9,44.5
2020-04-26,"Mendenhall School","Guilford",36.1090060008986,-79.802314,4,2020,22.5,44.5
2020-04-26,"Millbrook School","Wake",35.856111,-78.574167,4,2020,29.8,44
2020-04-26,"Pitt Agri. Center","Pitt",35.6412760008938,-77.360126,4,2020,25,43
2020-04-26,"West Johnston Co.","Johnston",35.59095,-78.4622,4,2020,26.5,42.5
2020-04-27,"Bryson City","Swain",35.434767,-83.442133,4,2020,23.5,56
2020-04-27,"Castle Hayne","New Hanover",34.364167,-77.838611,4,2020,19,54.5
2020-04-27,"Clemmons Middle","Forsyth",36.026,-80.342,4,2020,28.5,46.5
2020-04-27,"Durham Armory","Durham",36.0329550008979,-78.904037,4,2020,19,48
2020-04-27,"Frying Pan Mountain","Haywood",35.379167,-82.7925,4,2020,NA,65.5
2020-04-27,"Garinger High School","Mecklenburg",35.2401000008895,-80.785683,4,2020,28,48.5
2020-04-27,"Hattie Avenue","Forsyth",36.110693332,-80.2264378,4,2020,23.5,47
2020-04-27,"Leggett","Edgecombe",35.988278,-77.5843,4,2020,25.5,49
2020-04-27,"Linville Falls","Avery",35.972347,-81.933072,4,2020,NA,51
2020-04-27,"Mendenhall School","Guilford",36.1090060008986,-79.802314,4,2020,20.5,51.5
2020-04-27,"Millbrook School","Wake",35.856111,-78.574167,4,2020,28.6,48.5
2020-04-27,"Pitt Agri. Center","Pitt",35.6412760008938,-77.360126,4,2020,24.6666666666667,51
2020-04-27,"West Johnston Co.","Johnston",35.59095,-78.4622,4,2020,33,47
2020-04-28,"Bryson City","Swain",35.434767,-83.442133,4,2020,33,61
2020-04-28,"Castle Hayne","New Hanover",34.364167,-77.838611,4,2020,20,55.5
2020-04-28,"Clemmons Middle","Forsyth",36.026,-80.342,4,2020,42.5,57.5
2020-04-28,"Durham Armory","Durham",36.0329550008979,-78.904037,4,2020,39,59.5
2020-04-28,"Frying Pan Mountain","Haywood",35.379167,-82.7925,4,2020,NA,65.5
2020-04-28,"Garinger High School","Mecklenburg",35.2401000008895,-80.785683,4,2020,40,59.5
2020-04-28,"Hattie Avenue","Forsyth",36.110693332,-80.2264378,4,2020,39,54.5
2020-04-28,"Leggett","Edgecombe",35.988278,-77.5843,4,2020,40,53
2020-04-28,"Linville Falls","Avery",35.972347,-81.933072,4,2020,NA,59
2020-04-28,"Mendenhall School","Guilford",36.1090060008986,-79.802314,4,2020,35.5,62.5
2020-04-28,"Millbrook School","Wake",35.856111,-78.574167,4,2020,48,56.5
2020-04-28,"Pitt Agri. Center","Pitt",35.6412760008938,-77.360126,4,2020,37,56
2020-04-28,"West Johnston Co.","Johnston",35.59095,-78.4622,4,2020,52,52.5
2020-04-29,"Bryson City","Swain",35.434767,-83.442133,4,2020,31.5,49
2020-04-29,"Castle Hayne","New Hanover",34.364167,-77.838611,4,2020,22,44
2020-04-29,"Clemmons Middle","Forsyth",36.026,-80.342,4,2020,34.5,40
2020-04-29,"Durham Armory","Durham",36.0329550008979,-78.904037,4,2020,26.6666666666667,39.5
2020-04-29,"Frying Pan Mountain","Haywood",35.379167,-82.7925,4,2020,12,51
2020-04-29,"Garinger High School","Mecklenburg",35.2401000008895,-80.785683,4,2020,37,41.5
2020-04-29,"Hattie Avenue","Forsyth",36.110693332,-80.2264378,4,2020,36,41
2020-04-29,"Leggett","Edgecombe",35.988278,-77.5843,4,2020,23.5,33
2020-04-29,"Linville Falls","Avery",35.972347,-81.933072,4,2020,11,43.5
2020-04-29,"Mendenhall School","Guilford",36.1090060008986,-79.802314,4,2020,20.5,40
2020-04-29,"Millbrook School","Wake",35.856111,-78.574167,4,2020,31.6,40.5
2020-04-29,"Pitt Agri. Center","Pitt",35.6412760008938,-77.360126,4,2020,29,40
2020-04-29,"West Johnston Co.","Johnston",35.59095,-78.4622,4,2020,32.5,42
2020-04-30,"Bryson City","Swain",35.434767,-83.442133,4,2020,35.5,47.5
2020-04-30,"Castle Hayne","New Hanover",34.364167,-77.838611,4,2020,14,48
2020-04-30,"Clemmons Middle","Forsyth",36.026,-80.342,4,2020,46.5,62.5
2020-04-30,"Durham Armory","Durham",36.0329550008979,-78.904037,4,2020,37.5,49.5
2020-04-30,"Frying Pan Mountain","Haywood",35.379167,-82.7925,4,2020,NA,54
2020-04-30,"Garinger High School","Mecklenburg",35.2401000008895,-80.785683,4,2020,44.5,54
2020-04-30,"Hattie Avenue","Forsyth",36.110693332,-80.2264378,4,2020,56,64
2020-04-30,"Leggett","Edgecombe",35.988278,-77.5843,4,2020,28,49.5
2020-04-30,"Linville Falls","Avery",35.972347,-81.933072,4,2020,NA,54
2020-04-30,"Mendenhall School","Guilford",36.1090060008986,-79.802314,4,2020,36,69
2020-04-30,"Millbrook School","Wake",35.856111,-78.574167,4,2020,44.4,52.5
2020-04-30,"Pitt Agri. Center","Pitt",35.6412760008938,-77.360126,4,2020,32.6666666666667,54.5
2020-04-30,"West Johnston Co.","Johnston",35.59095,-78.4622,4,2020,44,49
2020-05-01,"Bryson City","Swain",35.434767,-83.442133,5,2020,35,54.5
2020-05-01,"Castle Hayne","New Hanover",34.364167,-77.838611,5,2020,9,49.5
2020-05-01,"Clemmons Middle","Forsyth",36.026,-80.342,5,2020,58,57.5
2020-05-01,"Durham Armory","Durham",36.0329550008979,-78.904037,5,2020,46.5,52
2020-05-01,"Frying Pan Mountain","Haywood",35.379167,-82.7925,5,2020,NA,69.5
2020-05-01,"Garinger High School","Mecklenburg",35.2401000008895,-80.785683,5,2020,38.6666666666667,48.5
2020-05-01,"Hattie Avenue","Forsyth",36.110693332,-80.2264378,5,2020,45.5,58.5
2020-05-01,"Leggett","Edgecombe",35.988278,-77.5843,5,2020,32,60.5
2020-05-01,"Linville Falls","Avery",35.972347,-81.933072,5,2020,NA,61
2020-05-01,"Mendenhall School","Guilford",36.1090060008986,-79.802314,5,2020,36,59.5
2020-05-01,"Millbrook School","Wake",35.856111,-78.574167,5,2020,43.75,56
2020-05-01,"Pitt Agri. Center","Pitt",35.6412760008938,-77.360126,5,2020,33.5,60.5
2020-05-01,"West Johnston Co.","Johnston",35.59095,-78.4622,5,2020,39,53
2020-05-02,"Bryson City","Swain",35.434767,-83.442133,5,2020,39.5,44
2020-05-02,"Castle Hayne","New Hanover",34.364167,-77.838611,5,2020,11,52.5
2020-05-02,"Clemmons Middle","Forsyth",36.026,-80.342,5,2020,51,67.5
2020-05-02,"Durham Armory","Durham",36.0329550008979,-78.904037,5,2020,37.3333333333333,56.5
2020-05-02,"Frying Pan Mountain","Haywood",35.379167,-82.7925,5,2020,35,41
2020-05-02,"Garinger High School","Mecklenburg",35.2401000008895,-80.785683,5,2020,35,54
2020-05-02,"Hattie Avenue","Forsyth",36.110693332,-80.2264378,5,2020,44.5,68
2020-05-02,"Leggett","Edgecombe",35.988278,-77.5843,5,2020,38.5,59
2020-05-02,"Linville Falls","Avery",35.972347,-81.933072,5,2020,30,61.5
2020-05-02,"Mendenhall School","Guilford",36.1090060008986,-79.802314,5,2020,37.5,74.5
2020-05-02,"Millbrook School","Wake",35.856111,-78.574167,5,2020,46.6,58
2020-05-02,"Pitt Agri. Center","Pitt",35.6412760008938,-77.360126,5,2020,35.3333333333333,65.5
2020-05-02,"West Johnston Co.","Johnston",35.59095,-78.4622,5,2020,40,55
2020-05-03,"Bryson City","Swain",35.434767,-83.442133,5,2020,40.5,37.5
2020-05-03,"Castle Hayne","New Hanover",34.364167,-77.838611,5,2020,8.5,34
2020-05-03,"Clemmons Middle","Forsyth",36.026,-80.342,5,2020,44,55
2020-05-03,"Durham Armory","Durham",36.0329550008979,-78.904037,5,2020,34.5,41
2020-05-03,"Frying Pan Mountain","Haywood",35.379167,-82.7925,5,2020,NA,47
2020-05-03,"Garinger High School","Mecklenburg",35.2401000008895,-80.785683,5,2020,26.5,40
2020-05-03,"Hattie Avenue","Forsyth",36.110693332,-80.2264378,5,2020,42,55.5
2020-05-03,"Leggett","Edgecombe",35.988278,-77.5843,5,2020,29.5,46
2020-05-03,"Linville Falls","Avery",35.972347,-81.933072,5,2020,NA,58.5
2020-05-03,"Mendenhall School","Guilford",36.1090060008986,-79.802314,5,2020,35.5,62
2020-05-03,"Millbrook School","Wake",35.856111,-78.574167,5,2020,41.25,41
2020-05-03,"Pitt Agri. Center","Pitt",35.6412760008938,-77.360126,5,2020,26,42
2020-05-03,"West Johnston Co.","Johnston",35.59095,-78.4622,5,2020,35,38
2020-05-04,"Bryson City","Swain",35.434767,-83.442133,5,2020,37.5,33.5
2020-05-04,"Castle Hayne","New Hanover",34.364167,-77.838611,5,2020,6.5,38.5
2020-05-04,"Clemmons Middle","Forsyth",36.026,-80.342,5,2020,41,55
2020-05-04,"Durham Armory","Durham",36.0329550008979,-78.904037,5,2020,29.5,42.5
2020-05-04,"Frying Pan Mountain","Haywood",35.379167,-82.7925,5,2020,NA,48
2020-05-04,"Garinger High School","Mecklenburg",35.2401000008895,-80.785683,5,2020,32,40
2020-05-04,"Hattie Avenue","Forsyth",36.110693332,-80.2264378,5,2020,46.5,55.5
2020-05-04,"Leggett","Edgecombe",35.988278,-77.5843,5,2020,27,43.5
2020-05-04,"Linville Falls","Avery",35.972347,-81.933072,5,2020,NA,43.5
2020-05-04,"Mendenhall School","Guilford",36.1090060008986,-79.802314,5,2020,34.5,68.5
2020-05-04,"Millbrook School","Wake",35.856111,-78.574167,5,2020,37.3333333333333,43.5
2020-05-04,"Pitt Agri. Center","Pitt",35.6412760008938,-77.360126,5,2020,25,44
2020-05-04,"West Johnston Co.","Johnston",35.59095,-78.4622,5,2020,32,41
2020-05-05,"Bryson City","Swain",35.434767,-83.442133,5,2020,34.5,32.5
2020-05-05,"Castle Hayne","New Hanover",34.364167,-77.838611,5,2020,15,36.5
2020-05-05,"Clemmons Middle","Forsyth",36.026,-80.342,5,2020,21,35.5
2020-05-05,"Durham Armory","Durham",36.0329550008979,-78.904037,5,2020,35.6666666666667,35.5
2020-05-05,"Frying Pan Mountain","Haywood",35.379167,-82.7925,5,2020,40,43
2020-05-05,"Garinger High School","Mecklenburg",35.2401000008895,-80.785683,5,2020,30.75,33
2020-05-05,"Hattie Avenue","Forsyth",36.110693332,-80.2264378,5,2020,46,36.5
2020-05-05,"Leggett","Edgecombe",35.988278,-77.5843,5,2020,26,37
2020-05-05,"Linville Falls","Avery",35.972347,-81.933072,5,2020,42,38
2020-05-05,"Mendenhall School","Guilford",36.1090060008986,-79.802314,5,2020,32.5,35
2020-05-05,"Millbrook School","Wake",35.856111,-78.574167,5,2020,35,37.5
2020-05-05,"Pitt Agri. Center","Pitt",35.6412760008938,-77.360126,5,2020,26.3333333333333,39.5
2020-05-05,"West Johnston Co.","Johnston",35.59095,-78.4622,5,2020,29,36.5
2020-05-06,"Bryson City","Swain",35.434767,-83.442133,5,2020,19.5,46
2020-05-06,"Castle Hayne","New Hanover",34.364167,-77.838611,5,2020,1.5,31
2020-05-06,"Clemmons Middle","Forsyth",36.026,-80.342,5,2020,24,42.5
2020-05-06,"Durham Armory","Durham",36.0329550008979,-78.904037,5,2020,19.5,35.5
2020-05-06,"Frying Pan Mountain","Haywood",35.379167,-82.7925,5,2020,NA,48.5
2020-05-06,"Garinger High School","Mecklenburg",35.2401000008895,-80.785683,5,2020,23,45
2020-05-06,"Hattie Avenue","Forsyth",36.110693332,-80.2264378,5,2020,31,43.5
2020-05-06,"Leggett","Edgecombe",35.988278,-77.5843,5,2020,18.5,34
2020-05-06,"Linville Falls","Avery",35.972347,-81.933072,5,2020,NA,45.5
2020-05-06,"Mendenhall School","Guilford",36.1090060008986,-79.802314,5,2020,24.5,40
2020-05-06,"Millbrook School","Wake",35.856111,-78.574167,5,2020,28,39
2020-05-06,"Pitt Agri. Center","Pitt",35.6412760008938,-77.360126,5,2020,16.5,36
2020-05-06,"West Johnston Co.","Johnston",35.59095,-78.4622,5,2020,23.5,35.5
2020-05-07,"Bryson City","Swain",35.434767,-83.442133,5,2020,29.5,42
2020-05-07,"Castle Hayne","New Hanover",34.364167,-77.838611,5,2020,11.5,39
2020-05-07,"Clemmons Middle","Forsyth",36.026,-80.342,5,2020,35,48.5
2020-05-07,"Durham Armory","Durham",36.0329550008979,-78.904037,5,2020,26.5,45.5
2020-05-07,"Frying Pan Mountain","Haywood",35.379167,-82.7925,5,2020,NA,54
2020-05-07,"Garinger High School","Mecklenburg",35.2401000008895,-80.785683,5,2020,27.3333333333333,57
2020-05-07,"Hattie Avenue","Forsyth",36.110693332,-80.2264378,5,2020,31.5,49.5
2020-05-07,"Leggett","Edgecombe",35.988278,-77.5843,5,2020,33,40
2020-05-07,"Linville Falls","Avery",35.972347,-81.933072,5,2020,NA,48.5
2020-05-07,"Mendenhall School","Guilford",36.1090060008986,-79.802314,5,2020,24.5,46
2020-05-07,"Millbrook School","Wake",35.856111,-78.574167,5,2020,37.6666666666667,45
2020-05-07,"Pitt Agri. Center","Pitt",35.6412760008938,-77.360126,5,2020,44,43
2020-05-07,"West Johnston Co.","Johnston",35.59095,-78.4622,5,2020,30,44
2020-05-08,"Bryson City","Swain",35.434767,-83.442133,5,2020,29,46
2020-05-08,"Castle Hayne","New Hanover",34.364167,-77.838611,5,2020,11,39.5
2020-05-08,"Clemmons Middle","Forsyth",36.026,-80.342,5,2020,39,57.5
2020-05-08,"Durham Armory","Durham",36.0329550008979,-78.904037,5,2020,31.3333333333333,45
2020-05-08,"Frying Pan Mountain","Haywood",35.379167,-82.7925,5,2020,14,48.5
2020-05-08,"Garinger High School","Mecklenburg",35.2401000008895,-80.785683,5,2020,29.5,56.5
2020-05-08,"Hattie Avenue","Forsyth",36.110693332,-80.2264378,5,2020,34.75,58.5
2020-05-08,"Leggett","Edgecombe",35.988278,-77.5843,5,2020,19.5,42.5
2020-05-08,"Linville Falls","Avery",35.972347,-81.933072,5,2020,20,47.5
2020-05-08,"Mendenhall School","Guilford",36.1090060008986,-79.802314,5,2020,34,49
2020-05-08,"Millbrook School","Wake",35.856111,-78.574167,5,2020,35.6666666666667,45
2020-05-08,"Pitt Agri. Center","Pitt",35.6412760008938,-77.360126,5,2020,20,44
2020-05-08,"West Johnston Co.","Johnston",35.59095,-78.4622,5,2020,26,44.5
2020-05-09,"Bryson City","Swain",35.434767,-83.442133,5,2020,32,42
2020-05-09,"Castle Hayne","New Hanover",34.364167,-77.838611,5,2020,4,37
2020-05-09,"Clemmons Middle","Forsyth",36.026,-80.342,5,2020,29,53.5
2020-05-09,"Durham Armory","Durham",36.0329550008979,-78.904037,5,2020,19,51.5
2020-05-09,"Frying Pan Mountain","Haywood",35.379167,-82.7925,5,2020,NA,62
2020-05-09,"Garinger High School","Mecklenburg",35.2401000008895,-80.785683,5,2020,24,64
2020-05-09,"Hattie Avenue","Forsyth",36.110693332,-80.2264378,5,2020,35.3333333333333,61.5
2020-05-09,"Leggett","Edgecombe",35.988278,-77.5843,5,2020,15,35.5
2020-05-09,"Linville Falls","Avery",35.972347,-81.933072,5,2020,NA,55.5
2020-05-09,"Mendenhall School","Guilford",36.1090060008986,-79.802314,5,2020,22,65.5
2020-05-09,"Millbrook School","Wake",35.856111,-78.574167,5,2020,31.5,52
2020-05-09,"Pitt Agri. Center","Pitt",35.6412760008938,-77.360126,5,2020,16,35.5
2020-05-09,"West Johnston Co.","Johnston",35.59095,-78.4622,5,2020,25,46
2020-05-10,"Bryson City","Swain",35.434767,-83.442133,5,2020,36.5,40.5
2020-05-10,"Castle Hayne","New Hanover",34.364167,-77.838611,5,2020,10.5,45
2020-05-10,"Clemmons Middle","Forsyth",36.026,-80.342,5,2020,41,51.5
2020-05-10,"Durham Armory","Durham",36.0329550008979,-78.904037,5,2020,30,44
2020-05-10,"Frying Pan Mountain","Haywood",35.379167,-82.7925,5,2020,NA,52.5
2020-05-10,"Garinger High School","Mecklenburg",35.2401000008895,-80.785683,5,2020,30.3333333333333,40.5
2020-05-10,"Hattie Avenue","Forsyth",36.110693332,-80.2264378,5,2020,45.5,49
2020-05-10,"Leggett","Edgecombe",35.988278,-77.5843,5,2020,30,55
2020-05-10,"Linville Falls","Avery",35.972347,-81.933072,5,2020,NA,46.5
2020-05-10,"Mendenhall School","Guilford",36.1090060008986,-79.802314,5,2020,18,57.5
2020-05-10,"Millbrook School","Wake",35.856111,-78.574167,5,2020,41.25,50
2020-05-10,"Pitt Agri. Center","Pitt",35.6412760008938,-77.360126,5,2020,28.5,54
2020-05-10,"West Johnston Co.","Johnston",35.59095,-78.4622,5,2020,45.5,50
2020-05-11,"Bryson City","Swain",35.434767,-83.442133,5,2020,29,34.5
2020-05-11,"Castle Hayne","New Hanover",34.364167,-77.838611,5,2020,14,53
2020-05-11,"Clemmons Middle","Forsyth",36.026,-80.342,5,2020,37.3333333333333,44.5
2020-05-11,"Durham Armory","Durham",36.0329550008979,-78.904037,5,2020,36.6666666666667,51.5
2020-05-11,"Frying Pan Mountain","Haywood",35.379167,-82.7925,5,2020,32,56.5
2020-05-11,"Garinger High School","Mecklenburg",35.2401000008895,-80.785683,5,2020,33.25,66.5
2020-05-11,"Hattie Avenue","Forsyth",36.110693332,-80.2264378,5,2020,43.6666666666667,41.5
2020-05-11,"Leggett","Edgecombe",35.988278,-77.5843,5,2020,37.5,54
2020-05-11,"Linville Falls","Avery",35.972347,-81.933072,5,2020,35,54
2020-05-11,"Mendenhall School","Guilford",36.1090060008986,-79.802314,5,2020,25,52.5
2020-05-11,"Millbrook School","Wake",35.856111,-78.574167,5,2020,47,59
2020-05-11,"Pitt Agri. Center","Pitt",35.6412760008938,-77.360126,5,2020,36,54.5
2020-05-11,"West Johnston Co.","Johnston",35.59095,-78.4622,5,2020,49,51
2020-05-12,"Bryson City","Swain",35.434767,-83.442133,5,2020,29.5,40
2020-05-12,"Castle Hayne","New Hanover",34.364167,-77.838611,5,2020,17.5,52
2020-05-12,"Clemmons Middle","Forsyth",36.026,-80.342,5,2020,39.5,55
2020-05-12,"Durham Armory","Durham",36.0329550008979,-78.904037,5,2020,33,55
2020-05-12,"Frying Pan Mountain","Haywood",35.379167,-82.7925,5,2020,NA,50
2020-05-12,"Garinger High School","Mecklenburg",35.2401000008895,-80.785683,5,2020,28,64.5
2020-05-12,"Hattie Avenue","Forsyth",36.110693332,-80.2264378,5,2020,32.6666666666667,58.5
2020-05-12,"Leggett","Edgecombe",35.988278,-77.5843,5,2020,37.5,57.5
2020-05-12,"Linville Falls","Avery",35.972347,-81.933072,5,2020,NA,48
2020-05-12,"Mendenhall School","Guilford",36.1090060008986,-79.802314,5,2020,35,66
2020-05-12,"Millbrook School","Wake",35.856111,-78.574167,5,2020,46.25,55.5
2020-05-12,"Pitt Agri. Center","Pitt",35.6412760008938,-77.360126,5,2020,36,60
2020-05-12,"West Johnston Co.","Johnston",35.59095,-78.4622,5,2020,40,41
2020-05-13,"Bryson City","Swain",35.434767,-83.442133,5,2020,32,41
2020-05-13,"Castle Hayne","New Hanover",34.364167,-77.838611,5,2020,10.5,41
2020-05-13,"Clemmons Middle","Forsyth",36.026,-80.342,5,2020,40,49.5
2020-05-13,"Durham Armory","Durham",36.0329550008979,-78.904037,5,2020,36.5,42.5
2020-05-13,"Frying Pan Mountain","Haywood",35.379167,-82.7925,5,2020,NA,50.5
2020-05-13,"Garinger High School","Mecklenburg",35.2401000008895,-80.785683,5,2020,30.3333333333333,71.5
2020-05-13,"Hattie Avenue","Forsyth",36.110693332,-80.2264378,5,2020,39,50
2020-05-13,"Leggett","Edgecombe",35.988278,-77.5843,5,2020,38,24
2020-05-13,"Linville Falls","Avery",35.972347,-81.933072,5,2020,NA,47
2020-05-13,"Mendenhall School","Guilford",36.1090060008986,-79.802314,5,2020,33.5,59
2020-05-13,"Millbrook School","Wake",35.856111,-78.574167,5,2020,46.25,47.5
2020-05-13,"Pitt Agri. Center","Pitt",35.6412760008938,-77.360126,5,2020,57,55.5
2020-05-13,"West Johnston Co.","Johnston",35.59095,-78.4622,5,2020,40,45
2020-05-14,"Bryson City","Swain",35.434767,-83.442133,5,2020,36,42.5
2020-05-14,"Castle Hayne","New Hanover",34.364167,-77.838611,5,2020,0,36
2020-05-14,"Clemmons Middle","Forsyth",36.026,-80.342,5,2020,42,51.5
2020-05-14,"Durham Armory","Durham",36.0329550008979,-78.904037,5,2020,40.6666666666667,39
2020-05-14,"Frying Pan Mountain","Haywood",35.379167,-82.7925,5,2020,50,50
2020-05-14,"Garinger High School","Mecklenburg",35.2401000008895,-80.785683,5,2020,36.5,72.5
2020-05-14,"Hattie Avenue","Forsyth",36.110693332,-80.2264378,5,2020,49.25,59
2020-05-14,"Leggett","Edgecombe",35.988278,-77.5843,5,2020,31.5,36
2020-05-14,"Linville Falls","Avery",35.972347,-81.933072,5,2020,49,46
2020-05-14,"Mendenhall School","Guilford",36.1090060008986,-79.802314,5,2020,34,64
2020-05-14,"Millbrook School","Wake",35.856111,-78.574167,5,2020,41.6,59
2020-05-14,"Pitt Agri. Center","Pitt",35.6412760008938,-77.360126,5,2020,37,51.5
2020-05-14,"West Johnston Co.","Johnston",35.59095,-78.4622,5,2020,29.5,49.5
2020-05-15,"Bryson City","Swain",35.434767,-83.442133,5,2020,39.5,32.5
2020-05-15,"Castle Hayne","New Hanover",34.364167,-77.838611,5,2020,7,33
2020-05-15,"Clemmons Middle","Forsyth",36.026,-80.342,5,2020,27.6666666666667,40
2020-05-15,"Durham Armory","Durham",36.0329550008979,-78.904037,5,2020,23,35
2020-05-15,"Frying Pan Mountain","Haywood",35.379167,-82.7925,5,2020,NA,44
2020-05-15,"Garinger High School","Mecklenburg",35.2401000008895,-80.785683,5,2020,25.75,34.5
2020-05-15,"Hattie Avenue","Forsyth",36.110693332,-80.2264378,5,2020,26.3333333333333,42
2020-05-15,"Leggett","Edgecombe",35.988278,-77.5843,5,2020,21.5,35
2020-05-15,"Linville Falls","Avery",35.972347,-81.933072,5,2020,NA,39.5
2020-05-15,"Mendenhall School","Guilford",36.1090060008986,-79.802314,5,2020,24.5,39
2020-05-15,"Millbrook School","Wake",35.856111,-78.574167,5,2020,28.75,36
2020-05-15,"Pitt Agri. Center","Pitt",35.6412760008938,-77.360126,5,2020,21.5,35
2020-05-15,"West Johnston Co.","Johnston",35.59095,-78.4622,5,2020,31,35
2020-05-16,"Bryson City","Swain",35.434767,-83.442133,5,2020,27.5,36
2020-05-16,"Castle Hayne","New Hanover",34.364167,-77.838611,5,2020,5.5,42.5
2020-05-16,"Clemmons Middle","Forsyth",36.026,-80.342,5,2020,29,40.5
2020-05-16,"Durham Armory","Durham",36.0329550008979,-78.904037,5,2020,25.5,45.5
2020-05-16,"Frying Pan Mountain","Haywood",35.379167,-82.7925,5,2020,NA,54
2020-05-16,"Garinger High School","Mecklenburg",35.2401000008895,-80.785683,5,2020,30.6666666666667,44.5
2020-05-16,"Hattie Avenue","Forsyth",36.110693332,-80.2264378,5,2020,29,51
2020-05-16,"Leggett","Edgecombe",35.988278,-77.5843,5,2020,27.5,38.5
2020-05-16,"Linville Falls","Avery",35.972347,-81.933072,5,2020,NA,36.5
2020-05-16,"Mendenhall School","Guilford",36.1090060008986,-79.802314,5,2020,25,48.5
2020-05-16,"Millbrook School","Wake",35.856111,-78.574167,5,2020,34.25,46
2020-05-16,"Pitt Agri. Center","Pitt",35.6412760008938,-77.360126,5,2020,24,49.5
2020-05-16,"West Johnston Co.","Johnston",35.59095,-78.4622,5,2020,36,42
2020-05-17,"Bryson City","Swain",35.434767,-83.442133,5,2020,32,33
2020-05-17,"Castle Hayne","New Hanover",34.364167,-77.838611,5,2020,21.5,43
2020-05-17,"Clemmons Middle","Forsyth",36.026,-80.342,5,2020,38.5,40.5
2020-05-17,"Durham Armory","Durham",36.0329550008979,-78.904037,5,2020,27.6666666666667,45.5
2020-05-17,"Frying Pan Mountain","Haywood",35.379167,-82.7925,5,2020,7,58
2020-05-17,"Garinger High School","Mecklenburg",35.2401000008895,-80.785683,5,2020,33,52.5
2020-05-17,"Hattie Avenue","Forsyth",36.110693332,-80.2264378,5,2020,37.5,38.5
2020-05-17,"Leggett","Edgecombe",35.988278,-77.5843,5,2020,29,54
2020-05-17,"Linville Falls","Avery",35.972347,-81.933072,5,2020,11,36.5
2020-05-17,"Mendenhall School","Guilford",36.1090060008986,-79.802314,5,2020,33,46
2020-05-17,"Millbrook School","Wake",35.856111,-78.574167,5,2020,34.6,45.5
2020-05-17,"Pitt Agri. Center","Pitt",35.6412760008938,-77.360126,5,2020,12.5,47.5
2020-05-17,"West Johnston Co.","Johnston",35.59095,-78.4622,5,2020,39,37
2020-05-18,"Bryson City","Swain",35.434767,-83.442133,5,2020,38,37.5
2020-05-18,"Castle Hayne","New Hanover",34.364167,-77.838611,5,2020,20,40.5
2020-05-18,"Clemmons Middle","Forsyth",36.026,-80.342,5,2020,40.5,38
2020-05-18,"Durham Armory","Durham",36.0329550008979,-78.904037,5,2020,31.5,46
2020-05-18,"Frying Pan Mountain","Haywood",35.379167,-82.7925,5,2020,NA,49
2020-05-18,"Garinger High School","Mecklenburg",35.2401000008895,-80.785683,5,2020,40.25,44.5
2020-05-18,"Hattie Avenue","Forsyth",36.110693332,-80.2264378,5,2020,38.3333333333333,43
2020-05-18,"Leggett","Edgecombe",35.988278,-77.5843,5,2020,31.5,44
2020-05-18,"Linville Falls","Avery",35.972347,-81.933072,5,2020,NA,43
2020-05-18,"Mendenhall School","Guilford",36.1090060008986,-79.802314,5,2020,30.5,52
2020-05-18,"Millbrook School","Wake",35.856111,-78.574167,5,2020,37.75,54
2020-05-18,"Pitt Agri. Center","Pitt",35.6412760008938,-77.360126,5,2020,40.3333333333333,45
2020-05-18,"West Johnston Co.","Johnston",35.59095,-78.4622,5,2020,38,53
2020-05-19,"Bryson City","Swain",35.434767,-83.442133,5,2020,44.5,43
2020-05-19,"Castle Hayne","New Hanover",34.364167,-77.838611,5,2020,17,29
2020-05-19,"Clemmons Middle","Forsyth",36.026,-80.342,5,2020,42,40
2020-05-19,"Durham Armory","Durham",36.0329550008979,-78.904037,5,2020,29,35
2020-05-19,"Frying Pan Mountain","Haywood",35.379167,-82.7925,5,2020,NA,48
2020-05-19,"Garinger High School","Mecklenburg",35.2401000008895,-80.785683,5,2020,39.6666666666667,42.5
2020-05-19,"Hattie Avenue","Forsyth",36.110693332,-80.2264378,5,2020,39,41.5
2020-05-19,"Leggett","Edgecombe",35.988278,-77.5843,5,2020,31,39
2020-05-19,"Linville Falls","Avery",35.972347,-81.933072,5,2020,NA,41.5
2020-05-19,"Mendenhall School","Guilford",36.1090060008986,-79.802314,5,2020,32.5,37
2020-05-19,"Millbrook School","Wake",35.856111,-78.574167,5,2020,35.5,36.5
2020-05-19,"Pitt Agri. Center","Pitt",35.6412760008938,-77.360126,5,2020,30.5,38
2020-05-19,"West Johnston Co.","Johnston",35.59095,-78.4622,5,2020,26,34
2020-05-20,"Bryson City","Swain",35.434767,-83.442133,5,2020,40.5,38.5
2020-05-20,"Castle Hayne","New Hanover",34.364167,-77.838611,5,2020,1.5,32.5
2020-05-20,"Clemmons Middle","Forsyth",36.026,-80.342,5,2020,41,43
2020-05-20,"Durham Armory","Durham",36.0329550008979,-78.904037,5,2020,27,37.5
2020-05-20,"Frying Pan Mountain","Haywood",35.379167,-82.7925,5,2020,28,49.5
2020-05-20,"Garinger High School","Mecklenburg",35.2401000008895,-80.785683,5,2020,33,42.5
2020-05-20,"Hattie Avenue","Forsyth",36.110693332,-80.2264378,5,2020,36,44.5
2020-05-20,"Leggett","Edgecombe",35.988278,-77.5843,5,2020,33.5,44
2020-05-20,"Linville Falls","Avery",35.972347,-81.933072,5,2020,22,40.5
2020-05-20,"Mendenhall School","Guilford",36.1090060008986,-79.802314,5,2020,36,47
2020-05-20,"Millbrook School","Wake",35.856111,-78.574167,5,2020,39.6,37.5
2020-05-20,"Pitt Agri. Center","Pitt",35.6412760008938,-77.360126,5,2020,24,37
2020-05-20,"West Johnston Co.","Johnston",35.59095,-78.4622,5,2020,42.5,34
2020-05-21,"Bryson City","Swain",35.434767,-83.442133,5,2020,26.5,36.5
2020-05-21,"Castle Hayne","New Hanover",34.364167,-77.838611,5,2020,23,44
2020-05-21,"Clemmons Middle","Forsyth",36.026,-80.342,5,2020,34.6666666666667,50
2020-05-21,"Durham Armory","Durham",36.0329550008979,-78.904037,5,2020,30,42.5
2020-05-21,"Frying Pan Mountain","Haywood",35.379167,-82.7925,5,2020,NA,67
2020-05-21,"Garinger High School","Mecklenburg",35.2401000008895,-80.785683,5,2020,33.5,57
2020-05-21,"Hattie Avenue","Forsyth",36.110693332,-80.2264378,5,2020,32,59
2020-05-21,"Leggett","Edgecombe",35.988278,-77.5843,5,2020,35.5,44.5
2020-05-21,"Linville Falls","Avery",35.972347,-81.933072,5,2020,NA,43.5
2020-05-21,"Mendenhall School","Guilford",36.1090060008986,-79.802314,5,2020,29,50.5
2020-05-21,"Millbrook School","Wake",35.856111,-78.574167,5,2020,36.25,47
2020-05-21,"Pitt Agri. Center","Pitt",35.6412760008938,-77.360126,5,2020,30.6666666666667,45
2020-05-21,"West Johnston Co.","Johnston",35.59095,-78.4622,5,2020,32.5,51
2020-05-22,"Bryson City","Swain",35.434767,-83.442133,5,2020,32.5,35
2020-05-22,"Castle Hayne","New Hanover",34.364167,-77.838611,5,2020,15,47
2020-05-22,"Clemmons Middle","Forsyth",36.026,-80.342,5,2020,38.5,42
2020-05-22,"Durham Armory","Durham",36.0329550008979,-78.904037,5,2020,31,37.5
2020-05-22,"Frying Pan Mountain","Haywood",35.379167,-82.7925,5,2020,NA,38
2020-05-22,"Garinger High School","Mecklenburg",35.2401000008895,-80.785683,5,2020,45,37.5
2020-05-22,"Hattie Avenue","Forsyth",36.110693332,-80.2264378,5,2020,36,43.5
2020-05-22,"Leggett","Edgecombe",35.988278,-77.5843,5,2020,28,38.5
2020-05-22,"Linville Falls","Avery",35.972347,-81.933072,5,2020,NA,36
2020-05-22,"Mendenhall School","Guilford",36.1090060008986,-79.802314,5,2020,35,44.5
2020-05-22,"Millbrook School","Wake",35.856111,-78.574167,5,2020,37,38.5
2020-05-22,"Pitt Agri. Center","Pitt",35.6412760008938,-77.360126,5,2020,27,38
2020-05-22,"West Johnston Co.","Johnston",35.59095,-78.4622,5,2020,27,38.5
2020-05-23,"Bryson City","Swain",35.434767,-83.442133,5,2020,33.5,37
2020-05-23,"Castle Hayne","New Hanover",34.364167,-77.838611,5,2020,6,37
2020-05-23,"Clemmons Middle","Forsyth",36.026,-80.342,5,2020,40,40.5
2020-05-23,"Durham Armory","Durham",36.0329550008979,-78.904037,5,2020,32.3333333333333,40
2020-05-23,"Frying Pan Mountain","Haywood",35.379167,-82.7925,5,2020,18,45.5
2020-05-23,"Garinger High School","Mecklenburg",35.2401000008895,-80.785683,5,2020,30.25,37.5
2020-05-23,"Hattie Avenue","Forsyth",36.110693332,-80.2264378,5,2020,33,40
2020-05-23,"Leggett","Edgecombe",35.988278,-77.5843,5,2020,36,39.5
2020-05-23,"Linville Falls","Avery",35.972347,-81.933072,5,2020,23,38.5
2020-05-23,"Mendenhall School","Guilford",36.1090060008986,-79.802314,5,2020,38,44
2020-05-23,"Millbrook School","Wake",35.856111,-78.574167,5,2020,26.8,39.5
2020-05-23,"Pitt Agri. Center","Pitt",35.6412760008938,-77.360126,5,2020,28.5,41
2020-05-23,"West Johnston Co.","Johnston",35.59095,-78.4622,5,2020,42,35.5
2020-05-24,"Bryson City","Swain",35.434767,-83.442133,5,2020,33,39
2020-05-24,"Castle Hayne","New Hanover",34.364167,-77.838611,5,2020,22,45
2020-05-24,"Clemmons Middle","Forsyth",36.026,-80.342,5,2020,45,43.5
2020-05-24,"Durham Armory","Durham",36.0329550008979,-78.904037,5,2020,45.3333333333333,43
2020-05-24,"Frying Pan Mountain","Haywood",35.379167,-82.7925,5,2020,NA,43.5
2020-05-24,"Garinger High School","Mecklenburg",35.2401000008895,-80.785683,5,2020,47.75,43.5
2020-05-24,"Hattie Avenue","Forsyth",36.110693332,-80.2264378,5,2020,44,42.5
2020-05-24,"Leggett","Edgecombe",35.988278,-77.5843,5,2020,40.5,44.5
2020-05-24,"Linville Falls","Avery",35.972347,-81.933072,5,2020,NA,40.5
2020-05-24,"Mendenhall School","Guilford",36.1090060008986,-79.802314,5,2020,29,42.5
2020-05-24,"Millbrook School","Wake",35.856111,-78.574167,5,2020,38.2,47
2020-05-24,"Pitt Agri. Center","Pitt",35.6412760008938,-77.360126,5,2020,38,49
2020-05-24,"West Johnston Co.","Johnston",35.59095,-78.4622,5,2020,43,48
2020-05-25,"Bryson City","Swain",35.434767,-83.442133,5,2020,15,33
2020-05-25,"Castle Hayne","New Hanover",34.364167,-77.838611,5,2020,15,53
2020-05-25,"Clemmons Middle","Forsyth",36.026,-80.342,5,2020,47.5,37.5
2020-05-25,"Durham Armory","Durham",36.0329550008979,-78.904037,5,2020,41.5,63.5
2020-05-25,"Frying Pan Mountain","Haywood",35.379167,-82.7925,5,2020,NA,36.5
2020-05-25,"Garinger High School","Mecklenburg",35.2401000008895,-80.785683,5,2020,46.6666666666667,42.5
2020-05-25,"Hattie Avenue","Forsyth",36.110693332,-80.2264378,5,2020,44,40
2020-05-25,"Leggett","Edgecombe",35.988278,-77.5843,5,2020,34.5,53
2020-05-25,"Linville Falls","Avery",35.972347,-81.933072,5,2020,NA,37
2020-05-25,"Mendenhall School","Guilford",36.1090060008986,-79.802314,5,2020,31,41.5
2020-05-25,"Millbrook School","Wake",35.856111,-78.574167,5,2020,42.5,61
2020-05-25,"Pitt Agri. Center","Pitt",35.6412760008938,-77.360126,5,2020,30.5,53
2020-05-25,"West Johnston Co.","Johnston",35.59095,-78.4622,5,2020,41,56
2020-05-26,"Bryson City","Swain",35.434767,-83.442133,5,2020,10,36
2020-05-26,"Castle Hayne","New Hanover",34.364167,-77.838611,5,2020,45,31.5
2020-05-26,"Clemmons Middle","Forsyth",36.026,-80.342,5,2020,36.5,34
2020-05-26,"Durham Armory","Durham",36.0329550008979,-78.904037,5,2020,34.3333333333333,34
2020-05-26,"Frying Pan Mountain","Haywood",35.379167,-82.7925,5,2020,7,40
2020-05-26,"Garinger High School","Mecklenburg",35.2401000008895,-80.785683,5,2020,40.5,36
2020-05-26,"Hattie Avenue","Forsyth",36.110693332,-80.2264378,5,2020,28.25,35.5
2020-05-26,"Leggett","Edgecombe",35.988278,-77.5843,5,2020,35,34.5
2020-05-26,"Linville Falls","Avery",35.972347,-81.933072,5,2020,9,33
2020-05-26,"Mendenhall School","Guilford",36.1090060008986,-79.802314,5,2020,23,36
2020-05-26,"Millbrook School","Wake",35.856111,-78.574167,5,2020,37.4,35.5
2020-05-26,"Pitt Agri. Center","Pitt",35.6412760008938,-77.360126,5,2020,29.6666666666667,35
2020-05-26,"West Johnston Co.","Johnston",35.59095,-78.4622,5,2020,40,35
2020-05-27,"Bryson City","Swain",35.434767,-83.442133,5,2020,NA,32.5
2020-05-27,"Castle Hayne","New Hanover",34.364167,-77.838611,5,2020,24,34.5
2020-05-27,"Clemmons Middle","Forsyth",36.026,-80.342,5,2020,35,31.5
2020-05-27,"Durham Armory","Durham",36.0329550008979,-78.904037,5,2020,28.3333333333333,34.5
2020-05-27,"Frying Pan Mountain","Haywood",35.379167,-82.7925,5,2020,NA,36
2020-05-27,"Garinger High School","Mecklenburg",35.2401000008895,-80.785683,5,2020,46,32.5
2020-05-27,"Hattie Avenue","Forsyth",36.110693332,-80.2264378,5,2020,31,34
2020-05-27,"Leggett","Edgecombe",35.988278,-77.5843,5,2020,20,34
2020-05-27,"Linville Falls","Avery",35.972347,-81.933072,5,2020,NA,38
2020-05-27,"Mendenhall School","Guilford",36.1090060008986,-79.802314,5,2020,26,35
2020-05-27,"Millbrook School","Wake",35.856111,-78.574167,5,2020,34.6,36.5
2020-05-27,"Pitt Agri. Center","Pitt",35.6412760008938,-77.360126,5,2020,34,34
2020-05-27,"West Johnston Co.","Johnston",35.59095,-78.4622,5,2020,33.5,34
2020-05-28,"Bryson City","Swain",35.434767,-83.442133,5,2020,30,24.5
2020-05-28,"Castle Hayne","New Hanover",34.364167,-77.838611,5,2020,52,39
2020-05-28,"Clemmons Middle","Forsyth",36.026,-80.342,5,2020,37,33.5
2020-05-28,"Durham Armory","Durham",36.0329550008979,-78.904037,5,2020,28.5,34
2020-05-28,"Frying Pan Mountain","Haywood",35.379167,-82.7925,5,2020,NA,32.5
2020-05-28,"Garinger High School","Mecklenburg",35.2401000008895,-80.785683,5,2020,39.6666666666667,35
2020-05-28,"Hattie Avenue","Forsyth",36.110693332,-80.2264378,5,2020,35,33
2020-05-28,"Leggett","Edgecombe",35.988278,-77.5843,5,2020,11,34
2020-05-28,"Linville Falls","Avery",35.972347,-81.933072,5,2020,NA,29.5
2020-05-28,"Mendenhall School","Guilford",36.1090060008986,-79.802314,5,2020,14,45
2020-05-28,"Millbrook School","Wake",35.856111,-78.574167,5,2020,36.25,41
2020-05-28,"Pitt Agri. Center","Pitt",35.6412760008938,-77.360126,5,2020,28,40
2020-05-28,"West Johnston Co.","Johnston",35.59095,-78.4622,5,2020,36,35.5
2020-05-29,"Bryson City","Swain",35.434767,-83.442133,5,2020,48,30.5
2020-05-29,"Castle Hayne","New Hanover",34.364167,-77.838611,5,2020,49,43.5
2020-05-29,"Clemmons Middle","Forsyth",36.026,-80.342,5,2020,32.5,30.5
2020-05-29,"Durham Armory","Durham",36.0329550008979,-78.904037,5,2020,22.3333333333333,33.5
2020-05-29,"Frying Pan Mountain","Haywood",35.379167,-82.7925,5,2020,0,36.5
2020-05-29,"Garinger High School","Mecklenburg",35.2401000008895,-80.785683,5,2020,16,24
2020-05-29,"Hattie Avenue","Forsyth",36.110693332,-80.2264378,5,2020,26.6666666666667,22
2020-05-29,"Leggett","Edgecombe",35.988278,-77.5843,5,2020,12,34.5
2020-05-29,"Linville Falls","Avery",35.972347,-81.933072,5,2020,5,31.5
2020-05-29,"Mendenhall School","Guilford",36.1090060008986,-79.802314,5,2020,25.5,30.5
2020-05-29,"Millbrook School","Wake",35.856111,-78.574167,5,2020,32.2,34
2020-05-29,"Pitt Agri. Center","Pitt",35.6412760008938,-77.360126,5,2020,30.6666666666667,36.5
2020-05-29,"West Johnston Co.","Johnston",35.59095,-78.4622,5,2020,34,36
2020-05-30,"Bryson City","Swain",35.434767,-83.442133,5,2020,28,37
2020-05-30,"Castle Hayne","New Hanover",34.364167,-77.838611,5,2020,52,38
2020-05-30,"Clemmons Middle","Forsyth",36.026,-80.342,5,2020,41,43
2020-05-30,"Durham Armory","Durham",36.0329550008979,-78.904037,5,2020,35.6666666666667,43
2020-05-30,"Frying Pan Mountain","Haywood",35.379167,-82.7925,5,2020,NA,41
2020-05-30,"Garinger High School","Mecklenburg",35.2401000008895,-80.785683,5,2020,39.5,37.5
2020-05-30,"Hattie Avenue","Forsyth",36.110693332,-80.2264378,5,2020,40.3333333333333,44.5
2020-05-30,"Leggett","Edgecombe",35.988278,-77.5843,5,2020,20,44.5
2020-05-30,"Linville Falls","Avery",35.972347,-81.933072,5,2020,NA,38
2020-05-30,"Mendenhall School","Guilford",36.1090060008986,-79.802314,5,2020,36,47.5
2020-05-30,"Millbrook School","Wake",35.856111,-78.574167,5,2020,43.4,44.5
2020-05-30,"Pitt Agri. Center","Pitt",35.6412760008938,-77.360126,5,2020,44.3333333333333,50
2020-05-30,"West Johnston Co.","Johnston",35.59095,-78.4622,5,2020,40.5,36
2020-05-31,"Bryson City","Swain",35.434767,-83.442133,5,2020,26,39
2020-05-31,"Castle Hayne","New Hanover",34.364167,-77.838611,5,2020,43,33.5
2020-05-31,"Clemmons Middle","Forsyth",36.026,-80.342,5,2020,35.5,39.5
2020-05-31,"Durham Armory","Durham",36.0329550008979,-78.904037,5,2020,33.5,36
2020-05-31,"Frying Pan Mountain","Haywood",35.379167,-82.7925,5,2020,NA,50.5
2020-05-31,"Garinger High School","Mecklenburg",35.2401000008895,-80.785683,5,2020,25,48.5
2020-05-31,"Hattie Avenue","Forsyth",36.110693332,-80.2264378,5,2020,28,42
2020-05-31,"Leggett","Edgecombe",35.988278,-77.5843,5,2020,26,33.5
2020-05-31,"Linville Falls","Avery",35.972347,-81.933072,5,2020,NA,40.5
2020-05-31,"Mendenhall School","Guilford",36.1090060008986,-79.802314,5,2020,32.5,43.5
2020-05-31,"Millbrook School","Wake",35.856111,-78.574167,5,2020,41,39.5
2020-05-31,"Pitt Agri. Center","Pitt",35.6412760008938,-77.360126,5,2020,40.5,38
2020-05-31,"West Johnston Co.","Johnston",35.59095,-78.4622,5,2020,42.5,41
2020-06-01,"Bryson City","Swain",35.434767,-83.442133,6,2020,31.5,47
2020-06-01,"Castle Hayne","New Hanover",34.364167,-77.838611,6,2020,14,47.5
2020-06-01,"Clemmons Middle","Forsyth",36.026,-80.342,6,2020,34.5,45
2020-06-01,"Durham Armory","Durham",36.0329550008979,-78.904037,6,2020,28,47
2020-06-01,"Frying Pan Mountain","Haywood",35.379167,-82.7925,6,2020,14,55.5
2020-06-01,"Garinger High School","Mecklenburg",35.2401000008895,-80.785683,6,2020,26,55.5
2020-06-01,"Hattie Avenue","Forsyth",36.110693332,-80.2264378,6,2020,24,47.5
2020-06-01,"Leggett","Edgecombe",35.988278,-77.5843,6,2020,30,54
2020-06-01,"Linville Falls","Avery",35.972347,-81.933072,6,2020,15,46
2020-06-01,"Mendenhall School","Guilford",36.1090060008986,-79.802314,6,2020,29.5,49
2020-06-01,"Millbrook School","Wake",35.856111,-78.574167,6,2020,31,61.5
2020-06-01,"Pitt Agri. Center","Pitt",35.6412760008938,-77.360126,6,2020,31.6666666666667,54.5
2020-06-01,"West Johnston Co.","Johnston",35.59095,-78.4622,6,2020,37.5,44.5
2020-06-02,"Bryson City","Swain",35.434767,-83.442133,6,2020,38.5,45
2020-06-02,"Castle Hayne","New Hanover",34.364167,-77.838611,6,2020,22.5,53
2020-06-02,"Clemmons Middle","Forsyth",36.026,-80.342,6,2020,41.3333333333333,48
2020-06-02,"Durham Armory","Durham",36.0329550008979,-78.904037,6,2020,38.3333333333333,50.5
2020-06-02,"Frying Pan Mountain","Haywood",35.379167,-82.7925,6,2020,NA,51.5
2020-06-02,"Garinger High School","Mecklenburg",35.2401000008895,-80.785683,6,2020,41.5,62
2020-06-02,"Hattie Avenue","Forsyth",36.110693332,-80.2264378,6,2020,35,49
2020-06-02,"Leggett","Edgecombe",35.988278,-77.5843,6,2020,33,53.5
2020-06-02,"Linville Falls","Avery",35.972347,-81.933072,6,2020,NA,46.5
2020-06-02,"Mendenhall School","Guilford",36.1090060008986,-79.802314,6,2020,32,54.5
2020-06-02,"Millbrook School","Wake",35.856111,-78.574167,6,2020,36.4,54
2020-06-02,"Pitt Agri. Center","Pitt",35.6412760008938,-77.360126,6,2020,34.6666666666667,65.5
2020-06-02,"West Johnston Co.","Johnston",35.59095,-78.4622,6,2020,40.5,53.5
2020-06-03,"Bryson City","Swain",35.434767,-83.442133,6,2020,43,24.5
2020-06-03,"Castle Hayne","New Hanover",34.364167,-77.838611,6,2020,34,49
2020-06-03,"Clemmons Middle","Forsyth",36.026,-80.342,6,2020,48,44.5
2020-06-03,"Durham Armory","Durham",36.0329550008979,-78.904037,6,2020,38,42
2020-06-03,"Frying Pan Mountain","Haywood",35.379167,-82.7925,6,2020,NA,50
2020-06-03,"Garinger High School","Mecklenburg",35.2401000008895,-80.785683,6,2020,30,58.5
2020-06-03,"Hattie Avenue","Forsyth",36.110693332,-80.2264378,6,2020,35,44.5
2020-06-03,"Leggett","Edgecombe",35.988278,-77.5843,6,2020,33.5,41.5
2020-06-03,"Linville Falls","Avery",35.972347,-81.933072,6,2020,NA,46
2020-06-03,"Mendenhall School","Guilford",36.1090060008986,-79.802314,6,2020,35,45
2020-06-03,"Millbrook School","Wake",35.856111,-78.574167,6,2020,41.75,46.5
2020-06-03,"Pitt Agri. Center","Pitt",35.6412760008938,-77.360126,6,2020,33,45.5
2020-06-03,"West Johnston Co.","Johnston",35.59095,-78.4622,6,2020,43.5,44.5
2020-06-04,"Bryson City","Swain",35.434767,-83.442133,6,2020,40.5,54
2020-06-04,"Castle Hayne","New Hanover",34.364167,-77.838611,6,2020,22.5,47
2020-06-04,"Clemmons Middle","Forsyth",36.026,-80.342,6,2020,32,59.5
2020-06-04,"Durham Armory","Durham",36.0329550008979,-78.904037,6,2020,24.3333333333333,67.5
2020-06-04,"Frying Pan Mountain","Haywood",35.379167,-82.7925,6,2020,15,64
2020-06-04,"Garinger High School","Mecklenburg",35.2401000008895,-80.785683,6,2020,36,72
2020-06-04,"Hattie Avenue","Forsyth",36.110693332,-80.2264378,6,2020,23,64
2020-06-04,"Leggett","Edgecombe",35.988278,-77.5843,6,2020,25.5,54
2020-06-04,"Linville Falls","Avery",35.972347,-81.933072,6,2020,16,51.5
2020-06-04,"Mendenhall School","Guilford",36.1090060008986,-79.802314,6,2020,24,64
2020-06-04,"Millbrook School","Wake",35.856111,-78.574167,6,2020,29.4,72
2020-06-04,"Pitt Agri. Center","Pitt",35.6412760008938,-77.360126,6,2020,22.3333333333333,61
2020-06-04,"West Johnston Co.","Johnston",35.59095,-78.4622,6,2020,29,66
2020-06-05,"Bryson City","Swain",35.434767,-83.442133,6,2020,43,38.5
2020-06-05,"Castle Hayne","New Hanover",34.364167,-77.838611,6,2020,25.5,46
2020-06-05,"Clemmons Middle","Forsyth",36.026,-80.342,6,2020,40.5,48.5
2020-06-05,"Durham Armory","Durham",36.0329550008979,-78.904037,6,2020,46.3333333333333,49
2020-06-05,"Frying Pan Mountain","Haywood",35.379167,-82.7925,6,2020,NA,64
2020-06-05,"Garinger High School","Mecklenburg",35.2401000008895,-80.785683,6,2020,46.8,69
2020-06-05,"Hattie Avenue","Forsyth",36.110693332,-80.2264378,6,2020,38.5,52
2020-06-05,"Leggett","Edgecombe",35.988278,-77.5843,6,2020,46,47
2020-06-05,"Linville Falls","Avery",35.972347,-81.933072,6,2020,NA,41
2020-06-05,"Mendenhall School","Guilford",36.1090060008986,-79.802314,6,2020,39,66.5
2020-06-05,"Millbrook School","Wake",35.856111,-78.574167,6,2020,46,62
2020-06-05,"Pitt Agri. Center","Pitt",35.6412760008938,-77.360126,6,2020,40,47.5
2020-06-05,"West Johnston Co.","Johnston",35.59095,-78.4622,6,2020,45.5,49.5
2020-06-06,"Bryson City","Swain",35.434767,-83.442133,6,2020,34.5,41
2020-06-06,"Castle Hayne","New Hanover",34.364167,-77.838611,6,2020,24,57
2020-06-06,"Clemmons Middle","Forsyth",36.026,-80.342,6,2020,48.5,56
2020-06-06,"Durham Armory","Durham",36.0329550008979,-78.904037,6,2020,49,52.5
2020-06-06,"Frying Pan Mountain","Haywood",35.379167,-82.7925,6,2020,NA,58
2020-06-06,"Garinger High School","Mecklenburg",35.2401000008895,-80.785683,6,2020,39.25,56.5
2020-06-06,"Hattie Avenue","Forsyth",36.110693332,-80.2264378,6,2020,44.5,58.5
2020-06-06,"Leggett","Edgecombe",35.988278,-77.5843,6,2020,47.5,53
2020-06-06,"Linville Falls","Avery",35.972347,-81.933072,6,2020,NA,54
2020-06-06,"Mendenhall School","Guilford",36.1090060008986,-79.802314,6,2020,46,69
2020-06-06,"Millbrook School","Wake",35.856111,-78.574167,6,2020,49,65
2020-06-06,"Pitt Agri. Center","Pitt",35.6412760008938,-77.360126,6,2020,48.5,69
2020-06-06,"West Johnston Co.","Johnston",35.59095,-78.4622,6,2020,50.5,67
2020-06-07,"Bryson City","Swain",35.434767,-83.442133,6,2020,27,42.5
2020-06-07,"Castle Hayne","New Hanover",34.364167,-77.838611,6,2020,40,46.5
2020-06-07,"Clemmons Middle","Forsyth",36.026,-80.342,6,2020,38.5,54
2020-06-07,"Durham Armory","Durham",36.0329550008979,-78.904037,6,2020,40.3333333333333,36.5
2020-06-07,"Frying Pan Mountain","Haywood",35.379167,-82.7925,6,2020,35,42.5
2020-06-07,"Garinger High School","Mecklenburg",35.2401000008895,-80.785683,6,2020,41,47
2020-06-07,"Hattie Avenue","Forsyth",36.110693332,-80.2264378,6,2020,35.75,56.5
2020-06-07,"Leggett","Edgecombe",35.988278,-77.5843,6,2020,43,37
2020-06-07,"Linville Falls","Avery",35.972347,-81.933072,6,2020,33,34
2020-06-07,"Mendenhall School","Guilford",36.1090060008986,-79.802314,6,2020,35.5,49.5
2020-06-07,"Millbrook School","Wake",35.856111,-78.574167,6,2020,47.2,44.5
2020-06-07,"Pitt Agri. Center","Pitt",35.6412760008938,-77.360126,6,2020,38,43.5
2020-06-07,"West Johnston Co.","Johnston",35.59095,-78.4622,6,2020,49,41
2020-06-08,"Bryson City","Swain",35.434767,-83.442133,6,2020,19,36
2020-06-08,"Castle Hayne","New Hanover",34.364167,-77.838611,6,2020,10.5,39.5
2020-06-08,"Clemmons Middle","Forsyth",36.026,-80.342,6,2020,30.3333333333333,60
2020-06-08,"Durham Armory","Durham",36.0329550008979,-78.904037,6,2020,31,63
2020-06-08,"Frying Pan Mountain","Haywood",35.379167,-82.7925,6,2020,NA,51.5
2020-06-08,"Garinger High School","Mecklenburg",35.2401000008895,-80.785683,6,2020,30.25,60.5
2020-06-08,"Hattie Avenue","Forsyth",36.110693332,-80.2264378,6,2020,27,67
2020-06-08,"Leggett","Edgecombe",35.988278,-77.5843,6,2020,40,44.5
2020-06-08,"Linville Falls","Avery",35.972347,-81.933072,6,2020,NA,40.5
2020-06-08,"Mendenhall School","Guilford",36.1090060008986,-79.802314,6,2020,32.5,51.5
2020-06-08,"Millbrook School","Wake",35.856111,-78.574167,6,2020,37.6,53
2020-06-08,"Pitt Agri. Center","Pitt",35.6412760008938,-77.360126,6,2020,37.6666666666667,41
2020-06-08,"West Johnston Co.","Johnston",35.59095,-78.4622,6,2020,41,44.5
2020-06-09,"Bryson City","Swain",35.434767,-83.442133,6,2020,10,33
2020-06-09,"Castle Hayne","New Hanover",34.364167,-77.838611,6,2020,4,31
2020-06-09,"Clemmons Middle","Forsyth",36.026,-80.342,6,2020,41.5,42.5
2020-06-09,"Durham Armory","Durham",36.0329550008979,-78.904037,6,2020,31,47
2020-06-09,"Frying Pan Mountain","Haywood",35.379167,-82.7925,6,2020,NA,46
2020-06-09,"Garinger High School","Mecklenburg",35.2401000008895,-80.785683,6,2020,NA,41
2020-06-09,"Hattie Avenue","Forsyth",36.110693332,-80.2264378,6,2020,36,44.5
2020-06-09,"Leggett","Edgecombe",35.988278,-77.5843,6,2020,28,34.5
2020-06-09,"Linville Falls","Avery",35.972347,-81.933072,6,2020,NA,37
2020-06-09,"Mendenhall School","Guilford",36.1090060008986,-79.802314,6,2020,34,39.5
2020-06-09,"Millbrook School","Wake",35.856111,-78.574167,6,2020,35.5,37
2020-06-09,"Pitt Agri. Center","Pitt",35.6412760008938,-77.360126,6,2020,25,32
2020-06-09,"West Johnston Co.","Johnston",35.59095,-78.4622,6,2020,30.5,34.5
2020-06-10,"Bryson City","Swain",35.434767,-83.442133,6,2020,18,33.5
2020-06-10,"Castle Hayne","New Hanover",34.364167,-77.838611,6,2020,4.5,33
2020-06-10,"Clemmons Middle","Forsyth",36.026,-80.342,6,2020,42.5,49.5
2020-06-10,"Durham Armory","Durham",36.0329550008979,-78.904037,6,2020,28.6666666666667,38
2020-06-10,"Frying Pan Mountain","Haywood",35.379167,-82.7925,6,2020,37,44.5
2020-06-10,"Garinger High School","Mecklenburg",35.2401000008895,-80.785683,6,2020,44,42
2020-06-10,"Hattie Avenue","Forsyth",36.110693332,-80.2264378,6,2020,41,49.5
2020-06-10,"Leggett","Edgecombe",35.988278,-77.5843,6,2020,28.5,35.5
2020-06-10,"Linville Falls","Avery",35.972347,-81.933072,6,2020,39,38
2020-06-10,"Mendenhall School","Guilford",36.1090060008986,-79.802314,6,2020,31,55.5
2020-06-10,"Millbrook School","Wake",35.856111,-78.574167,6,2020,35.6,38
2020-06-10,"Pitt Agri. Center","Pitt",35.6412760008938,-77.360126,6,2020,19.3333333333333,33
2020-06-10,"West Johnston Co.","Johnston",35.59095,-78.4622,6,2020,35,36
2020-06-11,"Bryson City","Swain",35.434767,-83.442133,6,2020,22,39.5
2020-06-11,"Castle Hayne","New Hanover",34.364167,-77.838611,6,2020,22.5,36.5
2020-06-11,"Clemmons Middle","Forsyth",36.026,-80.342,6,2020,34.5,42.5
2020-06-11,"Durham Armory","Durham",36.0329550008979,-78.904037,6,2020,20.6666666666667,36
2020-06-11,"Frying Pan Mountain","Haywood",35.379167,-82.7925,6,2020,NA,44
2020-06-11,"Garinger High School","Mecklenburg",35.2401000008895,-80.785683,6,2020,21,57
2020-06-11,"Hattie Avenue","Forsyth",36.110693332,-80.2264378,6,2020,31.5,43
2020-06-11,"Leggett","Edgecombe",35.988278,-77.5843,6,2020,26,36.5
2020-06-11,"Linville Falls","Avery",35.972347,-81.933072,6,2020,NA,36.5
2020-06-11,"Mendenhall School","Guilford",36.1090060008986,-79.802314,6,2020,25,40
2020-06-11,"Millbrook School","Wake",35.856111,-78.574167,6,2020,30.2,38
2020-06-11,"Pitt Agri. Center","Pitt",35.6412760008938,-77.360126,6,2020,23,42
2020-06-11,"West Johnston Co.","Johnston",35.59095,-78.4622,6,2020,29.5,38.5
2020-06-12,"Bryson City","Swain",35.434767,-83.442133,6,2020,31,34.5
2020-06-12,"Castle Hayne","New Hanover",34.364167,-77.838611,6,2020,11.5,32.5
2020-06-12,"Clemmons Middle","Forsyth",36.026,-80.342,6,2020,31.5,34.5
2020-06-12,"Durham Armory","Durham",36.0329550008979,-78.904037,6,2020,23,32.5
2020-06-12,"Frying Pan Mountain","Haywood",35.379167,-82.7925,6,2020,NA,44
2020-06-12,"Garinger High School","Mecklenburg",35.2401000008895,-80.785683,6,2020,23.6666666666667,33
2020-06-12,"Hattie Avenue","Forsyth",36.110693332,-80.2264378,6,2020,27.5,36
2020-06-12,"Leggett","Edgecombe",35.988278,-77.5843,6,2020,22,33.5
2020-06-12,"Linville Falls","Avery",35.972347,-81.933072,6,2020,NA,37
2020-06-12,"Mendenhall School","Guilford",36.1090060008986,-79.802314,6,2020,22.5,33.5
2020-06-12,"Millbrook School","Wake",35.856111,-78.574167,6,2020,27.5,33
2020-06-12,"Pitt Agri. Center","Pitt",35.6412760008938,-77.360126,6,2020,23.5,34.5
2020-06-12,"West Johnston Co.","Johnston",35.59095,-78.4622,6,2020,26.5,34.5
2020-06-13,"Bryson City","Swain",35.434767,-83.442133,6,2020,27,36.5
2020-06-13,"Castle Hayne","New Hanover",34.364167,-77.838611,6,2020,21.5,37.5
2020-06-13,"Clemmons Middle","Forsyth",36.026,-80.342,6,2020,35.5,46
2020-06-13,"Durham Armory","Durham",36.0329550008979,-78.904037,6,2020,25.6666666666667,37.5
2020-06-13,"Frying Pan Mountain","Haywood",35.379167,-82.7925,6,2020,NA,40.5
2020-06-13,"Garinger High School","Mecklenburg",35.2401000008895,-80.785683,6,2020,31.5,42.5
2020-06-13,"Hattie Avenue","Forsyth",36.110693332,-80.2264378,6,2020,32.75,45
2020-06-13,"Leggett","Edgecombe",35.988278,-77.5843,6,2020,25,39
2020-06-13,"Linville Falls","Avery",35.972347,-81.933072,6,2020,18,36.5
2020-06-13,"Mendenhall School","Guilford",36.1090060008986,-79.802314,6,2020,21.5,52
2020-06-13,"Millbrook School","Wake",35.856111,-78.574167,6,2020,31.6,41.5
2020-06-13,"Pitt Agri. Center","Pitt",35.6412760008938,-77.360126,6,2020,27,42
2020-06-13,"West Johnston Co.","Johnston",35.59095,-78.4622,6,2020,32.5,36
2020-06-14,"Bryson City","Swain",35.434767,-83.442133,6,2020,27,40.5
2020-06-14,"Castle Hayne","New Hanover",34.364167,-77.838611,6,2020,21.5,46.5
2020-06-14,"Clemmons Middle","Forsyth",36.026,-80.342,6,2020,24.3333333333333,43.5
2020-06-14,"Durham Armory","Durham",36.0329550008979,-78.904037,6,2020,20.3333333333333,41
2020-06-14,"Frying Pan Mountain","Haywood",35.379167,-82.7925,6,2020,NA,56.5
2020-06-14,"Garinger High School","Mecklenburg",35.2401000008895,-80.785683,6,2020,27.75,61
2020-06-14,"Hattie Avenue","Forsyth",36.110693332,-80.2264378,6,2020,22,45
2020-06-14,"Leggett","Edgecombe",35.988278,-77.5843,6,2020,30.5,39
2020-06-14,"Linville Falls","Avery",35.972347,-81.933072,6,2020,NA,42
2020-06-14,"Mendenhall School","Guilford",36.1090060008986,-79.802314,6,2020,27,51
2020-06-14,"Millbrook School","Wake",35.856111,-78.574167,6,2020,30.6,44.5
2020-06-14,"Pitt Agri. Center","Pitt",35.6412760008938,-77.360126,6,2020,26.3333333333333,45
2020-06-14,"West Johnston Co.","Johnston",35.59095,-78.4622,6,2020,33.5,47.5
2020-06-15,"Bryson City","Swain",35.434767,-83.442133,6,2020,43,45
2020-06-15,"Castle Hayne","New Hanover",34.364167,-77.838611,6,2020,13,51
2020-06-15,"Clemmons Middle","Forsyth",36.026,-80.342,6,2020,39.5,75
2020-06-15,"Durham Armory","Durham",36.0329550008979,-78.904037,6,2020,39.5,57.5
2020-06-15,"Frying Pan Mountain","Haywood",35.379167,-82.7925,6,2020,NA,54
2020-06-15,"Garinger High School","Mecklenburg",35.2401000008895,-80.785683,6,2020,38,73.5
2020-06-15,"Hattie Avenue","Forsyth",36.110693332,-80.2264378,6,2020,32.5,72
2020-06-15,"Leggett","Edgecombe",35.988278,-77.5843,6,2020,34.5,52.5
2020-06-15,"Linville Falls","Avery",35.972347,-81.933072,6,2020,NA,44
2020-06-15,"Mendenhall School","Guilford",36.1090060008986,-79.802314,6,2020,30.5,64
2020-06-15,"Millbrook School","Wake",35.856111,-78.574167,6,2020,45.5,60.5
2020-06-15,"Pitt Agri. Center","Pitt",35.6412760008938,-77.360126,6,2020,37,56.5
2020-06-15,"West Johnston Co.","Johnston",35.59095,-78.4622,6,2020,50,59
2020-06-16,"Bryson City","Swain",35.434767,-83.442133,6,2020,50,38
2020-06-16,"Castle Hayne","New Hanover",34.364167,-77.838611,6,2020,12,44
2020-06-16,"Clemmons Middle","Forsyth",36.026,-80.342,6,2020,53.5,52
2020-06-16,"Durham Armory","Durham",36.0329550008979,-78.904037,6,2020,46,52
2020-06-16,"Frying Pan Mountain","Haywood",35.379167,-82.7925,6,2020,36,47
2020-06-16,"Garinger High School","Mecklenburg",35.2401000008895,-80.785683,6,2020,49.75,51
2020-06-16,"Hattie Avenue","Forsyth",36.110693332,-80.2264378,6,2020,47.6666666666667,60.5
2020-06-16,"Leggett","Edgecombe",35.988278,-77.5843,6,2020,43,52
2020-06-16,"Linville Falls","Avery",35.972347,-81.933072,6,2020,41,45.5
2020-06-16,"Mendenhall School","Guilford",36.1090060008986,-79.802314,6,2020,47.5,56.5
2020-06-16,"Millbrook School","Wake",35.856111,-78.574167,6,2020,48,54
2020-06-16,"Pitt Agri. Center","Pitt",35.6412760008938,-77.360126,6,2020,36,48.5
2020-06-16,"West Johnston Co.","Johnston",35.59095,-78.4622,6,2020,48,49
2020-06-17,"Bryson City","Swain",35.434767,-83.442133,6,2020,28,34
2020-06-17,"Castle Hayne","New Hanover",34.364167,-77.838611,6,2020,9,35
2020-06-17,"Clemmons Middle","Forsyth",36.026,-80.342,6,2020,54,50.5
2020-06-17,"Durham Armory","Durham",36.0329550008979,-78.904037,6,2020,48.3333333333333,38
2020-06-17,"Frying Pan Mountain","Haywood",35.379167,-82.7925,6,2020,NA,42.5
2020-06-17,"Garinger High School","Mecklenburg",35.2401000008895,-80.785683,6,2020,39.5,52
2020-06-17,"Hattie Avenue","Forsyth",36.110693332,-80.2264378,6,2020,45,57.5
2020-06-17,"Leggett","Edgecombe",35.988278,-77.5843,6,2020,43.5,44
2020-06-17,"Linville Falls","Avery",35.972347,-81.933072,6,2020,NA,34
2020-06-17,"Mendenhall School","Guilford",36.1090060008986,-79.802314,6,2020,47.5,57.5
2020-06-17,"Millbrook School","Wake",35.856111,-78.574167,6,2020,48.2,43
2020-06-17,"Pitt Agri. Center","Pitt",35.6412760008938,-77.360126,6,2020,33.6666666666667,43.5
2020-06-17,"West Johnston Co.","Johnston",35.59095,-78.4622,6,2020,43.5,37.5
2020-06-18,"Bryson City","Swain",35.434767,-83.442133,6,2020,8,27.5
2020-06-18,"Castle Hayne","New Hanover",34.364167,-77.838611,6,2020,14.5,29
2020-06-18,"Clemmons Middle","Forsyth",36.026,-80.342,6,2020,38,38.5
2020-06-18,"Durham Armory","Durham",36.0329550008979,-78.904037,6,2020,41,30
2020-06-18,"Frying Pan Mountain","Haywood",35.379167,-82.7925,6,2020,NA,36.5
2020-06-18,"Garinger High School","Mecklenburg",35.2401000008895,-80.785683,6,2020,30,60.5
2020-06-18,"Hattie Avenue","Forsyth",36.110693332,-80.2264378,6,2020,33,39
2020-06-18,"Leggett","Edgecombe",35.988278,-77.5843,6,2020,42,36.5
2020-06-18,"Linville Falls","Avery",35.972347,-81.933072,6,2020,NA,32
2020-06-18,"Mendenhall School","Guilford",36.1090060008986,-79.802314,6,2020,35.5,40
2020-06-18,"Millbrook School","Wake",35.856111,-78.574167,6,2020,46,42.5
2020-06-18,"Pitt Agri. Center","Pitt",35.6412760008938,-77.360126,6,2020,36,40
2020-06-18,"West Johnston Co.","Johnston",35.59095,-78.4622,6,2020,41,55
2020-06-19,"Bryson City","Swain",35.434767,-83.442133,6,2020,12,31.5
2020-06-19,"Castle Hayne","New Hanover",34.364167,-77.838611,6,2020,20,35
2020-06-19,"Clemmons Middle","Forsyth",36.026,-80.342,6,2020,40.5,38.5
2020-06-19,"Durham Armory","Durham",36.0329550008979,-78.904037,6,2020,44,41
2020-06-19,"Frying Pan Mountain","Haywood",35.379167,-82.7925,6,2020,32,45
2020-06-19,"Garinger High School","Mecklenburg",35.2401000008895,-80.785683,6,2020,34.75,47.5
2020-06-19,"Hattie Avenue","Forsyth",36.110693332,-80.2264378,6,2020,48,40
2020-06-19,"Leggett","Edgecombe",35.988278,-77.5843,6,2020,42.5,27
2020-06-19,"Linville Falls","Avery",35.972347,-81.933072,6,2020,42,30
2020-06-19,"Mendenhall School","Guilford",36.1090060008986,-79.802314,6,2020,37.5,48
2020-06-19,"Millbrook School","Wake",35.856111,-78.574167,6,2020,47,51.5
2020-06-19,"Pitt Agri. Center","Pitt",35.6412760008938,-77.360126,6,2020,43.6666666666667,58
2020-06-19,"West Johnston Co.","Johnston",35.59095,-78.4622,6,2020,42,53.5
2020-06-20,"Bryson City","Swain",35.434767,-83.442133,6,2020,NA,34.5
2020-06-20,"Castle Hayne","New Hanover",34.364167,-77.838611,6,2020,32.5,40
2020-06-20,"Clemmons Middle","Forsyth",36.026,-80.342,6,2020,37.6666666666667,42.5
2020-06-20,"Durham Armory","Durham",36.0329550008979,-78.904037,6,2020,30.6666666666667,38
2020-06-20,"Frying Pan Mountain","Haywood",35.379167,-82.7925,6,2020,NA,38.5
2020-06-20,"Garinger High School","Mecklenburg",35.2401000008895,-80.785683,6,2020,40.75,45
2020-06-20,"Hattie Avenue","Forsyth",36.110693332,-80.2264378,6,2020,35.6666666666667,40
2020-06-20,"Leggett","Edgecombe",35.988278,-77.5843,6,2020,37,43
2020-06-20,"Linville Falls","Avery",35.972347,-81.933072,6,2020,NA,39
2020-06-20,"Mendenhall School","Guilford",36.1090060008986,-79.802314,6,2020,38.5,44.5
2020-06-20,"Millbrook School","Wake",35.856111,-78.574167,6,2020,33.8,51
2020-06-20,"Pitt Agri. Center","Pitt",35.6412760008938,-77.360126,6,2020,32.6666666666667,48.5
2020-06-20,"West Johnston Co.","Johnston",35.59095,-78.4622,6,2020,36.5,57.5
2020-06-21,"Bryson City","Swain",35.434767,-83.442133,6,2020,NA,29
2020-06-21,"Castle Hayne","New Hanover",34.364167,-77.838611,6,2020,30,43.5
2020-06-21,"Clemmons Middle","Forsyth",36.026,-80.342,6,2020,31.5,37.5
2020-06-21,"Durham Armory","Durham",36.0329550008979,-78.904037,6,2020,30,40.5
2020-06-21,"Frying Pan Mountain","Haywood",35.379167,-82.7925,6,2020,NA,43.5
2020-06-21,"Garinger High School","Mecklenburg",35.2401000008895,-80.785683,6,2020,32.6666666666667,42.5
2020-06-21,"Hattie Avenue","Forsyth",36.110693332,-80.2264378,6,2020,30.5,37.5
2020-06-21,"Leggett","Edgecombe",35.988278,-77.5843,6,2020,33.5,42
2020-06-21,"Linville Falls","Avery",35.972347,-81.933072,6,2020,NA,32.5
2020-06-21,"Mendenhall School","Guilford",36.1090060008986,-79.802314,6,2020,28.5,41.5
2020-06-21,"Millbrook School","Wake",35.856111,-78.574167,6,2020,37.25,45
2020-06-21,"Pitt Agri. Center","Pitt",35.6412760008938,-77.360126,6,2020,33,47
2020-06-21,"West Johnston Co.","Johnston",35.59095,-78.4622,6,2020,40,41
2020-06-22,"Bryson City","Swain",35.434767,-83.442133,6,2020,21.5,31
2020-06-22,"Castle Hayne","New Hanover",34.364167,-77.838611,6,2020,35.5,41.5
2020-06-22,"Clemmons Middle","Forsyth",36.026,-80.342,6,2020,29.5,44
2020-06-22,"Durham Armory","Durham",36.0329550008979,-78.904037,6,2020,29,40
2020-06-22,"Frying Pan Mountain","Haywood",35.379167,-82.7925,6,2020,15,42.5
2020-06-22,"Garinger High School","Mecklenburg",35.2401000008895,-80.785683,6,2020,28.75,49.5
2020-06-22,"Hattie Avenue","Forsyth",36.110693332,-80.2264378,6,2020,30.6666666666667,45.5
2020-06-22,"Leggett","Edgecombe",35.988278,-77.5843,6,2020,43.5,38.5
2020-06-22,"Linville Falls","Avery",35.972347,-81.933072,6,2020,20,32
2020-06-22,"Mendenhall School","Guilford",36.1090060008986,-79.802314,6,2020,28.5,44.5
2020-06-22,"Millbrook School","Wake",35.856111,-78.574167,6,2020,41.2,41
2020-06-22,"Pitt Agri. Center","Pitt",35.6412760008938,-77.360126,6,2020,42.3333333333333,41
2020-06-22,"West Johnston Co.","Johnston",35.59095,-78.4622,6,2020,49,39
2020-06-23,"Bryson City","Swain",35.434767,-83.442133,6,2020,23.5,31.5
2020-06-23,"Castle Hayne","New Hanover",34.364167,-77.838611,6,2020,34,36.5
2020-06-23,"Clemmons Middle","Forsyth",36.026,-80.342,6,2020,36.5,41
2020-06-23,"Durham Armory","Durham",36.0329550008979,-78.904037,6,2020,36,43.5
2020-06-23,"Frying Pan Mountain","Haywood",35.379167,-82.7925,6,2020,NA,39.5
2020-06-23,"Garinger High School","Mecklenburg",35.2401000008895,-80.785683,6,2020,39.25,43.5
2020-06-23,"Hattie Avenue","Forsyth",36.110693332,-80.2264378,6,2020,33.6666666666667,43
2020-06-23,"Leggett","Edgecombe",35.988278,-77.5843,6,2020,42,41
2020-06-23,"Linville Falls","Avery",35.972347,-81.933072,6,2020,NA,33.5
2020-06-23,"Mendenhall School","Guilford",36.1090060008986,-79.802314,6,2020,30.5,44
2020-06-23,"Millbrook School","Wake",35.856111,-78.574167,6,2020,42.2,41.5
2020-06-23,"Pitt Agri. Center","Pitt",35.6412760008938,-77.360126,6,2020,37.3333333333333,39.5
2020-06-23,"West Johnston Co.","Johnston",35.59095,-78.4622,6,2020,49.5,37
2020-06-24,"Bryson City","Swain",35.434767,-83.442133,6,2020,33,23.5
2020-06-24,"Castle Hayne","New Hanover",34.364167,-77.838611,6,2020,30.5,43
2020-06-24,"Clemmons Middle","Forsyth",36.026,-80.342,6,2020,41.5,39
2020-06-24,"Durham Armory","Durham",36.0329550008979,-78.904037,6,2020,37.5,38.5
2020-06-24,"Frying Pan Mountain","Haywood",35.379167,-82.7925,6,2020,NA,42.5
2020-06-24,"Garinger High School","Mecklenburg",35.2401000008895,-80.785683,6,2020,46,36
2020-06-24,"Hattie Avenue","Forsyth",36.110693332,-80.2264378,6,2020,38.5,39
2020-06-24,"Leggett","Edgecombe",35.988278,-77.5843,6,2020,50,44
2020-06-24,"Linville Falls","Avery",35.972347,-81.933072,6,2020,NA,34
2020-06-24,"Mendenhall School","Guilford",36.1090060008986,-79.802314,6,2020,40,44
2020-06-24,"Millbrook School","Wake",35.856111,-78.574167,6,2020,45.75,44
2020-06-24,"Pitt Agri. Center","Pitt",35.6412760008938,-77.360126,6,2020,42,46
2020-06-24,"West Johnston Co.","Johnston",35.59095,-78.4622,6,2020,53,38.5
2020-06-25,"Bryson City","Swain",35.434767,-83.442133,6,2020,21.5,32.5
2020-06-25,"Castle Hayne","New Hanover",34.364167,-77.838611,6,2020,29.5,45
2020-06-25,"Clemmons Middle","Forsyth",36.026,-80.342,6,2020,30.5,38.5
2020-06-25,"Durham Armory","Durham",36.0329550008979,-78.904037,6,2020,35.3333333333333,40.5
2020-06-25,"Frying Pan Mountain","Haywood",35.379167,-82.7925,6,2020,21,40.5
2020-06-25,"Garinger High School","Mecklenburg",35.2401000008895,-80.785683,6,2020,29.25,54.5
2020-06-25,"Hattie Avenue","Forsyth",36.110693332,-80.2264378,6,2020,27,37
2020-06-25,"Leggett","Edgecombe",35.988278,-77.5843,6,2020,35,38
2020-06-25,"Linville Falls","Avery",35.972347,-81.933072,6,2020,20,32
2020-06-25,"Mendenhall School","Guilford",36.1090060008986,-79.802314,6,2020,25,40.5
2020-06-25,"Millbrook School","Wake",35.856111,-78.574167,6,2020,37,42.5
2020-06-25,"Pitt Agri. Center","Pitt",35.6412760008938,-77.360126,6,2020,37,42.5
2020-06-25,"West Johnston Co.","Johnston",35.59095,-78.4622,6,2020,36.5,43.5
2020-06-26,"Bryson City","Swain",35.434767,-83.442133,6,2020,23,27.5
2020-06-26,"Castle Hayne","New Hanover",34.364167,-77.838611,6,2020,20,42.5
2020-06-26,"Clemmons Middle","Forsyth",36.026,-80.342,6,2020,27.3333333333333,40.5
2020-06-26,"Durham Armory","Durham",36.0329550008979,-78.904037,6,2020,32.3333333333333,38
2020-06-26,"Frying Pan Mountain","Haywood",35.379167,-82.7925,6,2020,NA,40.5
2020-06-26,"Garinger High School","Mecklenburg",35.2401000008895,-80.785683,6,2020,28.75,45
2020-06-26,"Hattie Avenue","Forsyth",36.110693332,-80.2264378,6,2020,24.3333333333333,40.5
2020-06-26,"Leggett","Edgecombe",35.988278,-77.5843,6,2020,34.5,42
2020-06-26,"Linville Falls","Avery",35.972347,-81.933072,6,2020,NA,33
2020-06-26,"Mendenhall School","Guilford",36.1090060008986,-79.802314,6,2020,20,37.5
2020-06-26,"Millbrook School","Wake",35.856111,-78.574167,6,2020,34.6,40.5
2020-06-26,"Pitt Agri. Center","Pitt",35.6412760008938,-77.360126,6,2020,35.6666666666667,40
2020-06-26,"West Johnston Co.","Johnston",35.59095,-78.4622,6,2020,34,37.5
2020-06-27,"Bryson City","Swain",35.434767,-83.442133,6,2020,23,33.5
2020-06-27,"Castle Hayne","New Hanover",34.364167,-77.838611,6,2020,18.5,50
2020-06-27,"Clemmons Middle","Forsyth",36.026,-80.342,6,2020,36.5,51
2020-06-27,"Durham Armory","Durham",36.0329550008979,-78.904037,6,2020,37.5,49
2020-06-27,"Frying Pan Mountain","Haywood",35.379167,-82.7925,6,2020,NA,51
2020-06-27,"Garinger High School","Mecklenburg",35.2401000008895,-80.785683,6,2020,36.3333333333333,54
2020-06-27,"Hattie Avenue","Forsyth",36.110693332,-80.2264378,6,2020,30,53
2020-06-27,"Leggett","Edgecombe",35.988278,-77.5843,6,2020,41,48.5
2020-06-27,"Linville Falls","Avery",35.972347,-81.933072,6,2020,NA,38
2020-06-27,"Mendenhall School","Guilford",36.1090060008986,-79.802314,6,2020,30.5,48
2020-06-27,"Millbrook School","Wake",35.856111,-78.574167,6,2020,43.75,61
2020-06-27,"Pitt Agri. Center","Pitt",35.6412760008938,-77.360126,6,2020,41.5,49.5
2020-06-27,"West Johnston Co.","Johnston",35.59095,-78.4622,6,2020,42.5,56
2020-06-28,"Bryson City","Swain",35.434767,-83.442133,6,2020,NA,34.5
2020-06-28,"Castle Hayne","New Hanover",34.364167,-77.838611,6,2020,23.5,59.5
2020-06-28,"Clemmons Middle","Forsyth",36.026,-80.342,6,2020,41.5,47
2020-06-28,"Durham Armory","Durham",36.0329550008979,-78.904037,6,2020,35.6666666666667,56.5
2020-06-28,"Frying Pan Mountain","Haywood",35.379167,-82.7925,6,2020,20,47.5
2020-06-28,"Garinger High School","Mecklenburg",35.2401000008895,-80.785683,6,2020,37.75,71
2020-06-28,"Hattie Avenue","Forsyth",36.110693332,-80.2264378,6,2020,31,53.5
2020-06-28,"Leggett","Edgecombe",35.988278,-77.5843,6,2020,47.5,56.5
2020-06-28,"Linville Falls","Avery",35.972347,-81.933072,6,2020,24,38.5
2020-06-28,"Mendenhall School","Guilford",36.1090060008986,-79.802314,6,2020,37.5,62.5
2020-06-28,"Millbrook School","Wake",35.856111,-78.574167,6,2020,41.6,70
2020-06-28,"Pitt Agri. Center","Pitt",35.6412760008938,-77.360126,6,2020,42.6666666666667,67.5
2020-06-28,"West Johnston Co.","Johnston",35.59095,-78.4622,6,2020,45.5,56.5
2020-06-29,"Bryson City","Swain",35.434767,-83.442133,6,2020,NA,38
2020-06-29,"Castle Hayne","New Hanover",34.364167,-77.838611,6,2020,18,46.5
2020-06-29,"Clemmons Middle","Forsyth",36.026,-80.342,6,2020,50.5,62.5
2020-06-29,"Durham Armory","Durham",36.0329550008979,-78.904037,6,2020,49.3333333333333,65.5
2020-06-29,"Frying Pan Mountain","Haywood",35.379167,-82.7925,6,2020,NA,47
2020-06-29,"Garinger High School","Mecklenburg",35.2401000008895,-80.785683,6,2020,45.75,62.5
2020-06-29,"Hattie Avenue","Forsyth",36.110693332,-80.2264378,6,2020,44,64.5
2020-06-29,"Leggett","Edgecombe",35.988278,-77.5843,6,2020,46.5,58.5
2020-06-29,"Linville Falls","Avery",35.972347,-81.933072,6,2020,NA,42
2020-06-29,"Mendenhall School","Guilford",36.1090060008986,-79.802314,6,2020,46,70
2020-06-29,"Millbrook School","Wake",35.856111,-78.574167,6,2020,50.6,63
2020-06-29,"Pitt Agri. Center","Pitt",35.6412760008938,-77.360126,6,2020,41.3333333333333,60
2020-06-29,"West Johnston Co.","Johnston",35.59095,-78.4622,6,2020,49,58.5
2020-06-30,"Bryson City","Swain",35.434767,-83.442133,6,2020,NA,39
2020-06-30,"Castle Hayne","New Hanover",34.364167,-77.838611,6,2020,19.5,39
2020-06-30,"Clemmons Middle","Forsyth",36.026,-80.342,6,2020,53.5,55.5
2020-06-30,"Durham Armory","Durham",36.0329550008979,-78.904037,6,2020,46,45
2020-06-30,"Frying Pan Mountain","Haywood",35.379167,-82.7925,6,2020,NA,46
2020-06-30,"Garinger High School","Mecklenburg",35.2401000008895,-80.785683,6,2020,47.3333333333333,46.5
2020-06-30,"Hattie Avenue","Forsyth",36.110693332,-80.2264378,6,2020,45,55.5
2020-06-30,"Leggett","Edgecombe",35.988278,-77.5843,6,2020,52,47.5
2020-06-30,"Linville Falls","Avery",35.972347,-81.933072,6,2020,NA,44
2020-06-30,"Mendenhall School","Guilford",36.1090060008986,-79.802314,6,2020,45.5,54.5
2020-06-30,"Millbrook School","Wake",35.856111,-78.574167,6,2020,53.5,53.5
2020-06-30,"Pitt Agri. Center","Pitt",35.6412760008938,-77.360126,6,2020,44,48.5
2020-06-30,"West Johnston Co.","Johnston",35.59095,-78.4622,6,2020,53,49.5
2020-07-01,"Bryson City","Swain",35.434767,-83.442133,7,2020,45,34.5
2020-07-01,"Castle Hayne","New Hanover",34.364167,-77.838611,7,2020,25,40
2020-07-01,"Clemmons Middle","Forsyth",36.026,-80.342,7,2020,40,42.5
2020-07-01,"Durham Armory","Durham",36.0329550008979,-78.904037,7,2020,34,45
2020-07-01,"Frying Pan Mountain","Haywood",35.379167,-82.7925,7,2020,12,40.5
2020-07-01,"Garinger High School","Mecklenburg",35.2401000008895,-80.785683,7,2020,35.5,56
2020-07-01,"Hattie Avenue","Forsyth",36.110693332,-80.2264378,7,2020,37,44
2020-07-01,"Leggett","Edgecombe",35.988278,-77.5843,7,2020,35.5,43
2020-07-01,"Linville Falls","Avery",35.972347,-81.933072,7,2020,25,39.5
2020-07-01,"Mendenhall School","Guilford",36.1090060008986,-79.802314,7,2020,39.5,44.5
2020-07-01,"Millbrook School","Wake",35.856111,-78.574167,7,2020,38,44.5
2020-07-01,"Pitt Agri. Center","Pitt",35.6412760008938,-77.360126,7,2020,34,43.5
2020-07-01,"West Johnston Co.","Johnston",35.59095,-78.4622,7,2020,38,44.5
2020-07-02,"Bryson City","Swain",35.434767,-83.442133,7,2020,32,34
2020-07-02,"Castle Hayne","New Hanover",34.364167,-77.838611,7,2020,21,39.5
2020-07-02,"Clemmons Middle","Forsyth",36.026,-80.342,7,2020,35.6666666666667,42
2020-07-02,"Durham Armory","Durham",36.0329550008979,-78.904037,7,2020,37.3333333333333,48.5
2020-07-02,"Frying Pan Mountain","Haywood",35.379167,-82.7925,7,2020,NA,38.5
2020-07-02,"Garinger High School","Mecklenburg",35.2401000008895,-80.785683,7,2020,46,81.5
2020-07-02,"Hattie Avenue","Forsyth",36.110693332,-80.2264378,7,2020,34,45.5
2020-07-02,"Leggett","Edgecombe",35.988278,-77.5843,7,2020,43.5,53
2020-07-02,"Linville Falls","Avery",35.972347,-81.933072,7,2020,NA,31.5
2020-07-02,"Mendenhall School","Guilford",36.1090060008986,-79.802314,7,2020,32.5,57
2020-07-02,"Millbrook School","Wake",35.856111,-78.574167,7,2020,46,62.5
2020-07-02,"Pitt Agri. Center","Pitt",35.6412760008938,-77.360126,7,2020,36.5,54
2020-07-02,"West Johnston Co.","Johnston",35.59095,-78.4622,7,2020,52.5,48.5
2020-07-03,"Bryson City","Swain",35.434767,-83.442133,7,2020,27,32.5
2020-07-03,"Castle Hayne","New Hanover",34.364167,-77.838611,7,2020,35.5,43
2020-07-03,"Clemmons Middle","Forsyth",36.026,-80.342,7,2020,47,50.5
2020-07-03,"Durham Armory","Durham",36.0329550008979,-78.904037,7,2020,39.5,52.5
2020-07-03,"Frying Pan Mountain","Haywood",35.379167,-82.7925,7,2020,NA,44.5
2020-07-03,"Garinger High School","Mecklenburg",35.2401000008895,-80.785683,7,2020,45.6666666666667,69.5
2020-07-03,"Hattie Avenue","Forsyth",36.110693332,-80.2264378,7,2020,41,54
2020-07-03,"Leggett","Edgecombe",35.988278,-77.5843,7,2020,45.5,45.5
2020-07-03,"Linville Falls","Avery",35.972347,-81.933072,7,2020,NA,36
2020-07-03,"Mendenhall School","Guilford",36.1090060008986,-79.802314,7,2020,41.5,46.5
2020-07-03,"Millbrook School","Wake",35.856111,-78.574167,7,2020,47,55.5
2020-07-03,"Pitt Agri. Center","Pitt",35.6412760008938,-77.360126,7,2020,46.5,49.5
2020-07-03,"West Johnston Co.","Johnston",35.59095,-78.4622,7,2020,49,65.5
2020-07-04,"Bryson City","Swain",35.434767,-83.442133,7,2020,43,36.5
2020-07-04,"Castle Hayne","New Hanover",34.364167,-77.838611,7,2020,14,35
2020-07-04,"Clemmons Middle","Forsyth",36.026,-80.342,7,2020,47.5,42
2020-07-04,"Durham Armory","Durham",36.0329550008979,-78.904037,7,2020,50,33.5
2020-07-04,"Frying Pan Mountain","Haywood",35.379167,-82.7925,7,2020,45,40.5
2020-07-04,"Garinger High School","Mecklenburg",35.2401000008895,-80.785683,7,2020,54.75,40
2020-07-04,"Hattie Avenue","Forsyth",36.110693332,-80.2264378,7,2020,52.6666666666667,42
2020-07-04,"Leggett","Edgecombe",35.988278,-77.5843,7,2020,38,37
2020-07-04,"Linville Falls","Avery",35.972347,-81.933072,7,2020,43,37
2020-07-04,"Mendenhall School","Guilford",36.1090060008986,-79.802314,7,2020,41,36
2020-07-04,"Millbrook School","Wake",35.856111,-78.574167,7,2020,47.8,38.5
2020-07-04,"Pitt Agri. Center","Pitt",35.6412760008938,-77.360126,7,2020,33,33.5
2020-07-04,"West Johnston Co.","Johnston",35.59095,-78.4622,7,2020,44.5,37.5
2020-07-05,"Bryson City","Swain",35.434767,-83.442133,7,2020,38,28
2020-07-05,"Castle Hayne","New Hanover",34.364167,-77.838611,7,2020,8,28.5
2020-07-05,"Clemmons Middle","Forsyth",36.026,-80.342,7,2020,41.5,34
2020-07-05,"Durham Armory","Durham",36.0329550008979,-78.904037,7,2020,29,42.5
2020-07-05,"Frying Pan Mountain","Haywood",35.379167,-82.7925,7,2020,NA,31.5
2020-07-05,"Garinger High School","Mecklenburg",35.2401000008895,-80.785683,7,2020,45.5,39
2020-07-05,"Hattie Avenue","Forsyth",36.110693332,-80.2264378,7,2020,40.6666666666667,42
2020-07-05,"Leggett","Edgecombe",35.988278,-77.5843,7,2020,24.5,33.5
2020-07-05,"Linville Falls","Avery",35.972347,-81.933072,7,2020,NA,26.5
2020-07-05,"Mendenhall School","Guilford",36.1090060008986,-79.802314,7,2020,30,37.5
2020-07-05,"Millbrook School","Wake",35.856111,-78.574167,7,2020,37.4,41
2020-07-05,"Pitt Agri. Center","Pitt",35.6412760008938,-77.360126,7,2020,28.5,34.5
2020-07-05,"West Johnston Co.","Johnston",35.59095,-78.4622,7,2020,32,39
2020-07-06,"Bryson City","Swain",35.434767,-83.442133,7,2020,30,27
2020-07-06,"Castle Hayne","New Hanover",34.364167,-77.838611,7,2020,0,26.5
2020-07-06,"Clemmons Middle","Forsyth",36.026,-80.342,7,2020,39,31.5
2020-07-06,"Durham Armory","Durham",36.0329550008979,-78.904037,7,2020,17,34
2020-07-06,"Frying Pan Mountain","Haywood",35.379167,-82.7925,7,2020,NA,36
2020-07-06,"Garinger High School","Mecklenburg",35.2401000008895,-80.785683,7,2020,33.6666666666667,39.5
2020-07-06,"Hattie Avenue","Forsyth",36.110693332,-80.2264378,7,2020,34,34
2020-07-06,"Leggett","Edgecombe",35.988278,-77.5843,7,2020,47,39
2020-07-06,"Linville Falls","Avery",35.972347,-81.933072,7,2020,NA,26.5
2020-07-06,"Mendenhall School","Guilford",36.1090060008986,-79.802314,7,2020,33,40.5
2020-07-06,"Millbrook School","Wake",35.856111,-78.574167,7,2020,35.25,38
2020-07-06,"Pitt Agri. Center","Pitt",35.6412760008938,-77.360126,7,2020,27,41
2020-07-06,"West Johnston Co.","Johnston",35.59095,-78.4622,7,2020,32,37
2020-07-07,"Bryson City","Swain",35.434767,-83.442133,7,2020,35,27
2020-07-07,"Castle Hayne","New Hanover",34.364167,-77.838611,7,2020,23,32.5
2020-07-07,"Clemmons Middle","Forsyth",36.026,-80.342,7,2020,35,34.5
2020-07-07,"Durham Armory","Durham",36.0329550008979,-78.904037,7,2020,24.5,31.5
2020-07-07,"Frying Pan Mountain","Haywood",35.379167,-82.7925,7,2020,6,36
2020-07-07,"Garinger High School","Mecklenburg",35.2401000008895,-80.785683,7,2020,40.25,36.5
2020-07-07,"Hattie Avenue","Forsyth",36.110693332,-80.2264378,7,2020,29,36.5
2020-07-07,"Leggett","Edgecombe",35.988278,-77.5843,7,2020,41,30.5
2020-07-07,"Linville Falls","Avery",35.972347,-81.933072,7,2020,22,26.5
2020-07-07,"Mendenhall School","Guilford",36.1090060008986,-79.802314,7,2020,28,35
2020-07-07,"Millbrook School","Wake",35.856111,-78.574167,7,2020,33.2,33.5
2020-07-07,"Pitt Agri. Center","Pitt",35.6412760008938,-77.360126,7,2020,31.3333333333333,34.5
2020-07-07,"West Johnston Co.","Johnston",35.59095,-78.4622,7,2020,37.5,29
2020-07-08,"Bryson City","Swain",35.434767,-83.442133,7,2020,30.5,31
2020-07-08,"Castle Hayne","New Hanover",34.364167,-77.838611,7,2020,10,31
2020-07-08,"Clemmons Middle","Forsyth",36.026,-80.342,7,2020,30,44
2020-07-08,"Durham Armory","Durham",36.0329550008979,-78.904037,7,2020,29.5,35.5
2020-07-08,"Frying Pan Mountain","Haywood",35.379167,-82.7925,7,2020,NA,50.5
2020-07-08,"Garinger High School","Mecklenburg",35.2401000008895,-80.785683,7,2020,45.25,70.5
2020-07-08,"Hattie Avenue","Forsyth",36.110693332,-80.2264378,7,2020,27.3333333333333,45
2020-07-08,"Leggett","Edgecombe",35.988278,-77.5843,7,2020,36,33
2020-07-08,"Linville Falls","Avery",35.972347,-81.933072,7,2020,NA,32.5
2020-07-08,"Mendenhall School","Guilford",36.1090060008986,-79.802314,7,2020,14,39
2020-07-08,"Millbrook School","Wake",35.856111,-78.574167,7,2020,35.4,40
2020-07-08,"Pitt Agri. Center","Pitt",35.6412760008938,-77.360126,7,2020,32,35
2020-07-08,"West Johnston Co.","Johnston",35.59095,-78.4622,7,2020,34,35
2020-07-09,"Bryson City","Swain",35.434767,-83.442133,7,2020,33.5,36
2020-07-09,"Castle Hayne","New Hanover",34.364167,-77.838611,7,2020,13.5,31
2020-07-09,"Clemmons Middle","Forsyth",36.026,-80.342,7,2020,30,41.5
2020-07-09,"Durham Armory","Durham",36.0329550008979,-78.904037,7,2020,25.5,37.5
2020-07-09,"Frying Pan Mountain","Haywood",35.379167,-82.7925,7,2020,NA,40.5
2020-07-09,"Garinger High School","Mecklenburg",35.2401000008895,-80.785683,7,2020,27.3333333333333,42.5
2020-07-09,"Hattie Avenue","Forsyth",36.110693332,-80.2264378,7,2020,27,40.5
2020-07-09,"Leggett","Edgecombe",35.988278,-77.5843,7,2020,27,39
2020-07-09,"Linville Falls","Avery",35.972347,-81.933072,7,2020,NA,37
2020-07-09,"Mendenhall School","Guilford",36.1090060008986,-79.802314,7,2020,22,39.5
2020-07-09,"Millbrook School","Wake",35.856111,-78.574167,7,2020,27.75,43
2020-07-09,"Pitt Agri. Center","Pitt",35.6412760008938,-77.360126,7,2020,27,40
2020-07-09,"West Johnston Co.","Johnston",35.59095,-78.4622,7,2020,25,42
2020-07-10,"Bryson City","Swain",35.434767,-83.442133,7,2020,36,36
2020-07-10,"Castle Hayne","New Hanover",34.364167,-77.838611,7,2020,20.5,58
2020-07-10,"Clemmons Middle","Forsyth",36.026,-80.342,7,2020,43,45
2020-07-10,"Durham Armory","Durham",36.0329550008979,-78.904037,7,2020,41.6666666666667,64
2020-07-10,"Frying Pan Mountain","Haywood",35.379167,-82.7925,7,2020,30,41.5
2020-07-10,"Garinger High School","Mecklenburg",35.2401000008895,-80.785683,7,2020,38.25,52.5
2020-07-10,"Hattie Avenue","Forsyth",36.110693332,-80.2264378,7,2020,41.6666666666667,49.5
2020-07-10,"Leggett","Edgecombe",35.988278,-77.5843,7,2020,42.5,59.5
2020-07-10,"Linville Falls","Avery",35.972347,-81.933072,7,2020,34,38
2020-07-10,"Mendenhall School","Guilford",36.1090060008986,-79.802314,7,2020,34,47
2020-07-10,"Millbrook School","Wake",35.856111,-78.574167,7,2020,40.6,60.5
2020-07-10,"Pitt Agri. Center","Pitt",35.6412760008938,-77.360126,7,2020,40.3333333333333,65.5
2020-07-10,"West Johnston Co.","Johnston",35.59095,-78.4622,7,2020,39.5,60
2020-07-11,"Bryson City","Swain",35.434767,-83.442133,7,2020,32.5,33.5
2020-07-11,"Castle Hayne","New Hanover",34.364167,-77.838611,7,2020,35,53.5
2020-07-11,"Clemmons Middle","Forsyth",36.026,-80.342,7,2020,42.5,44.5
2020-07-11,"Durham Armory","Durham",36.0329550008979,-78.904037,7,2020,39,46
2020-07-11,"Frying Pan Mountain","Haywood",35.379167,-82.7925,7,2020,NA,43.5
2020-07-11,"Garinger High School","Mecklenburg",35.2401000008895,-80.785683,7,2020,34.25,68.5
2020-07-11,"Hattie Avenue","Forsyth",36.110693332,-80.2264378,7,2020,36.6666666666667,49.5
2020-07-11,"Leggett","Edgecombe",35.988278,-77.5843,7,2020,45.5,51
2020-07-11,"Linville Falls","Avery",35.972347,-81.933072,7,2020,NA,34.5
2020-07-11,"Mendenhall School","Guilford",36.1090060008986,-79.802314,7,2020,39.5,55
2020-07-11,"Millbrook School","Wake",35.856111,-78.574167,7,2020,47.25,64
2020-07-11,"Pitt Agri. Center","Pitt",35.6412760008938,-77.360126,7,2020,46.5,62.5
2020-07-11,"West Johnston Co.","Johnston",35.59095,-78.4622,7,2020,54.5,62
2020-07-12,"Bryson City","Swain",35.434767,-83.442133,7,2020,35,31
2020-07-12,"Castle Hayne","New Hanover",34.364167,-77.838611,7,2020,29,37.5
2020-07-12,"Clemmons Middle","Forsyth",36.026,-80.342,7,2020,40,67
2020-07-12,"Durham Armory","Durham",36.0329550008979,-78.904037,7,2020,40.5,46
2020-07-12,"Frying Pan Mountain","Haywood",35.379167,-82.7925,7,2020,NA,41
2020-07-12,"Garinger High School","Mecklenburg",35.2401000008895,-80.785683,7,2020,33.3333333333333,59
2020-07-12,"Hattie Avenue","Forsyth",36.110693332,-80.2264378,7,2020,39.5,60.5
2020-07-12,"Leggett","Edgecombe",35.988278,-77.5843,7,2020,37.5,43.5
2020-07-12,"Linville Falls","Avery",35.972347,-81.933072,7,2020,NA,35
2020-07-12,"Mendenhall School","Guilford",36.1090060008986,-79.802314,7,2020,42,57.5
2020-07-12,"Millbrook School","Wake",35.856111,-78.574167,7,2020,44.6666666666667,45.5
2020-07-12,"Pitt Agri. Center","Pitt",35.6412760008938,-77.360126,7,2020,43,41
2020-07-12,"West Johnston Co.","Johnston",35.59095,-78.4622,7,2020,45.5,39
2020-07-13,"Bryson City","Swain",35.434767,-83.442133,7,2020,28.5,28
2020-07-13,"Castle Hayne","New Hanover",34.364167,-77.838611,7,2020,16.5,36.5
2020-07-13,"Clemmons Middle","Forsyth",36.026,-80.342,7,2020,41,66.5
2020-07-13,"Durham Armory","Durham",36.0329550008979,-78.904037,7,2020,45,48
2020-07-13,"Frying Pan Mountain","Haywood",35.379167,-82.7925,7,2020,24,39.5
2020-07-13,"Garinger High School","Mecklenburg",35.2401000008895,-80.785683,7,2020,39.25,50
2020-07-13,"Hattie Avenue","Forsyth",36.110693332,-80.2264378,7,2020,47.75,62
2020-07-13,"Leggett","Edgecombe",35.988278,-77.5843,7,2020,47.5,44
2020-07-13,"Linville Falls","Avery",35.972347,-81.933072,7,2020,47,38.5
2020-07-13,"Mendenhall School","Guilford",36.1090060008986,-79.802314,7,2020,43,51.5
2020-07-13,"Millbrook School","Wake",35.856111,-78.574167,7,2020,45.4,47.5
2020-07-13,"Pitt Agri. Center","Pitt",35.6412760008938,-77.360126,7,2020,38.6666666666667,44
2020-07-13,"West Johnston Co.","Johnston",35.59095,-78.4622,7,2020,43,56.5
2020-07-14,"Bryson City","Swain",35.434767,-83.442133,7,2020,29.5,30.5
2020-07-14,"Castle Hayne","New Hanover",34.364167,-77.838611,7,2020,20.5,38
2020-07-14,"Clemmons Middle","Forsyth",36.026,-80.342,7,2020,36.3333333333333,51
2020-07-14,"Durham Armory","Durham",36.0329550008979,-78.904037,7,2020,41.6666666666667,50.5
2020-07-14,"Frying Pan Mountain","Haywood",35.379167,-82.7925,7,2020,NA,38.5
2020-07-14,"Garinger High School","Mecklenburg",35.2401000008895,-80.785683,7,2020,32.25,46.5
2020-07-14,"Hattie Avenue","Forsyth",36.110693332,-80.2264378,7,2020,41.3333333333333,59
2020-07-14,"Leggett","Edgecombe",35.988278,-77.5843,7,2020,34.5,41
2020-07-14,"Linville Falls","Avery",35.972347,-81.933072,7,2020,NA,39.5
2020-07-14,"Mendenhall School","Guilford",36.1090060008986,-79.802314,7,2020,39.5,47.5
2020-07-14,"Millbrook School","Wake",35.856111,-78.574167,7,2020,39,46.5
2020-07-14,"Pitt Agri. Center","Pitt",35.6412760008938,-77.360126,7,2020,35,41.5
2020-07-14,"West Johnston Co.","Johnston",35.59095,-78.4622,7,2020,39.5,52
2020-07-15,"Bryson City","Swain",35.434767,-83.442133,7,2020,30.5,27.5
2020-07-15,"Castle Hayne","New Hanover",34.364167,-77.838611,7,2020,22.5,41.5
2020-07-15,"Clemmons Middle","Forsyth",36.026,-80.342,7,2020,44.5,59
2020-07-15,"Durham Armory","Durham",36.0329550008979,-78.904037,7,2020,50,50
2020-07-15,"Frying Pan Mountain","Haywood",35.379167,-82.7925,7,2020,NA,35
2020-07-15,"Garinger High School","Mecklenburg",35.2401000008895,-80.785683,7,2020,45.3333333333333,52.5
2020-07-15,"Hattie Avenue","Forsyth",36.110693332,-80.2264378,7,2020,48.5,70.5
2020-07-15,"Leggett","Edgecombe",35.988278,-77.5843,7,2020,43.5,46.5
2020-07-15,"Linville Falls","Avery",35.972347,-81.933072,7,2020,NA,34
2020-07-15,"Mendenhall School","Guilford",36.1090060008986,-79.802314,7,2020,50,67.5
2020-07-15,"Millbrook School","Wake",35.856111,-78.574167,7,2020,50,49
2020-07-15,"Pitt Agri. Center","Pitt",35.6412760008938,-77.360126,7,2020,46.5,46
2020-07-15,"West Johnston Co.","Johnston",35.59095,-78.4622,7,2020,50,46.5
2020-07-16,"Bryson City","Swain",35.434767,-83.442133,7,2020,38.5,25.5
2020-07-16,"Castle Hayne","New Hanover",34.364167,-77.838611,7,2020,22.5,38
2020-07-16,"Clemmons Middle","Forsyth",36.026,-80.342,7,2020,44,56
2020-07-16,"Durham Armory","Durham",36.0329550008979,-78.904037,7,2020,53.5,48
2020-07-16,"Frying Pan Mountain","Haywood",35.379167,-82.7925,7,2020,24,35.5
2020-07-16,"Garinger High School","Mecklenburg",35.2401000008895,-80.785683,7,2020,50.6666666666667,46
2020-07-16,"Hattie Avenue","Forsyth",36.110693332,-80.2264378,7,2020,45.6666666666667,57
2020-07-16,"Leggett","Edgecombe",35.988278,-77.5843,7,2020,53,46
2020-07-16,"Linville Falls","Avery",35.972347,-81.933072,7,2020,31,29.5
2020-07-16,"Mendenhall School","Guilford",36.1090060008986,-79.802314,7,2020,48,60.5
2020-07-16,"Millbrook School","Wake",35.856111,-78.574167,7,2020,57,52
2020-07-16,"Pitt Agri. Center","Pitt",35.6412760008938,-77.360126,7,2020,43.3333333333333,44
2020-07-16,"West Johnston Co.","Johnston",35.59095,-78.4622,7,2020,56,51
2020-07-17,"Bryson City","Swain",35.434767,-83.442133,7,2020,30.5,11.5
2020-07-17,"Castle Hayne","New Hanover",34.364167,-77.838611,7,2020,35,39
2020-07-17,"Clemmons Middle","Forsyth",36.026,-80.342,7,2020,40.5,43.5
2020-07-17,"Durham Armory","Durham",36.0329550008979,-78.904037,7,2020,52.75,40
2020-07-17,"Frying Pan Mountain","Haywood",35.379167,-82.7925,7,2020,NA,35
2020-07-17,"Garinger High School","Mecklenburg",35.2401000008895,-80.785683,7,2020,46.6666666666667,36.5
2020-07-17,"Hattie Avenue","Forsyth",36.110693332,-80.2264378,7,2020,45.6666666666667,44
2020-07-17,"Leggett","Edgecombe",35.988278,-77.5843,7,2020,52.5,43.5
2020-07-17,"Linville Falls","Avery",35.972347,-81.933072,7,2020,NA,29.5
2020-07-17,"Mendenhall School","Guilford",36.1090060008986,-79.802314,7,2020,46.5,43.5
2020-07-17,"Millbrook School","Wake",35.856111,-78.574167,7,2020,57.2,42
2020-07-17,"Pitt Agri. Center","Pitt",35.6412760008938,-77.360126,7,2020,49,44
2020-07-17,"West Johnston Co.","Johnston",35.59095,-78.4622,7,2020,53,39
2020-07-18,"Bryson City","Swain",35.434767,-83.442133,7,2020,29,35
2020-07-18,"Castle Hayne","New Hanover",34.364167,-77.838611,7,2020,37,33
2020-07-18,"Clemmons Middle","Forsyth",36.026,-80.342,7,2020,23,41.5
2020-07-18,"Durham Armory","Durham",36.0329550008979,-78.904037,7,2020,37,42
2020-07-18,"Frying Pan Mountain","Haywood",35.379167,-82.7925,7,2020,NA,44.5
2020-07-18,"Garinger High School","Mecklenburg",35.2401000008895,-80.785683,7,2020,33,58.5
2020-07-18,"Hattie Avenue","Forsyth",36.110693332,-80.2264378,7,2020,26,43
2020-07-18,"Leggett","Edgecombe",35.988278,-77.5843,7,2020,37,41.5
2020-07-18,"Linville Falls","Avery",35.972347,-81.933072,7,2020,NA,35
2020-07-18,"Mendenhall School","Guilford",36.1090060008986,-79.802314,7,2020,28.5,42.5
2020-07-18,"Millbrook School","Wake",35.856111,-78.574167,7,2020,34,42.5
2020-07-18,"Pitt Agri. Center","Pitt",35.6412760008938,-77.360126,7,2020,44,42.5
2020-07-18,"West Johnston Co.","Johnston",35.59095,-78.4622,7,2020,38.5,36.5
2020-07-19,"Bryson City","Swain",35.434767,-83.442133,7,2020,32,32.5
2020-07-19,"Castle Hayne","New Hanover",34.364167,-77.838611,7,2020,28.5,43
2020-07-19,"Clemmons Middle","Forsyth",36.026,-80.342,7,2020,30,52
2020-07-19,"Durham Armory","Durham",36.0329550008979,-78.904037,7,2020,38.5,54
2020-07-19,"Frying Pan Mountain","Haywood",35.379167,-82.7925,7,2020,28,41
2020-07-19,"Garinger High School","Mecklenburg",35.2401000008895,-80.785683,7,2020,40.6666666666667,70
2020-07-19,"Hattie Avenue","Forsyth",36.110693332,-80.2264378,7,2020,30.5,59
2020-07-19,"Leggett","Edgecombe",35.988278,-77.5843,7,2020,38,50
2020-07-19,"Linville Falls","Avery",35.972347,-81.933072,7,2020,29,34
2020-07-19,"Mendenhall School","Guilford",36.1090060008986,-79.802314,7,2020,30,48.5
2020-07-19,"Millbrook School","Wake",35.856111,-78.574167,7,2020,37.8,54
2020-07-19,"Pitt Agri. Center","Pitt",35.6412760008938,-77.360126,7,2020,39.3333333333333,47
2020-07-19,"West Johnston Co.","Johnston",35.59095,-78.4622,7,2020,38,52
2020-07-20,"Bryson City","Swain",35.434767,-83.442133,7,2020,33,33
2020-07-20,"Castle Hayne","New Hanover",34.364167,-77.838611,7,2020,21.5,36
2020-07-20,"Clemmons Middle","Forsyth",36.026,-80.342,7,2020,35.3333333333333,48
2020-07-20,"Durham Armory","Durham",36.0329550008979,-78.904037,7,2020,38.5,41.5
2020-07-20,"Frying Pan Mountain","Haywood",35.379167,-82.7925,7,2020,NA,45.5
2020-07-20,"Garinger High School","Mecklenburg",35.2401000008895,-80.785683,7,2020,31,42
2020-07-20,"Hattie Avenue","Forsyth",36.110693332,-80.2264378,7,2020,32.3333333333333,58.5
2020-07-20,"Leggett","Edgecombe",35.988278,-77.5843,7,2020,41.5,44.5
2020-07-20,"Linville Falls","Avery",35.972347,-81.933072,7,2020,NA,35
2020-07-20,"Mendenhall School","Guilford",36.1090060008986,-79.802314,7,2020,32,46.5
2020-07-20,"Millbrook School","Wake",35.856111,-78.574167,7,2020,38,42.5
2020-07-20,"Pitt Agri. Center","Pitt",35.6412760008938,-77.360126,7,2020,37,43
2020-07-20,"West Johnston Co.","Johnston",35.59095,-78.4622,7,2020,34.5,41.5
2020-07-21,"Bryson City","Swain",35.434767,-83.442133,7,2020,27,34
2020-07-21,"Castle Hayne","New Hanover",34.364167,-77.838611,7,2020,16.5,32.5
2020-07-21,"Clemmons Middle","Forsyth",36.026,-80.342,7,2020,37,50.5
2020-07-21,"Durham Armory","Durham",36.0329550008979,-78.904037,7,2020,33.5,38.5
2020-07-21,"Frying Pan Mountain","Haywood",35.379167,-82.7925,7,2020,NA,41
2020-07-21,"Garinger High School","Mecklenburg",35.2401000008895,-80.785683,7,2020,32.5,41.5
2020-07-21,"Hattie Avenue","Forsyth",36.110693332,-80.2264378,7,2020,31,53.5
2020-07-21,"Leggett","Edgecombe",35.988278,-77.5843,7,2020,28.5,31.5
2020-07-21,"Linville Falls","Avery",35.972347,-81.933072,7,2020,NA,36
2020-07-21,"Mendenhall School","Guilford",36.1090060008986,-79.802314,7,2020,29,45
2020-07-21,"Millbrook School","Wake",35.856111,-78.574167,7,2020,33.75,39
2020-07-21,"Pitt Agri. Center","Pitt",35.6412760008938,-77.360126,7,2020,27.5,35.5
2020-07-21,"West Johnston Co.","Johnston",35.59095,-78.4622,7,2020,33,36.5
2020-07-22,"Bryson City","Swain",35.434767,-83.442133,7,2020,25.5,30
2020-07-22,"Castle Hayne","New Hanover",34.364167,-77.838611,7,2020,24,39.5
2020-07-22,"Clemmons Middle","Forsyth",36.026,-80.342,7,2020,28.5,39.5
2020-07-22,"Durham Armory","Durham",36.0329550008979,-78.904037,7,2020,29,40
2020-07-22,"Frying Pan Mountain","Haywood",35.379167,-82.7925,7,2020,13,33
2020-07-22,"Garinger High School","Mecklenburg",35.2401000008895,-80.785683,7,2020,21.3333333333333,40
2020-07-22,"Hattie Avenue","Forsyth",36.110693332,-80.2264378,7,2020,23.6666666666667,39.5
2020-07-22,"Leggett","Edgecombe",35.988278,-77.5843,7,2020,29,39.5
2020-07-22,"Linville Falls","Avery",35.972347,-81.933072,7,2020,18,28
2020-07-22,"Mendenhall School","Guilford",36.1090060008986,-79.802314,7,2020,20.5,41
2020-07-22,"Millbrook School","Wake",35.856111,-78.574167,7,2020,29.2,41
2020-07-22,"Pitt Agri. Center","Pitt",35.6412760008938,-77.360126,7,2020,40,38.5
2020-07-22,"West Johnston Co.","Johnston",35.59095,-78.4622,7,2020,35,39.5
2020-07-23,"Bryson City","Swain",35.434767,-83.442133,7,2020,18.5,34
2020-07-23,"Castle Hayne","New Hanover",34.364167,-77.838611,7,2020,4.5,35
2020-07-23,"Clemmons Middle","Forsyth",36.026,-80.342,7,2020,30.5,33.5
2020-07-23,"Durham Armory","Durham",36.0329550008979,-78.904037,7,2020,29,36
2020-07-23,"Frying Pan Mountain","Haywood",35.379167,-82.7925,7,2020,NA,35.5
2020-07-23,"Garinger High School","Mecklenburg",35.2401000008895,-80.785683,7,2020,25,36
2020-07-23,"Hattie Avenue","Forsyth",36.110693332,-80.2264378,7,2020,23,35.5
2020-07-23,"Leggett","Edgecombe",35.988278,-77.5843,7,2020,25,33
2020-07-23,"Linville Falls","Avery",35.972347,-81.933072,7,2020,NA,30.5
2020-07-23,"Mendenhall School","Guilford",36.1090060008986,-79.802314,7,2020,21.5,33
2020-07-23,"Millbrook School","Wake",35.856111,-78.574167,7,2020,26.6,36
2020-07-23,"Pitt Agri. Center","Pitt",35.6412760008938,-77.360126,7,2020,23,35
2020-07-23,"West Johnston Co.","Johnston",35.59095,-78.4622,7,2020,23.5,35.5
2020-07-24,"Bryson City","Swain",35.434767,-83.442133,7,2020,27,34.5
2020-07-24,"Castle Hayne","New Hanover",34.364167,-77.838611,7,2020,10,40.5
2020-07-24,"Clemmons Middle","Forsyth",36.026,-80.342,7,2020,29.5,42
2020-07-24,"Durham Armory","Durham",36.0329550008979,-78.904037,7,2020,30.3333333333333,37.5
2020-07-24,"Frying Pan Mountain","Haywood",35.379167,-82.7925,7,2020,NA,49
2020-07-24,"Garinger High School","Mecklenburg",35.2401000008895,-80.785683,7,2020,27.5,44
2020-07-24,"Hattie Avenue","Forsyth",36.110693332,-80.2264378,7,2020,26.5,43
2020-07-24,"Leggett","Edgecombe",35.988278,-77.5843,7,2020,19,33
2020-07-24,"Linville Falls","Avery",35.972347,-81.933072,7,2020,NA,36.5
2020-07-24,"Mendenhall School","Guilford",36.1090060008986,-79.802314,7,2020,23,42
2020-07-24,"Millbrook School","Wake",35.856111,-78.574167,7,2020,28.5,38
2020-07-24,"Pitt Agri. Center","Pitt",35.6412760008938,-77.360126,7,2020,20.5,35.5
2020-07-24,"West Johnston Co.","Johnston",35.59095,-78.4622,7,2020,26,35
2020-07-25,"Bryson City","Swain",35.434767,-83.442133,7,2020,31.5,36.5
2020-07-25,"Castle Hayne","New Hanover",34.364167,-77.838611,7,2020,8.5,39
2020-07-25,"Clemmons Middle","Forsyth",36.026,-80.342,7,2020,31.5,40
2020-07-25,"Durham Armory","Durham",36.0329550008979,-78.904037,7,2020,33.3333333333333,39.5
2020-07-25,"Frying Pan Mountain","Haywood",35.379167,-82.7925,7,2020,NA,44
2020-07-25,"Garinger High School","Mecklenburg",35.2401000008895,-80.785683,7,2020,31.6666666666667,46
2020-07-25,"Hattie Avenue","Forsyth",36.110693332,-80.2264378,7,2020,25,42.5
2020-07-25,"Leggett","Edgecombe",35.988278,-77.5843,7,2020,26.5,40.5
2020-07-25,"Linville Falls","Avery",35.972347,-81.933072,7,2020,21,29
2020-07-25,"Mendenhall School","Guilford",36.1090060008986,-79.802314,7,2020,25,42.5
2020-07-25,"Millbrook School","Wake",35.856111,-78.574167,7,2020,30.6,40
2020-07-25,"Pitt Agri. Center","Pitt",35.6412760008938,-77.360126,7,2020,20.3333333333333,41.5
2020-07-25,"West Johnston Co.","Johnston",35.59095,-78.4622,7,2020,28,40
2020-07-26,"Bryson City","Swain",35.434767,-83.442133,7,2020,43,41
2020-07-26,"Castle Hayne","New Hanover",34.364167,-77.838611,7,2020,22,37
2020-07-26,"Clemmons Middle","Forsyth",36.026,-80.342,7,2020,38.3333333333333,51.5
2020-07-26,"Durham Armory","Durham",36.0329550008979,-78.904037,7,2020,39.6666666666667,47
2020-07-26,"Frying Pan Mountain","Haywood",35.379167,-82.7925,7,2020,NA,65.5
2020-07-26,"Garinger High School","Mecklenburg",35.2401000008895,-80.785683,7,2020,40.6666666666667,56.5
2020-07-26,"Hattie Avenue","Forsyth",36.110693332,-80.2264378,7,2020,36,48
2020-07-26,"Leggett","Edgecombe",35.988278,-77.5843,7,2020,35.5,43.5
2020-07-26,"Linville Falls","Avery",35.972347,-81.933072,7,2020,NA,34
2020-07-26,"Mendenhall School","Guilford",36.1090060008986,-79.802314,7,2020,31,50
2020-07-26,"Millbrook School","Wake",35.856111,-78.574167,7,2020,49.25,46.5
2020-07-26,"Pitt Agri. Center","Pitt",35.6412760008938,-77.360126,7,2020,34.5,44.5
2020-07-26,"West Johnston Co.","Johnston",35.59095,-78.4622,7,2020,40,42.5
2020-07-27,"Bryson City","Swain",35.434767,-83.442133,7,2020,49,41
2020-07-27,"Castle Hayne","New Hanover",34.364167,-77.838611,7,2020,18,38.5
2020-07-27,"Clemmons Middle","Forsyth",36.026,-80.342,7,2020,52.5,67.5
2020-07-27,"Durham Armory","Durham",36.0329550008979,-78.904037,7,2020,49.5,47
2020-07-27,"Frying Pan Mountain","Haywood",35.379167,-82.7925,7,2020,NA,64
2020-07-27,"Garinger High School","Mecklenburg",35.2401000008895,-80.785683,7,2020,46,64
2020-07-27,"Hattie Avenue","Forsyth",36.110693332,-80.2264378,7,2020,47,75.5
2020-07-27,"Leggett","Edgecombe",35.988278,-77.5843,7,2020,38,39
2020-07-27,"Linville Falls","Avery",35.972347,-81.933072,7,2020,NA,40
2020-07-27,"Mendenhall School","Guilford",36.1090060008986,-79.802314,7,2020,42,74
2020-07-27,"Millbrook School","Wake",35.856111,-78.574167,7,2020,49.6666666666667,45.5
2020-07-27,"Pitt Agri. Center","Pitt",35.6412760008938,-77.360126,7,2020,37,37
2020-07-27,"West Johnston Co.","Johnston",35.59095,-78.4622,7,2020,47.5,42.5
2020-07-28,"Bryson City","Swain",35.434767,-83.442133,7,2020,43.5,38
2020-07-28,"Castle Hayne","New Hanover",34.364167,-77.838611,7,2020,15,38.5
2020-07-28,"Clemmons Middle","Forsyth",36.026,-80.342,7,2020,49,46
2020-07-28,"Durham Armory","Durham",36.0329550008979,-78.904037,7,2020,49.6666666666667,45
2020-07-28,"Frying Pan Mountain","Haywood",35.379167,-82.7925,7,2020,25,47
2020-07-28,"Garinger High School","Mecklenburg",35.2401000008895,-80.785683,7,2020,51,74
2020-07-28,"Hattie Avenue","Forsyth",36.110693332,-80.2264378,7,2020,41.3333333333333,49
2020-07-28,"Leggett","Edgecombe",35.988278,-77.5843,7,2020,37.5,43
2020-07-28,"Linville Falls","Avery",35.972347,-81.933072,7,2020,34,34.5
2020-07-28,"Mendenhall School","Guilford",36.1090060008986,-79.802314,7,2020,42.5,54.5
2020-07-28,"Millbrook School","Wake",35.856111,-78.574167,7,2020,49.25,50.5
2020-07-28,"Pitt Agri. Center","Pitt",35.6412760008938,-77.360126,7,2020,32.3333333333333,43
2020-07-28,"West Johnston Co.","Johnston",35.59095,-78.4622,7,2020,45.5,44.5
2020-07-29,"Bryson City","Swain",35.434767,-83.442133,7,2020,40,38
2020-07-29,"Castle Hayne","New Hanover",34.364167,-77.838611,7,2020,7,36.5
2020-07-29,"Clemmons Middle","Forsyth",36.026,-80.342,7,2020,49.5,60.5
2020-07-29,"Durham Armory","Durham",36.0329550008979,-78.904037,7,2020,50.3333333333333,45.5
2020-07-29,"Frying Pan Mountain","Haywood",35.379167,-82.7925,7,2020,NA,46
2020-07-29,"Garinger High School","Mecklenburg",35.2401000008895,-80.785683,7,2020,45,62.5
2020-07-29,"Hattie Avenue","Forsyth",36.110693332,-80.2264378,7,2020,43.5,44
2020-07-29,"Leggett","Edgecombe",35.988278,-77.5843,7,2020,49,42.5
2020-07-29,"Linville Falls","Avery",35.972347,-81.933072,7,2020,NA,42.5
2020-07-29,"Mendenhall School","Guilford",36.1090060008986,-79.802314,7,2020,43.5,59
2020-07-29,"Millbrook School","Wake",35.856111,-78.574167,7,2020,51.75,54
2020-07-29,"Pitt Agri. Center","Pitt",35.6412760008938,-77.360126,7,2020,32.5,41.5
2020-07-29,"West Johnston Co.","Johnston",35.59095,-78.4622,7,2020,44.5,44
2020-07-30,"Bryson City","Swain",35.434767,-83.442133,7,2020,46,37.5
2020-07-30,"Castle Hayne","New Hanover",34.364167,-77.838611,7,2020,8.5,27
2020-07-30,"Clemmons Middle","Forsyth",36.026,-80.342,7,2020,41,49
2020-07-30,"Durham Armory","Durham",36.0329550008979,-78.904037,7,2020,37.5,41
2020-07-30,"Frying Pan Mountain","Haywood",35.379167,-82.7925,7,2020,NA,40.5
2020-07-30,"Garinger High School","Mecklenburg",35.2401000008895,-80.785683,7,2020,35.5,55.5
2020-07-30,"Hattie Avenue","Forsyth",36.110693332,-80.2264378,7,2020,36.5,58.5
2020-07-30,"Leggett","Edgecombe",35.988278,-77.5843,7,2020,35,36.5
2020-07-30,"Linville Falls","Avery",35.972347,-81.933072,7,2020,NA,36.5
2020-07-30,"Mendenhall School","Guilford",36.1090060008986,-79.802314,7,2020,33,58
2020-07-30,"Millbrook School","Wake",35.856111,-78.574167,7,2020,41.6666666666667,50
2020-07-30,"Pitt Agri. Center","Pitt",35.6412760008938,-77.360126,7,2020,24.5,36
2020-07-30,"West Johnston Co.","Johnston",35.59095,-78.4622,7,2020,38,35
2020-07-31,"Bryson City","Swain",35.434767,-83.442133,7,2020,37,33
2020-07-31,"Castle Hayne","New Hanover",34.364167,-77.838611,7,2020,6.5,26.5
2020-07-31,"Clemmons Middle","Forsyth",36.026,-80.342,7,2020,40,38.5
2020-07-31,"Durham Armory","Durham",36.0329550008979,-78.904037,7,2020,37.6666666666667,38.5
2020-07-31,"Frying Pan Mountain","Haywood",35.379167,-82.7925,7,2020,23,45
2020-07-31,"Garinger High School","Mecklenburg",35.2401000008895,-80.785683,7,2020,34,37.5
2020-07-31,"Hattie Avenue","Forsyth",36.110693332,-80.2264378,7,2020,32.6666666666667,39.5
2020-07-31,"Leggett","Edgecombe",35.988278,-77.5843,7,2020,39,35.5
2020-07-31,"Linville Falls","Avery",35.972347,-81.933072,7,2020,25,35
2020-07-31,"Mendenhall School","Guilford",36.1090060008986,-79.802314,7,2020,31.5,40
2020-07-31,"Millbrook School","Wake",35.856111,-78.574167,7,2020,35.75,44.5
2020-07-31,"Pitt Agri. Center","Pitt",35.6412760008938,-77.360126,7,2020,26.3333333333333,34.5
2020-07-31,"West Johnston Co.","Johnston",35.59095,-78.4622,7,2020,35.5,35
2020-08-01,"Bryson City","Swain",35.434767,-83.442133,8,2020,30,32.5
2020-08-01,"Castle Hayne","New Hanover",34.364167,-77.838611,8,2020,13,26
2020-08-01,"Clemmons Middle","Forsyth",36.026,-80.342,8,2020,40,42.5
2020-08-01,"Durham Armory","Durham",36.0329550008979,-78.904037,8,2020,36.3333333333333,47
2020-08-01,"Frying Pan Mountain","Haywood",35.379167,-82.7925,8,2020,NA,38
2020-08-01,"Garinger High School","Mecklenburg",35.2401000008895,-80.785683,8,2020,33,51
2020-08-01,"Hattie Avenue","Forsyth",36.110693332,-80.2264378,8,2020,35.3333333333333,59
2020-08-01,"Leggett","Edgecombe",35.988278,-77.5843,8,2020,33.5,33
2020-08-01,"Linville Falls","Avery",35.972347,-81.933072,8,2020,NA,32
2020-08-01,"Mendenhall School","Guilford",36.1090060008986,-79.802314,8,2020,27,47.5
2020-08-01,"Millbrook School","Wake",35.856111,-78.574167,8,2020,44.25,47
2020-08-01,"Pitt Agri. Center","Pitt",35.6412760008938,-77.360126,8,2020,34.5,31
2020-08-01,"West Johnston Co.","Johnston",35.59095,-78.4622,8,2020,39.5,34
2020-08-02,"Bryson City","Swain",35.434767,-83.442133,8,2020,7,27
2020-08-02,"Castle Hayne","New Hanover",34.364167,-77.838611,8,2020,21,16
2020-08-02,"Clemmons Middle","Forsyth",36.026,-80.342,8,2020,25,40.5
2020-08-02,"Durham Armory","Durham",36.0329550008979,-78.904037,8,2020,26.5,34
2020-08-02,"Frying Pan Mountain","Haywood",35.379167,-82.7925,8,2020,NA,35.5
2020-08-02,"Garinger High School","Mecklenburg",35.2401000008895,-80.785683,8,2020,30.5,34.5
2020-08-02,"Hattie Avenue","Forsyth",36.110693332,-80.2264378,8,2020,23,60
2020-08-02,"Leggett","Edgecombe",35.988278,-77.5843,8,2020,27,23.5
2020-08-02,"Linville Falls","Avery",35.972347,-81.933072,8,2020,NA,31
2020-08-02,"Mendenhall School","Guilford",36.1090060008986,-79.802314,8,2020,16,37.5
2020-08-02,"Millbrook School","Wake",35.856111,-78.574167,8,2020,32.6666666666667,33
2020-08-02,"Pitt Agri. Center","Pitt",35.6412760008938,-77.360126,8,2020,25,24.5
2020-08-02,"West Johnston Co.","Johnston",35.59095,-78.4622,8,2020,28,30.5
2020-08-03,"Bryson City","Swain",35.434767,-83.442133,8,2020,10,28
2020-08-03,"Castle Hayne","New Hanover",34.364167,-77.838611,8,2020,0,20
2020-08-03,"Clemmons Middle","Forsyth",36.026,-80.342,8,2020,32,35
2020-08-03,"Durham Armory","Durham",36.0329550008979,-78.904037,8,2020,20.6666666666667,27
2020-08-03,"Frying Pan Mountain","Haywood",35.379167,-82.7925,8,2020,2,40.5
2020-08-03,"Garinger High School","Mecklenburg",35.2401000008895,-80.785683,8,2020,25.6666666666667,34
2020-08-03,"Hattie Avenue","Forsyth",36.110693332,-80.2264378,8,2020,23.3333333333333,33.5
2020-08-03,"Leggett","Edgecombe",35.988278,-77.5843,8,2020,17,23.5
2020-08-03,"Linville Falls","Avery",35.972347,-81.933072,8,2020,5,24
2020-08-03,"Mendenhall School","Guilford",36.1090060008986,-79.802314,8,2020,20.5,34
2020-08-03,"Millbrook School","Wake",35.856111,-78.574167,8,2020,25,25
2020-08-03,"Pitt Agri. Center","Pitt",35.6412760008938,-77.360126,8,2020,14.3333333333333,25.5
2020-08-03,"West Johnston Co.","Johnston",35.59095,-78.4622,8,2020,25,24
2020-08-04,"Bryson City","Swain",35.434767,-83.442133,8,2020,15,27.5
2020-08-04,"Castle Hayne","New Hanover",34.364167,-77.838611,8,2020,0,19
2020-08-04,"Clemmons Middle","Forsyth",36.026,-80.342,8,2020,30.5,33.5
2020-08-04,"Durham Armory","Durham",36.0329550008979,-78.904037,8,2020,33.6666666666667,31
2020-08-04,"Frying Pan Mountain","Haywood",35.379167,-82.7925,8,2020,NA,41.5
2020-08-04,"Garinger High School","Mecklenburg",35.2401000008895,-80.785683,8,2020,34,40.5
2020-08-04,"Hattie Avenue","Forsyth",36.110693332,-80.2264378,8,2020,29.5,38.5
2020-08-04,"Leggett","Edgecombe",35.988278,-77.5843,8,2020,33,34
2020-08-04,"Linville Falls","Avery",35.972347,-81.933072,8,2020,NA,28.5
2020-08-04,"Mendenhall School","Guilford",36.1090060008986,-79.802314,8,2020,30,41.5
2020-08-04,"Millbrook School","Wake",35.856111,-78.574167,8,2020,35,36.5
2020-08-04,"Pitt Agri. Center","Pitt",35.6412760008938,-77.360126,8,2020,19.5,31.5
2020-08-04,"West Johnston Co.","Johnston",35.59095,-78.4622,8,2020,27,29.5
2020-08-05,"Bryson City","Swain",35.434767,-83.442133,8,2020,25,30
2020-08-05,"Castle Hayne","New Hanover",34.364167,-77.838611,8,2020,0,25.5
2020-08-05,"Clemmons Middle","Forsyth",36.026,-80.342,8,2020,36.5,42.5
2020-08-05,"Durham Armory","Durham",36.0329550008979,-78.904037,8,2020,33.5,39
2020-08-05,"Frying Pan Mountain","Haywood",35.379167,-82.7925,8,2020,NA,43.5
2020-08-05,"Garinger High School","Mecklenburg",35.2401000008895,-80.785683,8,2020,31,51.5
2020-08-05,"Hattie Avenue","Forsyth",36.110693332,-80.2264378,8,2020,34,48
2020-08-05,"Leggett","Edgecombe",35.988278,-77.5843,8,2020,21,28.5
2020-08-05,"Linville Falls","Avery",35.972347,-81.933072,8,2020,NA,25
2020-08-05,"Mendenhall School","Guilford",36.1090060008986,-79.802314,8,2020,32,48
2020-08-05,"Millbrook School","Wake",35.856111,-78.574167,8,2020,33,36.5
2020-08-05,"Pitt Agri. Center","Pitt",35.6412760008938,-77.360126,8,2020,22.5,30
2020-08-05,"West Johnston Co.","Johnston",35.59095,-78.4622,8,2020,31,32.5
2020-08-06,"Bryson City","Swain",35.434767,-83.442133,8,2020,32.5,29.5
2020-08-06,"Castle Hayne","New Hanover",34.364167,-77.838611,8,2020,20,37.5
2020-08-06,"Clemmons Middle","Forsyth",36.026,-80.342,8,2020,44.5,42.5
2020-08-06,"Durham Armory","Durham",36.0329550008979,-78.904037,8,2020,36,43
2020-08-06,"Frying Pan Mountain","Haywood",35.379167,-82.7925,8,2020,20,38
2020-08-06,"Garinger High School","Mecklenburg",35.2401000008895,-80.785683,8,2020,32,52.5
2020-08-06,"Hattie Avenue","Forsyth",36.110693332,-80.2264378,8,2020,37.25,46
2020-08-06,"Leggett","Edgecombe",35.988278,-77.5843,8,2020,34.5,33.5
2020-08-06,"Linville Falls","Avery",35.972347,-81.933072,8,2020,21,31.5
2020-08-06,"Mendenhall School","Guilford",36.1090060008986,-79.802314,8,2020,40,49
2020-08-06,"Millbrook School","Wake",35.856111,-78.574167,8,2020,41.4,47.5
2020-08-06,"Pitt Agri. Center","Pitt",35.6412760008938,-77.360126,8,2020,31.6666666666667,38
2020-08-06,"West Johnston Co.","Johnston",35.59095,-78.4622,8,2020,45.5,42
2020-08-07,"Bryson City","Swain",35.434767,-83.442133,8,2020,35,34
2020-08-07,"Castle Hayne","New Hanover",34.364167,-77.838611,8,2020,18.5,35
2020-08-07,"Clemmons Middle","Forsyth",36.026,-80.342,8,2020,39,41.5
2020-08-07,"Durham Armory","Durham",36.0329550008979,-78.904037,8,2020,40.3333333333333,42
2020-08-07,"Frying Pan Mountain","Haywood",35.379167,-82.7925,8,2020,NA,38
2020-08-07,"Garinger High School","Mecklenburg",35.2401000008895,-80.785683,8,2020,36,55
2020-08-07,"Hattie Avenue","Forsyth",36.110693332,-80.2264378,8,2020,36.3333333333333,40.5
2020-08-07,"Leggett","Edgecombe",35.988278,-77.5843,8,2020,44.5,42
2020-08-07,"Linville Falls","Avery",35.972347,-81.933072,8,2020,NA,34
2020-08-07,"Mendenhall School","Guilford",36.1090060008986,-79.802314,8,2020,33.5,47
2020-08-07,"Millbrook School","Wake",35.856111,-78.574167,8,2020,46.2,43.5
2020-08-07,"Pitt Agri. Center","Pitt",35.6412760008938,-77.360126,8,2020,45,41.5
2020-08-07,"West Johnston Co.","Johnston",35.59095,-78.4622,8,2020,45,40.5
2020-08-08,"Bryson City","Swain",35.434767,-83.442133,8,2020,33,31
2020-08-08,"Castle Hayne","New Hanover",34.364167,-77.838611,8,2020,27,41.5
2020-08-08,"Clemmons Middle","Forsyth",36.026,-80.342,8,2020,31.5,39
2020-08-08,"Durham Armory","Durham",36.0329550008979,-78.904037,8,2020,27,44
2020-08-08,"Frying Pan Mountain","Haywood",35.379167,-82.7925,8,2020,NA,45
2020-08-08,"Garinger High School","Mecklenburg",35.2401000008895,-80.785683,8,2020,32.5,42.5
2020-08-08,"Hattie Avenue","Forsyth",36.110693332,-80.2264378,8,2020,27,39
2020-08-08,"Leggett","Edgecombe",35.988278,-77.5843,8,2020,34,44
2020-08-08,"Linville Falls","Avery",35.972347,-81.933072,8,2020,NA,32.5
2020-08-08,"Mendenhall School","Guilford",36.1090060008986,-79.802314,8,2020,24,44
2020-08-08,"Millbrook School","Wake",35.856111,-78.574167,8,2020,30.75,46
2020-08-08,"Pitt Agri. Center","Pitt",35.6412760008938,-77.360126,8,2020,43,45.5
2020-08-08,"West Johnston Co.","Johnston",35.59095,-78.4622,8,2020,31,42.5
2020-08-09,"Bryson City","Swain",35.434767,-83.442133,8,2020,29.5,35.5
2020-08-09,"Castle Hayne","New Hanover",34.364167,-77.838611,8,2020,35,43
2020-08-09,"Clemmons Middle","Forsyth",36.026,-80.342,8,2020,41,43.5
2020-08-09,"Durham Armory","Durham",36.0329550008979,-78.904037,8,2020,36,50
2020-08-09,"Frying Pan Mountain","Haywood",35.379167,-82.7925,8,2020,18,44.5
2020-08-09,"Garinger High School","Mecklenburg",35.2401000008895,-80.785683,8,2020,31,78
2020-08-09,"Hattie Avenue","Forsyth",36.110693332,-80.2264378,8,2020,34.3333333333333,43
2020-08-09,"Leggett","Edgecombe",35.988278,-77.5843,8,2020,36.5,43
2020-08-09,"Linville Falls","Avery",35.972347,-81.933072,8,2020,21,39
2020-08-09,"Mendenhall School","Guilford",36.1090060008986,-79.802314,8,2020,35.5,46
2020-08-09,"Millbrook School","Wake",35.856111,-78.574167,8,2020,43,57.5
2020-08-09,"Pitt Agri. Center","Pitt",35.6412760008938,-77.360126,8,2020,29.5,57
2020-08-09,"West Johnston Co.","Johnston",35.59095,-78.4622,8,2020,43,51.5
2020-08-10,"Bryson City","Swain",35.434767,-83.442133,8,2020,30,30
2020-08-10,"Castle Hayne","New Hanover",34.364167,-77.838611,8,2020,42,46
2020-08-10,"Clemmons Middle","Forsyth",36.026,-80.342,8,2020,48,53
2020-08-10,"Durham Armory","Durham",36.0329550008979,-78.904037,8,2020,44.3333333333333,47
2020-08-10,"Frying Pan Mountain","Haywood",35.379167,-82.7925,8,2020,NA,39
2020-08-10,"Garinger High School","Mecklenburg",35.2401000008895,-80.785683,8,2020,46,49
2020-08-10,"Hattie Avenue","Forsyth",36.110693332,-80.2264378,8,2020,44.6666666666667,56
2020-08-10,"Leggett","Edgecombe",35.988278,-77.5843,8,2020,43.5,43
2020-08-10,"Linville Falls","Avery",35.972347,-81.933072,8,2020,NA,32.5
2020-08-10,"Mendenhall School","Guilford",36.1090060008986,-79.802314,8,2020,38,48
2020-08-10,"Millbrook School","Wake",35.856111,-78.574167,8,2020,53,59
2020-08-10,"Pitt Agri. Center","Pitt",35.6412760008938,-77.360126,8,2020,52,46.5
2020-08-10,"West Johnston Co.","Johnston",35.59095,-78.4622,8,2020,52,48.5
2020-08-11,"Bryson City","Swain",35.434767,-83.442133,8,2020,24,32
2020-08-11,"Castle Hayne","New Hanover",34.364167,-77.838611,8,2020,22,39
2020-08-11,"Clemmons Middle","Forsyth",36.026,-80.342,8,2020,38.5,41.5
2020-08-11,"Durham Armory","Durham",36.0329550008979,-78.904037,8,2020,42,42
2020-08-11,"Frying Pan Mountain","Haywood",35.379167,-82.7925,8,2020,NA,35.5
2020-08-11,"Garinger High School","Mecklenburg",35.2401000008895,-80.785683,8,2020,36,43
2020-08-11,"Hattie Avenue","Forsyth",36.110693332,-80.2264378,8,2020,34.5,43
2020-08-11,"Leggett","Edgecombe",35.988278,-77.5843,8,2020,35,41.5
2020-08-11,"Linville Falls","Avery",35.972347,-81.933072,8,2020,NA,30
2020-08-11,"Mendenhall School","Guilford",36.1090060008986,-79.802314,8,2020,35,43
2020-08-11,"Millbrook School","Wake",35.856111,-78.574167,8,2020,47.25,44.5
2020-08-11,"Pitt Agri. Center","Pitt",35.6412760008938,-77.360126,8,2020,46,41.5
2020-08-11,"West Johnston Co.","Johnston",35.59095,-78.4622,8,2020,45.5,40.5
2020-08-12,"Bryson City","Swain",35.434767,-83.442133,8,2020,41,36
2020-08-12,"Castle Hayne","New Hanover",34.364167,-77.838611,8,2020,17.5,37.5
2020-08-12,"Clemmons Middle","Forsyth",36.026,-80.342,8,2020,47.5,38.5
2020-08-12,"Durham Armory","Durham",36.0329550008979,-78.904037,8,2020,36,53
2020-08-12,"Frying Pan Mountain","Haywood",35.379167,-82.7925,8,2020,35,41
2020-08-12,"Garinger High School","Mecklenburg",35.2401000008895,-80.785683,8,2020,35,45.5
2020-08-12,"Hattie Avenue","Forsyth",36.110693332,-80.2264378,8,2020,35.5,43
2020-08-12,"Leggett","Edgecombe",35.988278,-77.5843,8,2020,32,38.5
2020-08-12,"Linville Falls","Avery",35.972347,-81.933072,8,2020,35,34
2020-08-12,"Mendenhall School","Guilford",36.1090060008986,-79.802314,8,2020,33,43.5
2020-08-12,"Millbrook School","Wake",35.856111,-78.574167,8,2020,38.6,44.5
2020-08-12,"Pitt Agri. Center","Pitt",35.6412760008938,-77.360126,8,2020,31,41.5
2020-08-12,"West Johnston Co.","Johnston",35.59095,-78.4622,8,2020,36.5,38.5
2020-08-13,"Bryson City","Swain",35.434767,-83.442133,8,2020,45,33.5
2020-08-13,"Castle Hayne","New Hanover",34.364167,-77.838611,8,2020,18,37.5
2020-08-13,"Clemmons Middle","Forsyth",36.026,-80.342,8,2020,45,42
2020-08-13,"Durham Armory","Durham",36.0329550008979,-78.904037,8,2020,35,39
2020-08-13,"Frying Pan Mountain","Haywood",35.379167,-82.7925,8,2020,NA,43
2020-08-13,"Garinger High School","Mecklenburg",35.2401000008895,-80.785683,8,2020,38.3333333333333,47.5
2020-08-13,"Hattie Avenue","Forsyth",36.110693332,-80.2264378,8,2020,41.6666666666667,43.5
2020-08-13,"Leggett","Edgecombe",35.988278,-77.5843,8,2020,28,38.5
2020-08-13,"Linville Falls","Avery",35.972347,-81.933072,8,2020,NA,32
2020-08-13,"Mendenhall School","Guilford",36.1090060008986,-79.802314,8,2020,38.5,49
2020-08-13,"Millbrook School","Wake",35.856111,-78.574167,8,2020,39.6,42
2020-08-13,"Pitt Agri. Center","Pitt",35.6412760008938,-77.360126,8,2020,25,40.5
2020-08-13,"West Johnston Co.","Johnston",35.59095,-78.4622,8,2020,32.5,37.5
2020-08-14,"Bryson City","Swain",35.434767,-83.442133,8,2020,36.5,33
2020-08-14,"Castle Hayne","New Hanover",34.364167,-77.838611,8,2020,39,39.5
2020-08-14,"Clemmons Middle","Forsyth",36.026,-80.342,8,2020,42,40
2020-08-14,"Durham Armory","Durham",36.0329550008979,-78.904037,8,2020,30.5,43
2020-08-14,"Frying Pan Mountain","Haywood",35.379167,-82.7925,8,2020,NA,43.5
2020-08-14,"Garinger High School","Mecklenburg",35.2401000008895,-80.785683,8,2020,39.5,49.5
2020-08-14,"Hattie Avenue","Forsyth",36.110693332,-80.2264378,8,2020,36,41.5
2020-08-14,"Leggett","Edgecombe",35.988278,-77.5843,8,2020,35,37.5
2020-08-14,"Linville Falls","Avery",35.972347,-81.933072,8,2020,NA,31.5
2020-08-14,"Mendenhall School","Guilford",36.1090060008986,-79.802314,8,2020,33.5,46
2020-08-14,"Millbrook School","Wake",35.856111,-78.574167,8,2020,38.75,44
2020-08-14,"Pitt Agri. Center","Pitt",35.6412760008938,-77.360126,8,2020,44,40.5
2020-08-14,"West Johnston Co.","Johnston",35.59095,-78.4622,8,2020,26,36.5
2020-08-15,"Bryson City","Swain",35.434767,-83.442133,8,2020,44.5,35
2020-08-15,"Castle Hayne","New Hanover",34.364167,-77.838611,8,2020,28,37
2020-08-15,"Clemmons Middle","Forsyth",36.026,-80.342,8,2020,47,48
2020-08-15,"Durham Armory","Durham",36.0329550008979,-78.904037,8,2020,44,45
2020-08-15,"Frying Pan Mountain","Haywood",35.379167,-82.7925,8,2020,49,44
2020-08-15,"Garinger High School","Mecklenburg",35.2401000008895,-80.785683,8,2020,51.3333333333333,94.5
2020-08-15,"Hattie Avenue","Forsyth",36.110693332,-80.2264378,8,2020,43.6666666666667,49.5
2020-08-15,"Leggett","Edgecombe",35.988278,-77.5843,8,2020,28,42
2020-08-15,"Linville Falls","Avery",35.972347,-81.933072,8,2020,43,39
2020-08-15,"Mendenhall School","Guilford",36.1090060008986,-79.802314,8,2020,45,62.5
2020-08-15,"Millbrook School","Wake",35.856111,-78.574167,8,2020,47.2,50.5
2020-08-15,"Pitt Agri. Center","Pitt",35.6412760008938,-77.360126,8,2020,53,43.5
2020-08-15,"West Johnston Co.","Johnston",35.59095,-78.4622,8,2020,37,43.5
2020-08-16,"Bryson City","Swain",35.434767,-83.442133,8,2020,46.5,38
2020-08-16,"Castle Hayne","New Hanover",34.364167,-77.838611,8,2020,15,32.5
2020-08-16,"Clemmons Middle","Forsyth",36.026,-80.342,8,2020,52,60.5
2020-08-16,"Durham Armory","Durham",36.0329550008979,-78.904037,8,2020,22.5,47
2020-08-16,"Frying Pan Mountain","Haywood",35.379167,-82.7925,8,2020,NA,45.5
2020-08-16,"Garinger High School","Mecklenburg",35.2401000008895,-80.785683,8,2020,46.3333333333333,72
2020-08-16,"Hattie Avenue","Forsyth",36.110693332,-80.2264378,8,2020,43.3333333333333,54.5
2020-08-16,"Leggett","Edgecombe",35.988278,-77.5843,8,2020,37.5,37
2020-08-16,"Linville Falls","Avery",35.972347,-81.933072,8,2020,NA,35.5
2020-08-16,"Mendenhall School","Guilford",36.1090060008986,-79.802314,8,2020,44.5,53
2020-08-16,"Millbrook School","Wake",35.856111,-78.574167,8,2020,45.2,50.5
2020-08-16,"Pitt Agri. Center","Pitt",35.6412760008938,-77.360126,8,2020,57,34.5
2020-08-16,"West Johnston Co.","Johnston",35.59095,-78.4622,8,2020,29,38.5
2020-08-17,"Bryson City","Swain",35.434767,-83.442133,8,2020,44,31.5
2020-08-17,"Castle Hayne","New Hanover",34.364167,-77.838611,8,2020,9,27
2020-08-17,"Clemmons Middle","Forsyth",36.026,-80.342,8,2020,47,41
2020-08-17,"Durham Armory","Durham",36.0329550008979,-78.904037,8,2020,37,40
2020-08-17,"Frying Pan Mountain","Haywood",35.379167,-82.7925,8,2020,NA,39
2020-08-17,"Garinger High School","Mecklenburg",35.2401000008895,-80.785683,8,2020,32.5,35.5
2020-08-17,"Hattie Avenue","Forsyth",36.110693332,-80.2264378,8,2020,41,42
2020-08-17,"Leggett","Edgecombe",35.988278,-77.5843,8,2020,39.5,31
2020-08-17,"Linville Falls","Avery",35.972347,-81.933072,8,2020,NA,37.5
2020-08-17,"Mendenhall School","Guilford",36.1090060008986,-79.802314,8,2020,37,45.5
2020-08-17,"Millbrook School","Wake",35.856111,-78.574167,8,2020,37.8,36
2020-08-17,"Pitt Agri. Center","Pitt",35.6412760008938,-77.360126,8,2020,45,31.5
2020-08-17,"West Johnston Co.","Johnston",35.59095,-78.4622,8,2020,22,29.5
2020-08-18,"Bryson City","Swain",35.434767,-83.442133,8,2020,35,31.5
2020-08-18,"Castle Hayne","New Hanover",34.364167,-77.838611,8,2020,14.5,27.5
2020-08-18,"Clemmons Middle","Forsyth",36.026,-80.342,8,2020,35.5,36.5
2020-08-18,"Durham Armory","Durham",36.0329550008979,-78.904037,8,2020,28,34
2020-08-18,"Frying Pan Mountain","Haywood",35.379167,-82.7925,8,2020,16,44.5
2020-08-18,"Garinger High School","Mecklenburg",35.2401000008895,-80.785683,8,2020,25,41.5
2020-08-18,"Hattie Avenue","Forsyth",36.110693332,-80.2264378,8,2020,31.3333333333333,40
2020-08-18,"Leggett","Edgecombe",35.988278,-77.5843,8,2020,27,30
2020-08-18,"Linville Falls","Avery",35.972347,-81.933072,8,2020,25,29.5
2020-08-18,"Mendenhall School","Guilford",36.1090060008986,-79.802314,8,2020,30,40.5
2020-08-18,"Millbrook School","Wake",35.856111,-78.574167,8,2020,30.8,36.5
2020-08-18,"Pitt Agri. Center","Pitt",35.6412760008938,-77.360126,8,2020,24,28.5
2020-08-18,"West Johnston Co.","Johnston",35.59095,-78.4622,8,2020,26,32
2020-08-19,"Bryson City","Swain",35.434767,-83.442133,8,2020,32,31.5
2020-08-19,"Castle Hayne","New Hanover",34.364167,-77.838611,8,2020,16,27
2020-08-19,"Clemmons Middle","Forsyth",36.026,-80.342,8,2020,35.6666666666667,41
2020-08-19,"Durham Armory","Durham",36.0329550008979,-78.904037,8,2020,36.3333333333333,39.5
2020-08-19,"Frying Pan Mountain","Haywood",35.379167,-82.7925,8,2020,NA,41.5
2020-08-19,"Garinger High School","Mecklenburg",35.2401000008895,-80.785683,8,2020,35.6666666666667,39
2020-08-19,"Hattie Avenue","Forsyth",36.110693332,-80.2264378,8,2020,34.3333333333333,46
2020-08-19,"Leggett","Edgecombe",35.988278,-77.5843,8,2020,32,32
2020-08-19,"Linville Falls","Avery",35.972347,-81.933072,8,2020,NA,29.5
2020-08-19,"Mendenhall School","Guilford",36.1090060008986,-79.802314,8,2020,29,53.5
2020-08-19,"Millbrook School","Wake",35.856111,-78.574167,8,2020,41.2,39.5
2020-08-19,"Pitt Agri. Center","Pitt",35.6412760008938,-77.360126,8,2020,26,34.5
2020-08-19,"West Johnston Co.","Johnston",35.59095,-78.4622,8,2020,37,31
2020-08-20,"Bryson City","Swain",35.434767,-83.442133,8,2020,33,31
2020-08-20,"Castle Hayne","New Hanover",34.364167,-77.838611,8,2020,25.5,30.5
2020-08-20,"Clemmons Middle","Forsyth",36.026,-80.342,8,2020,35,38.5
2020-08-20,"Durham Armory","Durham",36.0329550008979,-78.904037,8,2020,31.5,35.5
2020-08-20,"Frying Pan Mountain","Haywood",35.379167,-82.7925,8,2020,NA,39
2020-08-20,"Garinger High School","Mecklenburg",35.2401000008895,-80.785683,8,2020,29.5,32
2020-08-20,"Hattie Avenue","Forsyth",36.110693332,-80.2264378,8,2020,30,39.5
2020-08-20,"Leggett","Edgecombe",35.988278,-77.5843,8,2020,34.5,36
2020-08-20,"Linville Falls","Avery",35.972347,-81.933072,8,2020,NA,31.5
2020-08-20,"Mendenhall School","Guilford",36.1090060008986,-79.802314,8,2020,23,36.5
2020-08-20,"Millbrook School","Wake",35.856111,-78.574167,8,2020,36,40.5
2020-08-20,"Pitt Agri. Center","Pitt",35.6412760008938,-77.360126,8,2020,30,35.5
2020-08-20,"West Johnston Co.","Johnston",35.59095,-78.4622,8,2020,34,31.5
2020-08-21,"Bryson City","Swain",35.434767,-83.442133,8,2020,41,33.5
2020-08-21,"Castle Hayne","New Hanover",34.364167,-77.838611,8,2020,13,28
2020-08-21,"Clemmons Middle","Forsyth",36.026,-80.342,8,2020,31.5,33
2020-08-21,"Durham Armory","Durham",36.0329550008979,-78.904037,8,2020,26,33
2020-08-21,"Frying Pan Mountain","Haywood",35.379167,-82.7925,8,2020,30,42
2020-08-21,"Garinger High School","Mecklenburg",35.2401000008895,-80.785683,8,2020,25,33.5
2020-08-21,"Hattie Avenue","Forsyth",36.110693332,-80.2264378,8,2020,27.6666666666667,34
2020-08-21,"Leggett","Edgecombe",35.988278,-77.5843,8,2020,36.5,32
2020-08-21,"Linville Falls","Avery",35.972347,-81.933072,8,2020,20,31.5
2020-08-21,"Mendenhall School","Guilford",36.1090060008986,-79.802314,8,2020,25.5,40.5
2020-08-21,"Millbrook School","Wake",35.856111,-78.574167,8,2020,31.4,35.5
2020-08-21,"Pitt Agri. Center","Pitt",35.6412760008938,-77.360126,8,2020,32.3333333333333,28.5
2020-08-21,"West Johnston Co.","Johnston",35.59095,-78.4622,8,2020,33.5,32
2020-08-22,"Bryson City","Swain",35.434767,-83.442133,8,2020,37.5,31
2020-08-22,"Castle Hayne","New Hanover",34.364167,-77.838611,8,2020,22,32
2020-08-22,"Clemmons Middle","Forsyth",36.026,-80.342,8,2020,35,36.5
2020-08-22,"Durham Armory","Durham",36.0329550008979,-78.904037,8,2020,30.3333333333333,38
2020-08-22,"Frying Pan Mountain","Haywood",35.379167,-82.7925,8,2020,NA,38
2020-08-22,"Garinger High School","Mecklenburg",35.2401000008895,-80.785683,8,2020,31.6666666666667,39
2020-08-22,"Hattie Avenue","Forsyth",36.110693332,-80.2264378,8,2020,32.5,37
2020-08-22,"Leggett","Edgecombe",35.988278,-77.5843,8,2020,30,39.5
2020-08-22,"Linville Falls","Avery",35.972347,-81.933072,8,2020,NA,25.5
2020-08-22,"Mendenhall School","Guilford",36.1090060008986,-79.802314,8,2020,26.5,40
2020-08-22,"Millbrook School","Wake",35.856111,-78.574167,8,2020,35.4,40
2020-08-22,"Pitt Agri. Center","Pitt",35.6412760008938,-77.360126,8,2020,30,40.5
2020-08-22,"West Johnston Co.","Johnston",35.59095,-78.4622,8,2020,34,35
2020-08-23,"Bryson City","Swain",35.434767,-83.442133,8,2020,40,32.5
2020-08-23,"Castle Hayne","New Hanover",34.364167,-77.838611,8,2020,19,32
2020-08-23,"Clemmons Middle","Forsyth",36.026,-80.342,8,2020,40,39
2020-08-23,"Durham Armory","Durham",36.0329550008979,-78.904037,8,2020,35.5,38
2020-08-23,"Frying Pan Mountain","Haywood",35.379167,-82.7925,8,2020,NA,36.5
2020-08-23,"Garinger High School","Mecklenburg",35.2401000008895,-80.785683,8,2020,38.5,49
2020-08-23,"Hattie Avenue","Forsyth",36.110693332,-80.2264378,8,2020,36.5,39.5
2020-08-23,"Leggett","Edgecombe",35.988278,-77.5843,8,2020,38.5,35.5
2020-08-23,"Linville Falls","Avery",35.972347,-81.933072,8,2020,NA,32.5
2020-08-23,"Mendenhall School","Guilford",36.1090060008986,-79.802314,8,2020,28.5,41.5
2020-08-23,"Millbrook School","Wake",35.856111,-78.574167,8,2020,45.25,39
2020-08-23,"Pitt Agri. Center","Pitt",35.6412760008938,-77.360126,8,2020,34.5,34.5
2020-08-23,"West Johnston Co.","Johnston",35.59095,-78.4622,8,2020,40,33.5
2020-08-24,"Bryson City","Swain",35.434767,-83.442133,8,2020,33,31
2020-08-24,"Castle Hayne","New Hanover",34.364167,-77.838611,8,2020,19,35
2020-08-24,"Clemmons Middle","Forsyth",36.026,-80.342,8,2020,27.5,40.5
2020-08-24,"Durham Armory","Durham",36.0329550008979,-78.904037,8,2020,28.6666666666667,32
2020-08-24,"Frying Pan Mountain","Haywood",35.379167,-82.7925,8,2020,NA,36.5
2020-08-24,"Garinger High School","Mecklenburg",35.2401000008895,-80.785683,8,2020,27.3333333333333,35
2020-08-24,"Hattie Avenue","Forsyth",36.110693332,-80.2264378,8,2020,23.5,36.5
2020-08-24,"Leggett","Edgecombe",35.988278,-77.5843,8,2020,24,28.5
2020-08-24,"Linville Falls","Avery",35.972347,-81.933072,8,2020,21,31
2020-08-24,"Mendenhall School","Guilford",36.1090060008986,-79.802314,8,2020,18,33.5
2020-08-24,"Millbrook School","Wake",35.856111,-78.574167,8,2020,31,33.5
2020-08-24,"Pitt Agri. Center","Pitt",35.6412760008938,-77.360126,8,2020,31,32.5
2020-08-24,"West Johnston Co.","Johnston",35.59095,-78.4622,8,2020,28,31.5
2020-08-25,"Bryson City","Swain",35.434767,-83.442133,8,2020,23,29.5
2020-08-25,"Castle Hayne","New Hanover",34.364167,-77.838611,8,2020,10.5,30.5
2020-08-25,"Clemmons Middle","Forsyth",36.026,-80.342,8,2020,34.5,38
2020-08-25,"Durham Armory","Durham",36.0329550008979,-78.904037,8,2020,24.6666666666667,36.5
2020-08-25,"Frying Pan Mountain","Haywood",35.379167,-82.7925,8,2020,NA,37
2020-08-25,"Garinger High School","Mecklenburg",35.2401000008895,-80.785683,8,2020,29.6666666666667,52.5
2020-08-25,"Hattie Avenue","Forsyth",36.110693332,-80.2264378,8,2020,30,42.5
2020-08-25,"Leggett","Edgecombe",35.988278,-77.5843,8,2020,22,30.5
2020-08-25,"Linville Falls","Avery",35.972347,-81.933072,8,2020,NA,33.5
2020-08-25,"Mendenhall School","Guilford",36.1090060008986,-79.802314,8,2020,25,39.5
2020-08-25,"Millbrook School","Wake",35.856111,-78.574167,8,2020,27.8,37.5
2020-08-25,"Pitt Agri. Center","Pitt",35.6412760008938,-77.360126,8,2020,27.5,34.5
2020-08-25,"West Johnston Co.","Johnston",35.59095,-78.4622,8,2020,26.5,35.5
2020-08-26,"Bryson City","Swain",35.434767,-83.442133,8,2020,28,27.5
2020-08-26,"Castle Hayne","New Hanover",34.364167,-77.838611,8,2020,10.5,34
2020-08-26,"Clemmons Middle","Forsyth",36.026,-80.342,8,2020,38.5,38
2020-08-26,"Durham Armory","Durham",36.0329550008979,-78.904037,8,2020,29,32
2020-08-26,"Frying Pan Mountain","Haywood",35.379167,-82.7925,8,2020,NA,36
2020-08-26,"Garinger High School","Mecklenburg",35.2401000008895,-80.785683,8,2020,36.5,45.5
2020-08-26,"Hattie Avenue","Forsyth",36.110693332,-80.2264378,8,2020,34,38
2020-08-26,"Leggett","Edgecombe",35.988278,-77.5843,8,2020,27.5,31
2020-08-26,"Linville Falls","Avery",35.972347,-81.933072,8,2020,NA,33
2020-08-26,"Mendenhall School","Guilford",36.1090060008986,-79.802314,8,2020,29.5,40
2020-08-26,"Millbrook School","Wake",35.856111,-78.574167,8,2020,36.75,35.5
2020-08-26,"Pitt Agri. Center","Pitt",35.6412760008938,-77.360126,8,2020,31,35
2020-08-26,"West Johnston Co.","Johnston",35.59095,-78.4622,8,2020,34,32.5
2020-08-27,"Bryson City","Swain",35.434767,-83.442133,8,2020,17,24.5
2020-08-27,"Castle Hayne","New Hanover",34.364167,-77.838611,8,2020,4.5,30.5
2020-08-27,"Clemmons Middle","Forsyth",36.026,-80.342,8,2020,44.5,35.5
2020-08-27,"Durham Armory","Durham",36.0329550008979,-78.904037,8,2020,39.3333333333333,36
2020-08-27,"Frying Pan Mountain","Haywood",35.379167,-82.7925,8,2020,41,37
2020-08-27,"Garinger High School","Mecklenburg",35.2401000008895,-80.785683,8,2020,44.6666666666667,51
2020-08-27,"Hattie Avenue","Forsyth",36.110693332,-80.2264378,8,2020,46,34.5
2020-08-27,"Leggett","Edgecombe",35.988278,-77.5843,8,2020,37.5,34
2020-08-27,"Linville Falls","Avery",35.972347,-81.933072,8,2020,45,31.5
2020-08-27,"Mendenhall School","Guilford",36.1090060008986,-79.802314,8,2020,37.5,41
2020-08-27,"Millbrook School","Wake",35.856111,-78.574167,8,2020,44.2,38.5
2020-08-27,"Pitt Agri. Center","Pitt",35.6412760008938,-77.360126,8,2020,38,35.5
2020-08-27,"West Johnston Co.","Johnston",35.59095,-78.4622,8,2020,38.5,35.5
2020-08-28,"Bryson City","Swain",35.434767,-83.442133,8,2020,23,37.5
2020-08-28,"Castle Hayne","New Hanover",34.364167,-77.838611,8,2020,8,25.5
2020-08-28,"Clemmons Middle","Forsyth",36.026,-80.342,8,2020,45,40
2020-08-28,"Durham Armory","Durham",36.0329550008979,-78.904037,8,2020,33.3333333333333,39.5
2020-08-28,"Frying Pan Mountain","Haywood",35.379167,-82.7925,8,2020,NA,42
2020-08-28,"Garinger High School","Mecklenburg",35.2401000008895,-80.785683,8,2020,35.3333333333333,55.5
2020-08-28,"Hattie Avenue","Forsyth",36.110693332,-80.2264378,8,2020,41.5,42.5
2020-08-28,"Leggett","Edgecombe",35.988278,-77.5843,8,2020,38,32.5
2020-08-28,"Linville Falls","Avery",35.972347,-81.933072,8,2020,NA,31.5
2020-08-28,"Mendenhall School","Guilford",36.1090060008986,-79.802314,8,2020,38.5,48
2020-08-28,"Millbrook School","Wake",35.856111,-78.574167,8,2020,37.8,41.5
2020-08-28,"Pitt Agri. Center","Pitt",35.6412760008938,-77.360126,8,2020,32,34
2020-08-28,"West Johnston Co.","Johnston",35.59095,-78.4622,8,2020,35.5,36
2020-08-29,"Bryson City","Swain",35.434767,-83.442133,8,2020,35.5,35.5
2020-08-29,"Castle Hayne","New Hanover",34.364167,-77.838611,8,2020,9,36
2020-08-29,"Clemmons Middle","Forsyth",36.026,-80.342,8,2020,39,45.5
2020-08-29,"Durham Armory","Durham",36.0329550008979,-78.904037,8,2020,31,42.5
2020-08-29,"Frying Pan Mountain","Haywood",35.379167,-82.7925,8,2020,NA,41.5
2020-08-29,"Garinger High School","Mecklenburg",35.2401000008895,-80.785683,8,2020,36,62
2020-08-29,"Hattie Avenue","Forsyth",36.110693332,-80.2264378,8,2020,35,47
2020-08-29,"Leggett","Edgecombe",35.988278,-77.5843,8,2020,24.5,36
2020-08-29,"Linville Falls","Avery",35.972347,-81.933072,8,2020,NA,33.5
2020-08-29,"Mendenhall School","Guilford",36.1090060008986,-79.802314,8,2020,36,51
2020-08-29,"Millbrook School","Wake",35.856111,-78.574167,8,2020,34.25,44.5
2020-08-29,"Pitt Agri. Center","Pitt",35.6412760008938,-77.360126,8,2020,26,38.5
2020-08-29,"West Johnston Co.","Johnston",35.59095,-78.4622,8,2020,29.5,40.5
2020-08-30,"Bryson City","Swain",35.434767,-83.442133,8,2020,26.5,29.5
2020-08-30,"Castle Hayne","New Hanover",34.364167,-77.838611,8,2020,7.5,40
2020-08-30,"Clemmons Middle","Forsyth",36.026,-80.342,8,2020,40.5,46.5
2020-08-30,"Durham Armory","Durham",36.0329550008979,-78.904037,8,2020,36,44.5
2020-08-30,"Frying Pan Mountain","Haywood",35.379167,-82.7925,8,2020,26,51
2020-08-30,"Garinger High School","Mecklenburg",35.2401000008895,-80.785683,8,2020,37.6666666666667,76
2020-08-30,"Hattie Avenue","Forsyth",36.110693332,-80.2264378,8,2020,45.5,56.5
2020-08-30,"Leggett","Edgecombe",35.988278,-77.5843,8,2020,34.5,47
2020-08-30,"Linville Falls","Avery",35.972347,-81.933072,8,2020,27,31.5
2020-08-30,"Mendenhall School","Guilford",36.1090060008986,-79.802314,8,2020,39,46
2020-08-30,"Millbrook School","Wake",35.856111,-78.574167,8,2020,40.2,63.5
2020-08-30,"Pitt Agri. Center","Pitt",35.6412760008938,-77.360126,8,2020,36,48
2020-08-30,"West Johnston Co.","Johnston",35.59095,-78.4622,8,2020,38.5,48.5
2020-08-31,"Bryson City","Swain",35.434767,-83.442133,8,2020,29.5,32.5
2020-08-31,"Castle Hayne","New Hanover",34.364167,-77.838611,8,2020,8,38.5
2020-08-31,"Clemmons Middle","Forsyth",36.026,-80.342,8,2020,40,55
2020-08-31,"Durham Armory","Durham",36.0329550008979,-78.904037,8,2020,33.6666666666667,75.5
2020-08-31,"Frying Pan Mountain","Haywood",35.379167,-82.7925,8,2020,NA,55.5
2020-08-31,"Garinger High School","Mecklenburg",35.2401000008895,-80.785683,8,2020,42,49
2020-08-31,"Hattie Avenue","Forsyth",36.110693332,-80.2264378,8,2020,33,67.5
2020-08-31,"Leggett","Edgecombe",35.988278,-77.5843,8,2020,33.5,40.5
2020-08-31,"Linville Falls","Avery",35.972347,-81.933072,8,2020,NA,39
2020-08-31,"Mendenhall School","Guilford",36.1090060008986,-79.802314,8,2020,28.5,70.5
2020-08-31,"Millbrook School","Wake",35.856111,-78.574167,8,2020,38,64
2020-08-31,"Pitt Agri. Center","Pitt",35.6412760008938,-77.360126,8,2020,44.5,41.5
2020-08-31,"West Johnston Co.","Johnston",35.59095,-78.4622,8,2020,38.5,44.5
2020-09-01,"Bryson City","Swain",35.434767,-83.442133,9,2020,29,33.5
2020-09-01,"Castle Hayne","New Hanover",34.364167,-77.838611,9,2020,4,25
2020-09-01,"Clemmons Middle","Forsyth",36.026,-80.342,9,2020,34.5,41.5
2020-09-01,"Durham Armory","Durham",36.0329550008979,-78.904037,9,2020,36.5,36.5
2020-09-01,"Frying Pan Mountain","Haywood",35.379167,-82.7925,9,2020,NA,39.5
2020-09-01,"Garinger High School","Mecklenburg",35.2401000008895,-80.785683,9,2020,34.5,39
2020-09-01,"Hattie Avenue","Forsyth",36.110693332,-80.2264378,9,2020,30.5,42
2020-09-01,"Leggett","Edgecombe",35.988278,-77.5843,9,2020,28,34
2020-09-01,"Linville Falls","Avery",35.972347,-81.933072,9,2020,NA,37
2020-09-01,"Mendenhall School","Guilford",36.1090060008986,-79.802314,9,2020,27,39.5
2020-09-01,"Millbrook School","Wake",35.856111,-78.574167,9,2020,33.5,36.5
2020-09-01,"Pitt Agri. Center","Pitt",35.6412760008938,-77.360126,9,2020,27,33.5
2020-09-01,"West Johnston Co.","Johnston",35.59095,-78.4622,9,2020,31,33
2020-09-02,"Bryson City","Swain",35.434767,-83.442133,9,2020,28,29
2020-09-02,"Castle Hayne","New Hanover",34.364167,-77.838611,9,2020,1,20
2020-09-02,"Clemmons Middle","Forsyth",36.026,-80.342,9,2020,32.5,35
2020-09-02,"Durham Armory","Durham",36.0329550008979,-78.904037,9,2020,25.3333333333333,28
2020-09-02,"Frying Pan Mountain","Haywood",35.379167,-82.7925,9,2020,15,37.5
2020-09-02,"Garinger High School","Mecklenburg",35.2401000008895,-80.785683,9,2020,27.3333333333333,31.5
2020-09-02,"Hattie Avenue","Forsyth",36.110693332,-80.2264378,9,2020,28,38
2020-09-02,"Leggett","Edgecombe",35.988278,-77.5843,9,2020,23.5,26.5
2020-09-02,"Linville Falls","Avery",35.972347,-81.933072,9,2020,24,28
2020-09-02,"Mendenhall School","Guilford",36.1090060008986,-79.802314,9,2020,25,34
2020-09-02,"Millbrook School","Wake",35.856111,-78.574167,9,2020,30.4,27.5
2020-09-02,"Pitt Agri. Center","Pitt",35.6412760008938,-77.360126,9,2020,22.6666666666667,26
2020-09-02,"West Johnston Co.","Johnston",35.59095,-78.4622,9,2020,24.5,26
2020-09-03,"Bryson City","Swain",35.434767,-83.442133,9,2020,18,29
2020-09-03,"Castle Hayne","New Hanover",34.364167,-77.838611,9,2020,0,22
2020-09-03,"Clemmons Middle","Forsyth",36.026,-80.342,9,2020,40,45
2020-09-03,"Durham Armory","Durham",36.0329550008979,-78.904037,9,2020,28.3333333333333,35
2020-09-03,"Frying Pan Mountain","Haywood",35.379167,-82.7925,9,2020,NA,38
2020-09-03,"Garinger High School","Mecklenburg",35.2401000008895,-80.785683,9,2020,33.6666666666667,39
2020-09-03,"Hattie Avenue","Forsyth",36.110693332,-80.2264378,9,2020,36,48
2020-09-03,"Leggett","Edgecombe",35.988278,-77.5843,9,2020,23,28.5
2020-09-03,"Linville Falls","Avery",35.972347,-81.933072,9,2020,NA,30.5
2020-09-03,"Mendenhall School","Guilford",36.1090060008986,-79.802314,9,2020,29,39
2020-09-03,"Millbrook School","Wake",35.856111,-78.574167,9,2020,34.4,34.5
2020-09-03,"Pitt Agri. Center","Pitt",35.6412760008938,-77.360126,9,2020,25,27
2020-09-03,"West Johnston Co.","Johnston",35.59095,-78.4622,9,2020,29,30
2020-09-04,"Bryson City","Swain",35.434767,-83.442133,9,2020,32.5,29.5
2020-09-04,"Castle Hayne","New Hanover",34.364167,-77.838611,9,2020,0,30
2020-09-04,"Clemmons Middle","Forsyth",36.026,-80.342,9,2020,42.5,44.5
2020-09-04,"Durham Armory","Durham",36.0329550008979,-78.904037,9,2020,38,33.5
2020-09-04,"Frying Pan Mountain","Haywood",35.379167,-82.7925,9,2020,NA,38
2020-09-04,"Garinger High School","Mecklenburg",35.2401000008895,-80.785683,9,2020,34.5,35.5
2020-09-04,"Hattie Avenue","Forsyth",36.110693332,-80.2264378,9,2020,38,61.5
2020-09-04,"Leggett","Edgecombe",35.988278,-77.5843,9,2020,34,31
2020-09-04,"Linville Falls","Avery",35.972347,-81.933072,9,2020,NA,33
2020-09-04,"Mendenhall School","Guilford",36.1090060008986,-79.802314,9,2020,32,42
2020-09-04,"Millbrook School","Wake",35.856111,-78.574167,9,2020,37.5,27.5
2020-09-04,"Pitt Agri. Center","Pitt",35.6412760008938,-77.360126,9,2020,30,32
2020-09-04,"West Johnston Co.","Johnston",35.59095,-78.4622,9,2020,37,31
2020-09-05,"Bryson City","Swain",35.434767,-83.442133,9,2020,38,33
2020-09-05,"Castle Hayne","New Hanover",34.364167,-77.838611,9,2020,4,29
2020-09-05,"Clemmons Middle","Forsyth",36.026,-80.342,9,2020,41,38.5
2020-09-05,"Durham Armory","Durham",36.0329550008979,-78.904037,9,2020,37.5,37
2020-09-05,"Frying Pan Mountain","Haywood",35.379167,-82.7925,9,2020,20,42.5
2020-09-05,"Garinger High School","Mecklenburg",35.2401000008895,-80.785683,9,2020,36.3333333333333,33.5
2020-09-05,"Hattie Avenue","Forsyth",36.110693332,-80.2264378,9,2020,39.75,39
2020-09-05,"Leggett","Edgecombe",35.988278,-77.5843,9,2020,27,30
2020-09-05,"Linville Falls","Avery",35.972347,-81.933072,9,2020,29,35
2020-09-05,"Mendenhall School","Guilford",36.1090060008986,-79.802314,9,2020,29,38
2020-09-05,"Millbrook School","Wake",35.856111,-78.574167,9,2020,38.3333333333333,33
2020-09-05,"Pitt Agri. Center","Pitt",35.6412760008938,-77.360126,9,2020,25,31
2020-09-05,"West Johnston Co.","Johnston",35.59095,-78.4622,9,2020,33,33
2020-09-06,"Bryson City","Swain",35.434767,-83.442133,9,2020,34.5,31.5
2020-09-06,"Castle Hayne","New Hanover",34.364167,-77.838611,9,2020,0,29
2020-09-06,"Clemmons Middle","Forsyth",36.026,-80.342,9,2020,36.3333333333333,40
2020-09-06,"Durham Armory","Durham",36.0329550008979,-78.904037,9,2020,35,42
2020-09-06,"Frying Pan Mountain","Haywood",35.379167,-82.7925,9,2020,NA,45.5
2020-09-06,"Garinger High School","Mecklenburg",35.2401000008895,-80.785683,9,2020,33.6666666666667,47.5
2020-09-06,"Hattie Avenue","Forsyth",36.110693332,-80.2264378,9,2020,33.5,43
2020-09-06,"Leggett","Edgecombe",35.988278,-77.5843,9,2020,24,33
2020-09-06,"Linville Falls","Avery",35.972347,-81.933072,9,2020,NA,37
2020-09-06,"Mendenhall School","Guilford",36.1090060008986,-79.802314,9,2020,32.5,45.5
2020-09-06,"Millbrook School","Wake",35.856111,-78.574167,9,2020,34.5,42
2020-09-06,"Pitt Agri. Center","Pitt",35.6412760008938,-77.360126,9,2020,27,34
2020-09-06,"West Johnston Co.","Johnston",35.59095,-78.4622,9,2020,31,40
2020-09-07,"Bryson City","Swain",35.434767,-83.442133,9,2020,33.5,36.5
2020-09-07,"Castle Hayne","New Hanover",34.364167,-77.838611,9,2020,8,28
2020-09-07,"Clemmons Middle","Forsyth",36.026,-80.342,9,2020,41.5,47.5
2020-09-07,"Durham Armory","Durham",36.0329550008979,-78.904037,9,2020,34.5,45
2020-09-07,"Frying Pan Mountain","Haywood",35.379167,-82.7925,9,2020,NA,45.5
2020-09-07,"Garinger High School","Mecklenburg",35.2401000008895,-80.785683,9,2020,41,66.5
2020-09-07,"Hattie Avenue","Forsyth",36.110693332,-80.2264378,9,2020,37.5,49.5
2020-09-07,"Leggett","Edgecombe",35.988278,-77.5843,9,2020,32,39.5
2020-09-07,"Linville Falls","Avery",35.972347,-81.933072,9,2020,NA,36
2020-09-07,"Mendenhall School","Guilford",36.1090060008986,-79.802314,9,2020,32.5,43.5
2020-09-07,"Millbrook School","Wake",35.856111,-78.574167,9,2020,40,47
2020-09-07,"Pitt Agri. Center","Pitt",35.6412760008938,-77.360126,9,2020,38,39
2020-09-07,"West Johnston Co.","Johnston",35.59095,-78.4622,9,2020,44,43.5
2020-09-08,"Bryson City","Swain",35.434767,-83.442133,9,2020,33,32
2020-09-08,"Castle Hayne","New Hanover",34.364167,-77.838611,9,2020,1,25
2020-09-08,"Clemmons Middle","Forsyth",36.026,-80.342,9,2020,47,47.5
2020-09-08,"Durham Armory","Durham",36.0329550008979,-78.904037,9,2020,46,41
2020-09-08,"Frying Pan Mountain","Haywood",35.379167,-82.7925,9,2020,27,38
2020-09-08,"Garinger High School","Mecklenburg",35.2401000008895,-80.785683,9,2020,39.3333333333333,58
2020-09-08,"Hattie Avenue","Forsyth",36.110693332,-80.2264378,9,2020,41,45.5
2020-09-08,"Leggett","Edgecombe",35.988278,-77.5843,9,2020,45,34.5
2020-09-08,"Linville Falls","Avery",35.972347,-81.933072,9,2020,32,39.5
2020-09-08,"Mendenhall School","Guilford",36.1090060008986,-79.802314,9,2020,40,45
2020-09-08,"Millbrook School","Wake",35.856111,-78.574167,9,2020,48.2,42.5
2020-09-08,"Pitt Agri. Center","Pitt",35.6412760008938,-77.360126,9,2020,29.5,34
2020-09-08,"West Johnston Co.","Johnston",35.59095,-78.4622,9,2020,51.5,32.5
2020-09-09,"Bryson City","Swain",35.434767,-83.442133,9,2020,26.5,27.5
2020-09-09,"Castle Hayne","New Hanover",34.364167,-77.838611,9,2020,0,20
2020-09-09,"Clemmons Middle","Forsyth",36.026,-80.342,9,2020,39.5,47
2020-09-09,"Durham Armory","Durham",36.0329550008979,-78.904037,9,2020,45.3333333333333,20.5
2020-09-09,"Frying Pan Mountain","Haywood",35.379167,-82.7925,9,2020,NA,48
2020-09-09,"Garinger High School","Mecklenburg",35.2401000008895,-80.785683,9,2020,46.3333333333333,79
2020-09-09,"Hattie Avenue","Forsyth",36.110693332,-80.2264378,9,2020,33.5,45
2020-09-09,"Leggett","Edgecombe",35.988278,-77.5843,9,2020,34.5,26.5
2020-09-09,"Linville Falls","Avery",35.972347,-81.933072,9,2020,NA,35
2020-09-09,"Mendenhall School","Guilford",36.1090060008986,-79.802314,9,2020,33,30
2020-09-09,"Millbrook School","Wake",35.856111,-78.574167,9,2020,47.6,25.5
2020-09-09,"Pitt Agri. Center","Pitt",35.6412760008938,-77.360126,9,2020,25,24
2020-09-09,"West Johnston Co.","Johnston",35.59095,-78.4622,9,2020,45,28
2020-09-10,"Bryson City","Swain",35.434767,-83.442133,9,2020,30.5,31.5
2020-09-10,"Castle Hayne","New Hanover",34.364167,-77.838611,9,2020,NA,27.5
2020-09-10,"Clemmons Middle","Forsyth",36.026,-80.342,9,2020,43.5,33.5
2020-09-10,"Durham Armory","Durham",36.0329550008979,-78.904037,9,2020,32,36.5
2020-09-10,"Frying Pan Mountain","Haywood",35.379167,-82.7925,9,2020,NA,37
2020-09-10,"Garinger High School","Mecklenburg",35.2401000008895,-80.785683,9,2020,47.5,36.5
2020-09-10,"Hattie Avenue","Forsyth",36.110693332,-80.2264378,9,2020,39,44
2020-09-10,"Leggett","Edgecombe",35.988278,-77.5843,9,2020,22.5,26.5
2020-09-10,"Linville Falls","Avery",35.972347,-81.933072,9,2020,NA,35
2020-09-10,"Mendenhall School","Guilford",36.1090060008986,-79.802314,9,2020,33.5,35
2020-09-10,"Millbrook School","Wake",35.856111,-78.574167,9,2020,32,32.5
2020-09-10,"Pitt Agri. Center","Pitt",35.6412760008938,-77.360126,9,2020,NA,27
2020-09-10,"West Johnston Co.","Johnston",35.59095,-78.4622,9,2020,40,36
2020-09-11,"Bryson City","Swain",35.434767,-83.442133,9,2020,31,31
2020-09-11,"Castle Hayne","New Hanover",34.364167,-77.838611,9,2020,2,37
2020-09-11,"Clemmons Middle","Forsyth",36.026,-80.342,9,2020,47.5,53
2020-09-11,"Durham Armory","Durham",36.0329550008979,-78.904037,9,2020,42,46
2020-09-11,"Frying Pan Mountain","Haywood",35.379167,-82.7925,9,2020,8,49.5
2020-09-11,"Garinger High School","Mecklenburg",35.2401000008895,-80.785683,9,2020,36.6666666666667,82
2020-09-11,"Hattie Avenue","Forsyth",36.110693332,-80.2264378,9,2020,32.75,67.5
2020-09-11,"Leggett","Edgecombe",35.988278,-77.5843,9,2020,34,35
2020-09-11,"Linville Falls","Avery",35.972347,-81.933072,9,2020,22,30.5
2020-09-11,"Mendenhall School","Guilford",36.1090060008986,-79.802314,9,2020,32,58.5
2020-09-11,"Millbrook School","Wake",35.856111,-78.574167,9,2020,32.6,42
2020-09-11,"Pitt Agri. Center","Pitt",35.6412760008938,-77.360126,9,2020,NA,45
2020-09-11,"West Johnston Co.","Johnston",35.59095,-78.4622,9,2020,42,41
2020-09-12,"Bryson City","Swain",35.434767,-83.442133,9,2020,35.5,28
2020-09-12,"Castle Hayne","New Hanover",34.364167,-77.838611,9,2020,11,42
2020-09-12,"Clemmons Middle","Forsyth",36.026,-80.342,9,2020,45.6666666666667,45.5
2020-09-12,"Durham Armory","Durham",36.0329550008979,-78.904037,9,2020,56.5,58
2020-09-12,"Frying Pan Mountain","Haywood",35.379167,-82.7925,9,2020,NA,44
2020-09-12,"Garinger High School","Mecklenburg",35.2401000008895,-80.785683,9,2020,56,67
2020-09-12,"Hattie Avenue","Forsyth",36.110693332,-80.2264378,9,2020,43.6666666666667,38.5
2020-09-12,"Leggett","Edgecombe",35.988278,-77.5843,9,2020,56,47
2020-09-12,"Linville Falls","Avery",35.972347,-81.933072,9,2020,NA,32.5
2020-09-12,"Mendenhall School","Guilford",36.1090060008986,-79.802314,9,2020,31,34.5
2020-09-12,"Millbrook School","Wake",35.856111,-78.574167,9,2020,63,74
2020-09-12,"Pitt Agri. Center","Pitt",35.6412760008938,-77.360126,9,2020,51,46
2020-09-12,"West Johnston Co.","Johnston",35.59095,-78.4622,9,2020,58,64
2020-09-13,"Bryson City","Swain",35.434767,-83.442133,9,2020,38,29
2020-09-13,"Castle Hayne","New Hanover",34.364167,-77.838611,9,2020,7,34
2020-09-13,"Clemmons Middle","Forsyth",36.026,-80.342,9,2020,37.5,31
2020-09-13,"Durham Armory","Durham",36.0329550008979,-78.904037,9,2020,40,41
2020-09-13,"Frying Pan Mountain","Haywood",35.379167,-82.7925,9,2020,NA,45
2020-09-13,"Garinger High School","Mecklenburg",35.2401000008895,-80.785683,9,2020,52,44
2020-09-13,"Hattie Avenue","Forsyth",36.110693332,-80.2264378,9,2020,34,30.5
2020-09-13,"Leggett","Edgecombe",35.988278,-77.5843,9,2020,29,31
2020-09-13,"Linville Falls","Avery",35.972347,-81.933072,9,2020,NA,32
2020-09-13,"Mendenhall School","Guilford",36.1090060008986,-79.802314,9,2020,36,31
2020-09-13,"Millbrook School","Wake",35.856111,-78.574167,9,2020,47,40
2020-09-13,"Pitt Agri. Center","Pitt",35.6412760008938,-77.360126,9,2020,35,35
2020-09-13,"West Johnston Co.","Johnston",35.59095,-78.4622,9,2020,48,37
2020-09-14,"Bryson City","Swain",35.434767,-83.442133,9,2020,29.5,28.5
2020-09-14,"Castle Hayne","New Hanover",34.364167,-77.838611,9,2020,17,31
2020-09-14,"Clemmons Middle","Forsyth",36.026,-80.342,9,2020,26,27.5
2020-09-14,"Durham Armory","Durham",36.0329550008979,-78.904037,9,2020,20,33
2020-09-14,"Frying Pan Mountain","Haywood",35.379167,-82.7925,9,2020,5,48
2020-09-14,"Garinger High School","Mecklenburg",35.2401000008895,-80.785683,9,2020,26,34
2020-09-14,"Hattie Avenue","Forsyth",36.110693332,-80.2264378,9,2020,18.3333333333333,28.5
2020-09-14,"Leggett","Edgecombe",35.988278,-77.5843,9,2020,25,29
2020-09-14,"Linville Falls","Avery",35.972347,-81.933072,9,2020,9,25
2020-09-14,"Mendenhall School","Guilford",36.1090060008986,-79.802314,9,2020,26,33
2020-09-14,"Millbrook School","Wake",35.856111,-78.574167,9,2020,31,32
2020-09-14,"Pitt Agri. Center","Pitt",35.6412760008938,-77.360126,9,2020,21,31
2020-09-14,"West Johnston Co.","Johnston",35.59095,-78.4622,9,2020,28,31
2020-09-15,"Bryson City","Swain",35.434767,-83.442133,9,2020,27,26.5
2020-09-15,"Castle Hayne","New Hanover",34.364167,-77.838611,9,2020,0,27
2020-09-15,"Clemmons Middle","Forsyth",36.026,-80.342,9,2020,31.5,29.5
2020-09-15,"Durham Armory","Durham",36.0329550008979,-78.904037,9,2020,33.5,35
2020-09-15,"Frying Pan Mountain","Haywood",35.379167,-82.7925,9,2020,NA,47
2020-09-15,"Garinger High School","Mecklenburg",35.2401000008895,-80.785683,9,2020,41.5,43
2020-09-15,"Hattie Avenue","Forsyth",36.110693332,-80.2264378,9,2020,33.3333333333333,30.5
2020-09-15,"Leggett","Edgecombe",35.988278,-77.5843,9,2020,18,25
2020-09-15,"Linville Falls","Avery",35.972347,-81.933072,9,2020,NA,25
2020-09-15,"Mendenhall School","Guilford",36.1090060008986,-79.802314,9,2020,36,41
2020-09-15,"Millbrook School","Wake",35.856111,-78.574167,9,2020,22.3333333333333,31
2020-09-15,"Pitt Agri. Center","Pitt",35.6412760008938,-77.360126,9,2020,15,28
2020-09-15,"West Johnston Co.","Johnston",35.59095,-78.4622,9,2020,27,30
2020-09-16,"Bryson City","Swain",35.434767,-83.442133,9,2020,18,25.5
2020-09-16,"Castle Hayne","New Hanover",34.364167,-77.838611,9,2020,2,29
2020-09-16,"Clemmons Middle","Forsyth",36.026,-80.342,9,2020,27,33.5
2020-09-16,"Durham Armory","Durham",36.0329550008979,-78.904037,9,2020,26,40
2020-09-16,"Frying Pan Mountain","Haywood",35.379167,-82.7925,9,2020,NA,64
2020-09-16,"Garinger High School","Mecklenburg",35.2401000008895,-80.785683,9,2020,38,54
2020-09-16,"Hattie Avenue","Forsyth",36.110693332,-80.2264378,9,2020,24,35
2020-09-16,"Leggett","Edgecombe",35.988278,-77.5843,9,2020,27,32
2020-09-16,"Linville Falls","Avery",35.972347,-81.933072,9,2020,NA,30
2020-09-16,"Mendenhall School","Guilford",36.1090060008986,-79.802314,9,2020,35,NA
2020-09-16,"Millbrook School","Wake",35.856111,-78.574167,9,2020,37.5,41
2020-09-16,"Pitt Agri. Center","Pitt",35.6412760008938,-77.360126,9,2020,23,34
2020-09-16,"West Johnston Co.","Johnston",35.59095,-78.4622,9,2020,33,37
2020-09-17,"Bryson City","Swain",35.434767,-83.442133,9,2020,26.5,32
2020-09-17,"Castle Hayne","New Hanover",34.364167,-77.838611,9,2020,11,40
2020-09-17,"Clemmons Middle","Forsyth",36.026,-80.342,9,2020,33.5,45.5
2020-09-17,"Durham Armory","Durham",36.0329550008979,-78.904037,9,2020,28,41
2020-09-17,"Frying Pan Mountain","Haywood",35.379167,-82.7925,9,2020,1,50
2020-09-17,"Garinger High School","Mecklenburg",35.2401000008895,-80.785683,9,2020,53,108
2020-09-17,"Hattie Avenue","Forsyth",36.110693332,-80.2264378,9,2020,25.6666666666667,45
2020-09-17,"Leggett","Edgecombe",35.988278,-77.5843,9,2020,24,36
2020-09-17,"Linville Falls","Avery",35.972347,-81.933072,9,2020,3,30
2020-09-17,"Mendenhall School","Guilford",36.1090060008986,-79.802314,9,2020,39,NA
2020-09-17,"Millbrook School","Wake",35.856111,-78.574167,9,2020,35.5,31.5
2020-09-17,"Pitt Agri. Center","Pitt",35.6412760008938,-77.360126,9,2020,23,39
2020-09-17,"West Johnston Co.","Johnston",35.59095,-78.4622,9,2020,34,40
2020-09-18,"Bryson City","Swain",35.434767,-83.442133,9,2020,34.5,31
2020-09-18,"Castle Hayne","New Hanover",34.364167,-77.838611,9,2020,8,34
2020-09-18,"Clemmons Middle","Forsyth",36.026,-80.342,9,2020,27,35
2020-09-18,"Durham Armory","Durham",36.0329550008979,-78.904037,9,2020,17,34.5
2020-09-18,"Frying Pan Mountain","Haywood",35.379167,-82.7925,9,2020,NA,36
2020-09-18,"Garinger High School","Mecklenburg",35.2401000008895,-80.785683,9,2020,26.5,37.5
2020-09-18,"Hattie Avenue","Forsyth",36.110693332,-80.2264378,9,2020,24.6666666666667,35
2020-09-18,"Leggett","Edgecombe",35.988278,-77.5843,9,2020,17,31
2020-09-18,"Linville Falls","Avery",35.972347,-81.933072,9,2020,NA,34.5
2020-09-18,"Mendenhall School","Guilford",36.1090060008986,-79.802314,9,2020,23,NA
2020-09-18,"Millbrook School","Wake",35.856111,-78.574167,9,2020,21.3333333333333,36
2020-09-18,"Pitt Agri. Center","Pitt",35.6412760008938,-77.360126,9,2020,17,32
2020-09-18,"West Johnston Co.","Johnston",35.59095,-78.4622,9,2020,16,40
2020-09-19,"Bryson City","Swain",35.434767,-83.442133,9,2020,34.5,32.5
2020-09-19,"Castle Hayne","New Hanover",34.364167,-77.838611,9,2020,3,35
2020-09-19,"Clemmons Middle","Forsyth",36.026,-80.342,9,2020,34.5,44
2020-09-19,"Durham Armory","Durham",36.0329550008979,-78.904037,9,2020,10,40
2020-09-19,"Frying Pan Mountain","Haywood",35.379167,-82.7925,9,2020,NA,45
2020-09-19,"Garinger High School","Mecklenburg",35.2401000008895,-80.785683,9,2020,23,45.5
2020-09-19,"Hattie Avenue","Forsyth",36.110693332,-80.2264378,9,2020,27,44
2020-09-19,"Leggett","Edgecombe",35.988278,-77.5843,9,2020,18,34
2020-09-19,"Linville Falls","Avery",35.972347,-81.933072,9,2020,NA,34
2020-09-19,"Mendenhall School","Guilford",36.1090060008986,-79.802314,9,2020,16,42
2020-09-19,"Millbrook School","Wake",35.856111,-78.574167,9,2020,27.2,40.5
2020-09-19,"Pitt Agri. Center","Pitt",35.6412760008938,-77.360126,9,2020,20,34
2020-09-19,"West Johnston Co.","Johnston",35.59095,-78.4622,9,2020,19,37.5
2020-09-20,"Bryson City","Swain",35.434767,-83.442133,9,2020,42.5,36
2020-09-20,"Castle Hayne","New Hanover",34.364167,-77.838611,9,2020,0,32
2020-09-20,"Clemmons Middle","Forsyth",36.026,-80.342,9,2020,44.5,46.5
2020-09-20,"Durham Armory","Durham",36.0329550008979,-78.904037,9,2020,21,50
2020-09-20,"Frying Pan Mountain","Haywood",35.379167,-82.7925,9,2020,33,46.5
2020-09-20,"Garinger High School","Mecklenburg",35.2401000008895,-80.785683,9,2020,46,55
2020-09-20,"Hattie Avenue","Forsyth",36.110693332,-80.2264378,9,2020,40,53
2020-09-20,"Leggett","Edgecombe",35.988278,-77.5843,9,2020,14,32
2020-09-20,"Linville Falls","Avery",35.972347,-81.933072,9,2020,35,37
2020-09-20,"Mendenhall School","Guilford",36.1090060008986,-79.802314,9,2020,39.5,66
2020-09-20,"Millbrook School","Wake",35.856111,-78.574167,9,2020,37.25,46
2020-09-20,"Pitt Agri. Center","Pitt",35.6412760008938,-77.360126,9,2020,24,36
2020-09-20,"West Johnston Co.","Johnston",35.59095,-78.4622,9,2020,24,42.5
2020-09-21,"Bryson City","Swain",35.434767,-83.442133,9,2020,43.5,34
2020-09-21,"Castle Hayne","New Hanover",34.364167,-77.838611,9,2020,4,41
2020-09-21,"Clemmons Middle","Forsyth",36.026,-80.342,9,2020,52.5,51
2020-09-21,"Durham Armory","Durham",36.0329550008979,-78.904037,9,2020,32,44
2020-09-21,"Frying Pan Mountain","Haywood",35.379167,-82.7925,9,2020,NA,46
2020-09-21,"Garinger High School","Mecklenburg",35.2401000008895,-80.785683,9,2020,52.5,50
2020-09-21,"Hattie Avenue","Forsyth",36.110693332,-80.2264378,9,2020,45,57.5
2020-09-21,"Leggett","Edgecombe",35.988278,-77.5843,9,2020,25,36
2020-09-21,"Linville Falls","Avery",35.972347,-81.933072,9,2020,NA,35.5
2020-09-21,"Mendenhall School","Guilford",36.1090060008986,-79.802314,9,2020,43.5,64
2020-09-21,"Millbrook School","Wake",35.856111,-78.574167,9,2020,39.4,44
2020-09-21,"Pitt Agri. Center","Pitt",35.6412760008938,-77.360126,9,2020,32.5,41
2020-09-21,"West Johnston Co.","Johnston",35.59095,-78.4622,9,2020,48,40.5
2020-09-22,"Bryson City","Swain",35.434767,-83.442133,9,2020,44,35
2020-09-22,"Castle Hayne","New Hanover",34.364167,-77.838611,9,2020,4,40
2020-09-22,"Clemmons Middle","Forsyth",36.026,-80.342,9,2020,54,49
2020-09-22,"Durham Armory","Durham",36.0329550008979,-78.904037,9,2020,40.3333333333333,43.5
2020-09-22,"Frying Pan Mountain","Haywood",35.379167,-82.7925,9,2020,NA,44
2020-09-22,"Garinger High School","Mecklenburg",35.2401000008895,-80.785683,9,2020,48,46
2020-09-22,"Hattie Avenue","Forsyth",36.110693332,-80.2264378,9,2020,44,53
2020-09-22,"Leggett","Edgecombe",35.988278,-77.5843,9,2020,42,39.5
2020-09-22,"Linville Falls","Avery",35.972347,-81.933072,9,2020,NA,39
2020-09-22,"Mendenhall School","Guilford",36.1090060008986,-79.802314,9,2020,40.5,56
2020-09-22,"Millbrook School","Wake",35.856111,-78.574167,9,2020,47.75,45.5
2020-09-22,"Pitt Agri. Center","Pitt",35.6412760008938,-77.360126,9,2020,36,40
2020-09-22,"West Johnston Co.","Johnston",35.59095,-78.4622,9,2020,50.5,40
2020-09-23,"Bryson City","Swain",35.434767,-83.442133,9,2020,40.5,31.5
2020-09-23,"Castle Hayne","New Hanover",34.364167,-77.838611,9,2020,6,41
2020-09-23,"Clemmons Middle","Forsyth",36.026,-80.342,9,2020,38.5,35
2020-09-23,"Durham Armory","Durham",36.0329550008979,-78.904037,9,2020,27,31.5
2020-09-23,"Frying Pan Mountain","Haywood",35.379167,-82.7925,9,2020,27,38
2020-09-23,"Garinger High School","Mecklenburg",35.2401000008895,-80.785683,9,2020,43.6666666666667,53
2020-09-23,"Hattie Avenue","Forsyth",36.110693332,-80.2264378,9,2020,28,33.5
2020-09-23,"Leggett","Edgecombe",35.988278,-77.5843,9,2020,36,34.5
2020-09-23,"Linville Falls","Avery",35.972347,-81.933072,9,2020,30,35.5
2020-09-23,"Mendenhall School","Guilford",36.1090060008986,-79.802314,9,2020,23,37
2020-09-23,"Millbrook School","Wake",35.856111,-78.574167,9,2020,42.2,35
2020-09-23,"Pitt Agri. Center","Pitt",35.6412760008938,-77.360126,9,2020,36,40.5
2020-09-23,"West Johnston Co.","Johnston",35.59095,-78.4622,9,2020,43,36.5
2020-09-24,"Bryson City","Swain",35.434767,-83.442133,9,2020,31.5,32.5
2020-09-24,"Castle Hayne","New Hanover",34.364167,-77.838611,9,2020,20,38
2020-09-24,"Clemmons Middle","Forsyth",36.026,-80.342,9,2020,25.3333333333333,30
2020-09-24,"Durham Armory","Durham",36.0329550008979,-78.904037,9,2020,20.75,33
2020-09-24,"Frying Pan Mountain","Haywood",35.379167,-82.7925,9,2020,NA,36.5
2020-09-24,"Garinger High School","Mecklenburg",35.2401000008895,-80.785683,9,2020,30.6666666666667,35.5
2020-09-24,"Hattie Avenue","Forsyth",36.110693332,-80.2264378,9,2020,22.3333333333333,31
2020-09-24,"Leggett","Edgecombe",35.988278,-77.5843,9,2020,26.5,30.5
2020-09-24,"Linville Falls","Avery",35.972347,-81.933072,9,2020,NA,31.5
2020-09-24,"Mendenhall School","Guilford",36.1090060008986,-79.802314,9,2020,14,29.5
2020-09-24,"Millbrook School","Wake",35.856111,-78.574167,9,2020,29.6,34.5
2020-09-24,"Pitt Agri. Center","Pitt",35.6412760008938,-77.360126,9,2020,26.6666666666667,32.5
2020-09-24,"West Johnston Co.","Johnston",35.59095,-78.4622,9,2020,30.5,36.5
2020-09-25,"Bryson City","Swain",35.434767,-83.442133,9,2020,25.5,30
2020-09-25,"Castle Hayne","New Hanover",34.364167,-77.838611,9,2020,14,44
2020-09-25,"Clemmons Middle","Forsyth",36.026,-80.342,9,2020,37,45.5
2020-09-25,"Durham Armory","Durham",36.0329550008979,-78.904037,9,2020,16.5,40.5
2020-09-25,"Frying Pan Mountain","Haywood",35.379167,-82.7925,9,2020,NA,39.5
2020-09-25,"Garinger High School","Mecklenburg",35.2401000008895,-80.785683,9,2020,40.5,66
2020-09-25,"Hattie Avenue","Forsyth",36.110693332,-80.2264378,9,2020,33.5,52.5
2020-09-25,"Leggett","Edgecombe",35.988278,-77.5843,9,2020,22.5,36
2020-09-25,"Linville Falls","Avery",35.972347,-81.933072,9,2020,NA,35
2020-09-25,"Mendenhall School","Guilford",36.1090060008986,-79.802314,9,2020,28.5,43
2020-09-25,"Millbrook School","Wake",35.856111,-78.574167,9,2020,35,39
2020-09-25,"Pitt Agri. Center","Pitt",35.6412760008938,-77.360126,9,2020,28.5,34.5
2020-09-25,"West Johnston Co.","Johnston",35.59095,-78.4622,9,2020,33,37.5
2020-09-26,"Bryson City","Swain",35.434767,-83.442133,9,2020,24,26
2020-09-26,"Castle Hayne","New Hanover",34.364167,-77.838611,9,2020,13,41
2020-09-26,"Clemmons Middle","Forsyth",36.026,-80.342,9,2020,37.5,39
2020-09-26,"Durham Armory","Durham",36.0329550008979,-78.904037,9,2020,27,48
2020-09-26,"Frying Pan Mountain","Haywood",35.379167,-82.7925,9,2020,6,35.5
2020-09-26,"Garinger High School","Mecklenburg",35.2401000008895,-80.785683,9,2020,38.3333333333333,55.5
2020-09-26,"Hattie Avenue","Forsyth",36.110693332,-80.2264378,9,2020,31.6666666666667,39
2020-09-26,"Leggett","Edgecombe",35.988278,-77.5843,9,2020,35,41.5
2020-09-26,"Linville Falls","Avery",35.972347,-81.933072,9,2020,13,26.5
2020-09-26,"Mendenhall School","Guilford",36.1090060008986,-79.802314,9,2020,30.5,54
2020-09-26,"Millbrook School","Wake",35.856111,-78.574167,9,2020,42,48
2020-09-26,"Pitt Agri. Center","Pitt",35.6412760008938,-77.360126,9,2020,33.6666666666667,39
2020-09-26,"West Johnston Co.","Johnston",35.59095,-78.4622,9,2020,45,38.5
2020-09-27,"Bryson City","Swain",35.434767,-83.442133,9,2020,22.5,22.5
2020-09-27,"Castle Hayne","New Hanover",34.364167,-77.838611,9,2020,16,39
2020-09-27,"Clemmons Middle","Forsyth",36.026,-80.342,9,2020,41,52
2020-09-27,"Durham Armory","Durham",36.0329550008979,-78.904037,9,2020,29.3333333333333,35
2020-09-27,"Frying Pan Mountain","Haywood",35.379167,-82.7925,9,2020,NA,33.5
2020-09-27,"Garinger High School","Mecklenburg",35.2401000008895,-80.785683,9,2020,35.6666666666667,37.5
2020-09-27,"Hattie Avenue","Forsyth",36.110693332,-80.2264378,9,2020,36.6666666666667,56
2020-09-27,"Leggett","Edgecombe",35.988278,-77.5843,9,2020,32,35
2020-09-27,"Linville Falls","Avery",35.972347,-81.933072,9,2020,NA,33.5
2020-09-27,"Mendenhall School","Guilford",36.1090060008986,-79.802314,9,2020,31,48
2020-09-27,"Millbrook School","Wake",35.856111,-78.574167,9,2020,40.2,36
2020-09-27,"Pitt Agri. Center","Pitt",35.6412760008938,-77.360126,9,2020,36.6666666666667,37
2020-09-27,"West Johnston Co.","Johnston",35.59095,-78.4622,9,2020,41,34
2020-09-28,"Bryson City","Swain",35.434767,-83.442133,9,2020,29,29.5
2020-09-28,"Castle Hayne","New Hanover",34.364167,-77.838611,9,2020,13,39
2020-09-28,"Clemmons Middle","Forsyth",36.026,-80.342,9,2020,38,34.5
2020-09-28,"Durham Armory","Durham",36.0329550008979,-78.904037,9,2020,15.5,32.5
2020-09-28,"Frying Pan Mountain","Haywood",35.379167,-82.7925,9,2020,NA,32
2020-09-28,"Garinger High School","Mecklenburg",35.2401000008895,-80.785683,9,2020,28,32.5
2020-09-28,"Hattie Avenue","Forsyth",36.110693332,-80.2264378,9,2020,32,35
2020-09-28,"Leggett","Edgecombe",35.988278,-77.5843,9,2020,28.5,30
2020-09-28,"Linville Falls","Avery",35.972347,-81.933072,9,2020,NA,33
2020-09-28,"Mendenhall School","Guilford",36.1090060008986,-79.802314,9,2020,27,38
2020-09-28,"Millbrook School","Wake",35.856111,-78.574167,9,2020,30.25,32
2020-09-28,"Pitt Agri. Center","Pitt",35.6412760008938,-77.360126,9,2020,31.5,35.5
2020-09-28,"West Johnston Co.","Johnston",35.59095,-78.4622,9,2020,30.5,31
2020-09-29,"Bryson City","Swain",35.434767,-83.442133,9,2020,29.5,31.5
2020-09-29,"Castle Hayne","New Hanover",34.364167,-77.838611,9,2020,31,39
2020-09-29,"Clemmons Middle","Forsyth",36.026,-80.342,9,2020,43,43.5
2020-09-29,"Durham Armory","Durham",36.0329550008979,-78.904037,9,2020,25,39
2020-09-29,"Frying Pan Mountain","Haywood",35.379167,-82.7925,9,2020,12,37
2020-09-29,"Garinger High School","Mecklenburg",35.2401000008895,-80.785683,9,2020,36.3333333333333,41
2020-09-29,"Hattie Avenue","Forsyth",36.110693332,-80.2264378,9,2020,27.25,41.5
2020-09-29,"Leggett","Edgecombe",35.988278,-77.5843,9,2020,33.5,40.5
2020-09-29,"Linville Falls","Avery",35.972347,-81.933072,9,2020,20,29.5
2020-09-29,"Mendenhall School","Guilford",36.1090060008986,-79.802314,9,2020,28,39.5
2020-09-29,"Millbrook School","Wake",35.856111,-78.574167,9,2020,37.6,40.5
2020-09-29,"Pitt Agri. Center","Pitt",35.6412760008938,-77.360126,9,2020,27.6666666666667,42.5
2020-09-29,"West Johnston Co.","Johnston",35.59095,-78.4622,9,2020,37,41.5
2020-09-30,"Bryson City","Swain",35.434767,-83.442133,9,2020,29.5,27
2020-09-30,"Castle Hayne","New Hanover",34.364167,-77.838611,9,2020,30,43
2020-09-30,"Clemmons Middle","Forsyth",36.026,-80.342,9,2020,55,38
2020-09-30,"Durham Armory","Durham",36.0329550008979,-78.904037,9,2020,32,41
2020-09-30,"Frying Pan Mountain","Haywood",35.379167,-82.7925,9,2020,NA,39
2020-09-30,"Garinger High School","Mecklenburg",35.2401000008895,-80.785683,9,2020,51.3333333333333,39
2020-09-30,"Hattie Avenue","Forsyth",36.110693332,-80.2264378,9,2020,49,40
2020-09-30,"Leggett","Edgecombe",35.988278,-77.5843,9,2020,28.5,41.5
2020-09-30,"Linville Falls","Avery",35.972347,-81.933072,9,2020,NA,28
2020-09-30,"Mendenhall School","Guilford",36.1090060008986,-79.802314,9,2020,41,35.5
2020-09-30,"Millbrook School","Wake",35.856111,-78.574167,9,2020,40.8,42.5
2020-09-30,"Pitt Agri. Center","Pitt",35.6412760008938,-77.360126,9,2020,30.5,43.5
2020-09-30,"West Johnston Co.","Johnston",35.59095,-78.4622,9,2020,35,43.5
2020-10-01,"Bryson City","Swain",35.434767,-83.442133,10,2020,38,29
2020-10-01,"Castle Hayne","New Hanover",34.364167,-77.838611,10,2020,18,34
2020-10-01,"Clemmons Middle","Forsyth",36.026,-80.342,10,2020,50.5,44.5
2020-10-01,"Durham Armory","Durham",36.0329550008979,-78.904037,10,2020,27.5,48.5
2020-10-01,"Frying Pan Mountain","Haywood",35.379167,-82.7925,10,2020,NA,45.5
2020-10-01,"Garinger High School","Mecklenburg",35.2401000008895,-80.785683,10,2020,50,70.5
2020-10-01,"Hattie Avenue","Forsyth",36.110693332,-80.2264378,10,2020,44.5,55.5
2020-10-01,"Leggett","Edgecombe",35.988278,-77.5843,10,2020,31.5,37.5
2020-10-01,"Linville Falls","Avery",35.972347,-81.933072,10,2020,NA,32
2020-10-01,"Mendenhall School","Guilford",36.1090060008986,-79.802314,10,2020,42,51.5
2020-10-01,"Millbrook School","Wake",35.856111,-78.574167,10,2020,38.5,46
2020-10-01,"Pitt Agri. Center","Pitt",35.6412760008938,-77.360126,10,2020,36.5,39.5
2020-10-01,"West Johnston Co.","Johnston",35.59095,-78.4622,10,2020,32,44.5
2020-10-02,"Bryson City","Swain",35.434767,-83.442133,10,2020,39,36.5
2020-10-02,"Castle Hayne","New Hanover",34.364167,-77.838611,10,2020,20,43
2020-10-02,"Clemmons Middle","Forsyth",36.026,-80.342,10,2020,52,44
2020-10-02,"Durham Armory","Durham",36.0329550008979,-78.904037,10,2020,34.3333333333333,44.5
2020-10-02,"Frying Pan Mountain","Haywood",35.379167,-82.7925,10,2020,23,53
2020-10-02,"Garinger High School","Mecklenburg",35.2401000008895,-80.785683,10,2020,46.6666666666667,60.5
2020-10-02,"Hattie Avenue","Forsyth",36.110693332,-80.2264378,10,2020,44.3333333333333,47
2020-10-02,"Leggett","Edgecombe",35.988278,-77.5843,10,2020,65,45
2020-10-02,"Linville Falls","Avery",35.972347,-81.933072,10,2020,25,34.5
2020-10-02,"Mendenhall School","Guilford",36.1090060008986,-79.802314,10,2020,47,48.5
2020-10-02,"Millbrook School","Wake",35.856111,-78.574167,10,2020,52.4,64
2020-10-02,"Pitt Agri. Center","Pitt",35.6412760008938,-77.360126,10,2020,38,46.5
2020-10-02,"West Johnston Co.","Johnston",35.59095,-78.4622,10,2020,51,42.5
2020-10-03,"Bryson City","Swain",35.434767,-83.442133,10,2020,36,33.5
2020-10-03,"Castle Hayne","New Hanover",34.364167,-77.838611,10,2020,49,51
2020-10-03,"Clemmons Middle","Forsyth",36.026,-80.342,10,2020,45.5,40.5
2020-10-03,"Durham Armory","Durham",36.0329550008979,-78.904037,10,2020,31,41
2020-10-03,"Frying Pan Mountain","Haywood",35.379167,-82.7925,10,2020,NA,49.5
2020-10-03,"Garinger High School","Mecklenburg",35.2401000008895,-80.785683,10,2020,47.5,65
2020-10-03,"Hattie Avenue","Forsyth",36.110693332,-80.2264378,10,2020,41,43
2020-10-03,"Leggett","Edgecombe",35.988278,-77.5843,10,2020,44.5,44
2020-10-03,"Linville Falls","Avery",35.972347,-81.933072,10,2020,NA,31
2020-10-03,"Mendenhall School","Guilford",36.1090060008986,-79.802314,10,2020,38,55
2020-10-03,"Millbrook School","Wake",35.856111,-78.574167,10,2020,55.25,65
2020-10-03,"Pitt Agri. Center","Pitt",35.6412760008938,-77.360126,10,2020,48,46.5
2020-10-03,"West Johnston Co.","Johnston",35.59095,-78.4622,10,2020,50,43.5
2020-10-04,"Bryson City","Swain",35.434767,-83.442133,10,2020,30.5,36
2020-10-04,"Castle Hayne","New Hanover",34.364167,-77.838611,10,2020,46,48
2020-10-04,"Clemmons Middle","Forsyth",36.026,-80.342,10,2020,40,42
2020-10-04,"Durham Armory","Durham",36.0329550008979,-78.904037,10,2020,33,43.5
2020-10-04,"Frying Pan Mountain","Haywood",35.379167,-82.7925,10,2020,NA,48.5
2020-10-04,"Garinger High School","Mecklenburg",35.2401000008895,-80.785683,10,2020,45.5,57
2020-10-04,"Hattie Avenue","Forsyth",36.110693332,-80.2264378,10,2020,36,43.5
2020-10-04,"Leggett","Edgecombe",35.988278,-77.5843,10,2020,47.5,40.5
2020-10-04,"Linville Falls","Avery",35.972347,-81.933072,10,2020,NA,38
2020-10-04,"Mendenhall School","Guilford",36.1090060008986,-79.802314,10,2020,32,46.5
2020-10-04,"Millbrook School","Wake",35.856111,-78.574167,10,2020,54,47
2020-10-04,"Pitt Agri. Center","Pitt",35.6412760008938,-77.360126,10,2020,52,48.5
2020-10-04,"West Johnston Co.","Johnston",35.59095,-78.4622,10,2020,50.5,45.5
2020-10-05,"Bryson City","Swain",35.434767,-83.442133,10,2020,26.5,28.5
2020-10-05,"Castle Hayne","New Hanover",34.364167,-77.838611,10,2020,3,34
2020-10-05,"Clemmons Middle","Forsyth",36.026,-80.342,10,2020,32,32
2020-10-05,"Durham Armory","Durham",36.0329550008979,-78.904037,10,2020,22.6666666666667,32.5
2020-10-05,"Frying Pan Mountain","Haywood",35.379167,-82.7925,10,2020,23,40
2020-10-05,"Garinger High School","Mecklenburg",35.2401000008895,-80.785683,10,2020,40,38.5
2020-10-05,"Hattie Avenue","Forsyth",36.110693332,-80.2264378,10,2020,27.6666666666667,32
2020-10-05,"Leggett","Edgecombe",35.988278,-77.5843,10,2020,28,34
2020-10-05,"Linville Falls","Avery",35.972347,-81.933072,10,2020,26,33.5
2020-10-05,"Mendenhall School","Guilford",36.1090060008986,-79.802314,10,2020,21.5,35
2020-10-05,"Millbrook School","Wake",35.856111,-78.574167,10,2020,37.4,36
2020-10-05,"Pitt Agri. Center","Pitt",35.6412760008938,-77.360126,10,2020,50.5,36.5
2020-10-05,"West Johnston Co.","Johnston",35.59095,-78.4622,10,2020,33,35.5
2020-10-06,"Bryson City","Swain",35.434767,-83.442133,10,2020,25,27.5
2020-10-06,"Castle Hayne","New Hanover",34.364167,-77.838611,10,2020,25.5,38
2020-10-06,"Clemmons Middle","Forsyth",36.026,-80.342,10,2020,37.5,33.5
2020-10-06,"Durham Armory","Durham",36.0329550008979,-78.904037,10,2020,19,32
2020-10-06,"Frying Pan Mountain","Haywood",35.379167,-82.7925,10,2020,NA,38.5
2020-10-06,"Garinger High School","Mecklenburg",35.2401000008895,-80.785683,10,2020,40.5,36
2020-10-06,"Hattie Avenue","Forsyth",36.110693332,-80.2264378,10,2020,30.5,35
2020-10-06,"Leggett","Edgecombe",35.988278,-77.5843,10,2020,26.5,32
2020-10-06,"Linville Falls","Avery",35.972347,-81.933072,10,2020,NA,34
2020-10-06,"Mendenhall School","Guilford",36.1090060008986,-79.802314,10,2020,26.5,32
2020-10-06,"Millbrook School","Wake",35.856111,-78.574167,10,2020,38.5,31.5
2020-10-06,"Pitt Agri. Center","Pitt",35.6412760008938,-77.360126,10,2020,32.5,35.5
2020-10-06,"West Johnston Co.","Johnston",35.59095,-78.4622,10,2020,35.5,32
2020-10-07,"Bryson City","Swain",35.434767,-83.442133,10,2020,30,29.5
2020-10-07,"Castle Hayne","New Hanover",34.364167,-77.838611,10,2020,14.5,33
2020-10-07,"Clemmons Middle","Forsyth",36.026,-80.342,10,2020,37.5,38
2020-10-07,"Durham Armory","Durham",36.0329550008979,-78.904037,10,2020,14.5,35.5
2020-10-07,"Frying Pan Mountain","Haywood",35.379167,-82.7925,10,2020,NA,38.5
2020-10-07,"Garinger High School","Mecklenburg",35.2401000008895,-80.785683,10,2020,37,39
2020-10-07,"Hattie Avenue","Forsyth",36.110693332,-80.2264378,10,2020,31.5,40
2020-10-07,"Leggett","Edgecombe",35.988278,-77.5843,10,2020,16.5,31
2020-10-07,"Linville Falls","Avery",35.972347,-81.933072,10,2020,NA,32.5
2020-10-07,"Mendenhall School","Guilford",36.1090060008986,-79.802314,10,2020,25.5,37.5
2020-10-07,"Millbrook School","Wake",35.856111,-78.574167,10,2020,35.5,34.5
2020-10-07,"Pitt Agri. Center","Pitt",35.6412760008938,-77.360126,10,2020,17.5,32.5
2020-10-07,"West Johnston Co.","Johnston",35.59095,-78.4622,10,2020,31.5,34
2020-10-08,"Bryson City","Swain",35.434767,-83.442133,10,2020,22,27
2020-10-08,"Castle Hayne","New Hanover",34.364167,-77.838611,10,2020,7,31
2020-10-08,"Clemmons Middle","Forsyth",36.026,-80.342,10,2020,28.5,32
2020-10-08,"Durham Armory","Durham",36.0329550008979,-78.904037,10,2020,13.6666666666667,29
2020-10-08,"Frying Pan Mountain","Haywood",35.379167,-82.7925,10,2020,10,34
2020-10-08,"Garinger High School","Mecklenburg",35.2401000008895,-80.785683,10,2020,22,29.5
2020-10-08,"Hattie Avenue","Forsyth",36.110693332,-80.2264378,10,2020,26.6666666666667,32.5
2020-10-08,"Leggett","Edgecombe",35.988278,-77.5843,10,2020,14.5,28
2020-10-08,"Linville Falls","Avery",35.972347,-81.933072,10,2020,23,30
2020-10-08,"Mendenhall School","Guilford",36.1090060008986,-79.802314,10,2020,19,31.5
2020-10-08,"Millbrook School","Wake",35.856111,-78.574167,10,2020,21.6,29
2020-10-08,"Pitt Agri. Center","Pitt",35.6412760008938,-77.360126,10,2020,16,28.5
2020-10-08,"West Johnston Co.","Johnston",35.59095,-78.4622,10,2020,19.5,29
2020-10-09,"Bryson City","Swain",35.434767,-83.442133,10,2020,16,34
2020-10-09,"Castle Hayne","New Hanover",34.364167,-77.838611,10,2020,8,33
2020-10-09,"Clemmons Middle","Forsyth",36.026,-80.342,10,2020,24.5,37
2020-10-09,"Durham Armory","Durham",36.0329550008979,-78.904037,10,2020,10,28
2020-10-09,"Frying Pan Mountain","Haywood",35.379167,-82.7925,10,2020,NA,31.5
2020-10-09,"Garinger High School","Mecklenburg",35.2401000008895,-80.785683,10,2020,15.5,33
2020-10-09,"Hattie Avenue","Forsyth",36.110693332,-80.2264378,10,2020,20,36
2020-10-09,"Leggett","Edgecombe",35.988278,-77.5843,10,2020,14,28
2020-10-09,"Linville Falls","Avery",35.972347,-81.933072,10,2020,NA,31
2020-10-09,"Mendenhall School","Guilford",36.1090060008986,-79.802314,10,2020,11,34
2020-10-09,"Millbrook School","Wake",35.856111,-78.574167,10,2020,20.25,28
2020-10-09,"Pitt Agri. Center","Pitt",35.6412760008938,-77.360126,10,2020,20,32
2020-10-09,"West Johnston Co.","Johnston",35.59095,-78.4622,10,2020,18,28.5
2020-10-10,"Bryson City","Swain",35.434767,-83.442133,10,2020,18.5,26.5
2020-10-10,"Castle Hayne","New Hanover",34.364167,-77.838611,10,2020,2,25
2020-10-10,"Clemmons Middle","Forsyth",36.026,-80.342,10,2020,29,28
2020-10-10,"Durham Armory","Durham",36.0329550008979,-78.904037,10,2020,13,28
2020-10-10,"Frying Pan Mountain","Haywood",35.379167,-82.7925,10,2020,NA,30.5
2020-10-10,"Garinger High School","Mecklenburg",35.2401000008895,-80.785683,10,2020,15,29.5
2020-10-10,"Hattie Avenue","Forsyth",36.110693332,-80.2264378,10,2020,24,28.5
2020-10-10,"Leggett","Edgecombe",35.988278,-77.5843,10,2020,15.5,28.5
2020-10-10,"Linville Falls","Avery",35.972347,-81.933072,10,2020,NA,25.5
2020-10-10,"Mendenhall School","Guilford",36.1090060008986,-79.802314,10,2020,14.5,28
2020-10-10,"Millbrook School","Wake",35.856111,-78.574167,10,2020,22,36
2020-10-10,"Pitt Agri. Center","Pitt",35.6412760008938,-77.360126,10,2020,12,29
2020-10-10,"West Johnston Co.","Johnston",35.59095,-78.4622,10,2020,19,32
2020-10-11,"Bryson City","Swain",35.434767,-83.442133,10,2020,24,35.5
2020-10-11,"Castle Hayne","New Hanover",34.364167,-77.838611,10,2020,8,43
2020-10-11,"Clemmons Middle","Forsyth",36.026,-80.342,10,2020,23,33
2020-10-11,"Durham Armory","Durham",36.0329550008979,-78.904037,10,2020,11.5,34.5
2020-10-11,"Frying Pan Mountain","Haywood",35.379167,-82.7925,10,2020,2,39
2020-10-11,"Garinger High School","Mecklenburg",35.2401000008895,-80.785683,10,2020,16.6666666666667,36
2020-10-11,"Hattie Avenue","Forsyth",36.110693332,-80.2264378,10,2020,16.3333333333333,32.5
2020-10-11,"Leggett","Edgecombe",35.988278,-77.5843,10,2020,18,40
2020-10-11,"Linville Falls","Avery",35.972347,-81.933072,10,2020,6,34.5
2020-10-11,"Mendenhall School","Guilford",36.1090060008986,-79.802314,10,2020,15,44
2020-10-11,"Millbrook School","Wake",35.856111,-78.574167,10,2020,18.4,42
2020-10-11,"Pitt Agri. Center","Pitt",35.6412760008938,-77.360126,10,2020,21,42
2020-10-11,"West Johnston Co.","Johnston",35.59095,-78.4622,10,2020,26,42
2020-10-12,"Bryson City","Swain",35.434767,-83.442133,10,2020,24.5,32
2020-10-12,"Castle Hayne","New Hanover",34.364167,-77.838611,10,2020,20,44
2020-10-12,"Clemmons Middle","Forsyth",36.026,-80.342,10,2020,26.3333333333333,40
2020-10-12,"Durham Armory","Durham",36.0329550008979,-78.904037,10,2020,27.5,38
2020-10-12,"Frying Pan Mountain","Haywood",35.379167,-82.7925,10,2020,NA,43.5
2020-10-12,"Garinger High School","Mecklenburg",35.2401000008895,-80.785683,10,2020,29,39.5
2020-10-12,"Hattie Avenue","Forsyth",36.110693332,-80.2264378,10,2020,26,40
2020-10-12,"Leggett","Edgecombe",35.988278,-77.5843,10,2020,25.5,40.5
2020-10-12,"Linville Falls","Avery",35.972347,-81.933072,10,2020,NA,36.5
2020-10-12,"Mendenhall School","Guilford",36.1090060008986,-79.802314,10,2020,31,46
2020-10-12,"Millbrook School","Wake",35.856111,-78.574167,10,2020,32.5,38
2020-10-12,"Pitt Agri. Center","Pitt",35.6412760008938,-77.360126,10,2020,26,49
2020-10-12,"West Johnston Co.","Johnston",35.59095,-78.4622,10,2020,38,41
2020-10-13,"Bryson City","Swain",35.434767,-83.442133,10,2020,27,31
2020-10-13,"Castle Hayne","New Hanover",34.364167,-77.838611,10,2020,2,42
2020-10-13,"Clemmons Middle","Forsyth",36.026,-80.342,10,2020,24.5,24.5
2020-10-13,"Durham Armory","Durham",36.0329550008979,-78.904037,10,2020,30.5,24.5
2020-10-13,"Frying Pan Mountain","Haywood",35.379167,-82.7925,10,2020,NA,39.5
2020-10-13,"Garinger High School","Mecklenburg",35.2401000008895,-80.785683,10,2020,29,26.5
2020-10-13,"Hattie Avenue","Forsyth",36.110693332,-80.2264378,10,2020,17.5,25.5
2020-10-13,"Leggett","Edgecombe",35.988278,-77.5843,10,2020,24,31.5
2020-10-13,"Linville Falls","Avery",35.972347,-81.933072,10,2020,NA,26.5
2020-10-13,"Mendenhall School","Guilford",36.1090060008986,-79.802314,10,2020,17,19
2020-10-13,"Millbrook School","Wake",35.856111,-78.574167,10,2020,32.5,29.5
2020-10-13,"Pitt Agri. Center","Pitt",35.6412760008938,-77.360126,10,2020,21.5,37.5
2020-10-13,"West Johnston Co.","Johnston",35.59095,-78.4622,10,2020,30.5,30.5
2020-10-14,"Bryson City","Swain",35.434767,-83.442133,10,2020,36,31.5
2020-10-14,"Castle Hayne","New Hanover",34.364167,-77.838611,10,2020,6,32
2020-10-14,"Clemmons Middle","Forsyth",36.026,-80.342,10,2020,35,30
2020-10-14,"Durham Armory","Durham",36.0329550008979,-78.904037,10,2020,26,28.5
2020-10-14,"Frying Pan Mountain","Haywood",35.379167,-82.7925,10,2020,14,41.5
2020-10-14,"Garinger High School","Mecklenburg",35.2401000008895,-80.785683,10,2020,27.3333333333333,33.5
2020-10-14,"Hattie Avenue","Forsyth",36.110693332,-80.2264378,10,2020,26.6666666666667,30.5
2020-10-14,"Leggett","Edgecombe",35.988278,-77.5843,10,2020,21.5,27.5
2020-10-14,"Linville Falls","Avery",35.972347,-81.933072,10,2020,20,34.5
2020-10-14,"Mendenhall School","Guilford",36.1090060008986,-79.802314,10,2020,22.5,44
2020-10-14,"Millbrook School","Wake",35.856111,-78.574167,10,2020,31.8,31
2020-10-14,"Pitt Agri. Center","Pitt",35.6412760008938,-77.360126,10,2020,19,34
2020-10-14,"West Johnston Co.","Johnston",35.59095,-78.4622,10,2020,28.5,33
2020-10-15,"Bryson City","Swain",35.434767,-83.442133,10,2020,40,28.5
2020-10-15,"Castle Hayne","New Hanover",34.364167,-77.838611,10,2020,14,39.5
2020-10-15,"Clemmons Middle","Forsyth",36.026,-80.342,10,2020,47.5,39
2020-10-15,"Durham Armory","Durham",36.0329550008979,-78.904037,10,2020,34.5,37.5
2020-10-15,"Frying Pan Mountain","Haywood",35.379167,-82.7925,10,2020,NA,41.5
2020-10-15,"Garinger High School","Mecklenburg",35.2401000008895,-80.785683,10,2020,37,38
2020-10-15,"Hattie Avenue","Forsyth",36.110693332,-80.2264378,10,2020,28.5,41
2020-10-15,"Leggett","Edgecombe",35.988278,-77.5843,10,2020,22.5,37
2020-10-15,"Linville Falls","Avery",35.972347,-81.933072,10,2020,NA,39
2020-10-15,"Mendenhall School","Guilford",36.1090060008986,-79.802314,10,2020,24.5,46
2020-10-15,"Millbrook School","Wake",35.856111,-78.574167,10,2020,35.25,38.5
2020-10-15,"Pitt Agri. Center","Pitt",35.6412760008938,-77.360126,10,2020,22,39
2020-10-15,"West Johnston Co.","Johnston",35.59095,-78.4622,10,2020,33.5,38.5
2020-10-16,"Bryson City","Swain",35.434767,-83.442133,10,2020,28,27.5
2020-10-16,"Castle Hayne","New Hanover",34.364167,-77.838611,10,2020,8,30.5
2020-10-16,"Clemmons Middle","Forsyth",36.026,-80.342,10,2020,28,26
2020-10-16,"Durham Armory","Durham",36.0329550008979,-78.904037,10,2020,27.5,25
2020-10-16,"Frying Pan Mountain","Haywood",35.379167,-82.7925,10,2020,NA,34.5
2020-10-16,"Garinger High School","Mecklenburg",35.2401000008895,-80.785683,10,2020,26.5,30
2020-10-16,"Hattie Avenue","Forsyth",36.110693332,-80.2264378,10,2020,20,25
2020-10-16,"Leggett","Edgecombe",35.988278,-77.5843,10,2020,17.5,23.5
2020-10-16,"Linville Falls","Avery",35.972347,-81.933072,10,2020,NA,29.5
2020-10-16,"Mendenhall School","Guilford",36.1090060008986,-79.802314,10,2020,14.5,27
2020-10-16,"Millbrook School","Wake",35.856111,-78.574167,10,2020,31.25,26.5
2020-10-16,"Pitt Agri. Center","Pitt",35.6412760008938,-77.360126,10,2020,22.5,26
2020-10-16,"West Johnston Co.","Johnston",35.59095,-78.4622,10,2020,30.5,30
2020-10-17,"Bryson City","Swain",35.434767,-83.442133,10,2020,21.5,30
2020-10-17,"Castle Hayne","New Hanover",34.364167,-77.838611,10,2020,8.5,29
2020-10-17,"Clemmons Middle","Forsyth",36.026,-80.342,10,2020,18,32
2020-10-17,"Durham Armory","Durham",36.0329550008979,-78.904037,10,2020,16.3333333333333,30
2020-10-17,"Frying Pan Mountain","Haywood",35.379167,-82.7925,10,2020,3,39.5
2020-10-17,"Garinger High School","Mecklenburg",35.2401000008895,-80.785683,10,2020,16.6666666666667,27
2020-10-17,"Hattie Avenue","Forsyth",36.110693332,-80.2264378,10,2020,13.3333333333333,32
2020-10-17,"Leggett","Edgecombe",35.988278,-77.5843,10,2020,12,28
2020-10-17,"Linville Falls","Avery",35.972347,-81.933072,10,2020,5,35
2020-10-17,"Mendenhall School","Guilford",36.1090060008986,-79.802314,10,2020,9,34.5
2020-10-17,"Millbrook School","Wake",35.856111,-78.574167,10,2020,18.4,32
2020-10-17,"Pitt Agri. Center","Pitt",35.6412760008938,-77.360126,10,2020,17.3333333333333,28
2020-10-17,"West Johnston Co.","Johnston",35.59095,-78.4622,10,2020,15,29.5
2020-10-18,"Bryson City","Swain",35.434767,-83.442133,10,2020,21,31.5
2020-10-18,"Castle Hayne","New Hanover",34.364167,-77.838611,10,2020,12.5,36.5
2020-10-18,"Clemmons Middle","Forsyth",36.026,-80.342,10,2020,22.5,35.5
2020-10-18,"Durham Armory","Durham",36.0329550008979,-78.904037,10,2020,21,33
2020-10-18,"Frying Pan Mountain","Haywood",35.379167,-82.7925,10,2020,NA,43
2020-10-18,"Garinger High School","Mecklenburg",35.2401000008895,-80.785683,10,2020,20.5,37
2020-10-18,"Hattie Avenue","Forsyth",36.110693332,-80.2264378,10,2020,19.5,36.5
2020-10-18,"Leggett","Edgecombe",35.988278,-77.5843,10,2020,15.5,33
2020-10-18,"Linville Falls","Avery",35.972347,-81.933072,10,2020,NA,36.5
2020-10-18,"Mendenhall School","Guilford",36.1090060008986,-79.802314,10,2020,16,36
2020-10-18,"Millbrook School","Wake",35.856111,-78.574167,10,2020,25.25,34
2020-10-18,"Pitt Agri. Center","Pitt",35.6412760008938,-77.360126,10,2020,19.6666666666667,35
2020-10-18,"West Johnston Co.","Johnston",35.59095,-78.4622,10,2020,21,34.5
2020-10-19,"Bryson City","Swain",35.434767,-83.442133,10,2020,33,28.5
2020-10-19,"Castle Hayne","New Hanover",34.364167,-77.838611,10,2020,2.5,40.5
2020-10-19,"Clemmons Middle","Forsyth",36.026,-80.342,10,2020,38,38.5
2020-10-19,"Durham Armory","Durham",36.0329550008979,-78.904037,10,2020,35.5,36
2020-10-19,"Frying Pan Mountain","Haywood",35.379167,-82.7925,10,2020,NA,41
2020-10-19,"Garinger High School","Mecklenburg",35.2401000008895,-80.785683,10,2020,34.5,36.5
2020-10-19,"Hattie Avenue","Forsyth",36.110693332,-80.2264378,10,2020,36.5,40
2020-10-19,"Leggett","Edgecombe",35.988278,-77.5843,10,2020,21,38
2020-10-19,"Linville Falls","Avery",35.972347,-81.933072,10,2020,NA,38
2020-10-19,"Mendenhall School","Guilford",36.1090060008986,-79.802314,10,2020,33,40
2020-10-19,"Millbrook School","Wake",35.856111,-78.574167,10,2020,41,37
2020-10-19,"Pitt Agri. Center","Pitt",35.6412760008938,-77.360126,10,2020,28.5,39
2020-10-19,"West Johnston Co.","Johnston",35.59095,-78.4622,10,2020,36.5,37.5
2020-10-20,"Bryson City","Swain",35.434767,-83.442133,10,2020,24,31
2020-10-20,"Castle Hayne","New Hanover",34.364167,-77.838611,10,2020,5,31
2020-10-20,"Clemmons Middle","Forsyth",36.026,-80.342,10,2020,24,31
2020-10-20,"Durham Armory","Durham",36.0329550008979,-78.904037,10,2020,39.5,29.5
2020-10-20,"Frying Pan Mountain","Haywood",35.379167,-82.7925,10,2020,7,38.5
2020-10-20,"Garinger High School","Mecklenburg",35.2401000008895,-80.785683,10,2020,24.5,30.5
2020-10-20,"Hattie Avenue","Forsyth",36.110693332,-80.2264378,10,2020,23.3333333333333,31
2020-10-20,"Leggett","Edgecombe",35.988278,-77.5843,10,2020,17,29
2020-10-20,"Linville Falls","Avery",35.972347,-81.933072,10,2020,12,34
2020-10-20,"Mendenhall School","Guilford",36.1090060008986,-79.802314,10,2020,15.5,29.5
2020-10-20,"Millbrook School","Wake",35.856111,-78.574167,10,2020,27.6,31
2020-10-20,"Pitt Agri. Center","Pitt",35.6412760008938,-77.360126,10,2020,24,30.5
2020-10-20,"West Johnston Co.","Johnston",35.59095,-78.4622,10,2020,20.5,31
2020-10-21,"Bryson City","Swain",35.434767,-83.442133,10,2020,19,28.5
2020-10-21,"Castle Hayne","New Hanover",34.364167,-77.838611,10,2020,4,30.5
2020-10-21,"Clemmons Middle","Forsyth",36.026,-80.342,10,2020,17.5,27
2020-10-21,"Durham Armory","Durham",36.0329550008979,-78.904037,10,2020,27,31
2020-10-21,"Frying Pan Mountain","Haywood",35.379167,-82.7925,10,2020,NA,35.5
2020-10-21,"Garinger High School","Mecklenburg",35.2401000008895,-80.785683,10,2020,19,30
2020-10-21,"Hattie Avenue","Forsyth",36.110693332,-80.2264378,10,2020,14.5,27.5
2020-10-21,"Leggett","Edgecombe",35.988278,-77.5843,10,2020,8.5,28
2020-10-21,"Linville Falls","Avery",35.972347,-81.933072,10,2020,NA,28
2020-10-21,"Mendenhall School","Guilford",36.1090060008986,-79.802314,10,2020,16.5,29
2020-10-21,"Millbrook School","Wake",35.856111,-78.574167,10,2020,19.25,30.5
2020-10-21,"Pitt Agri. Center","Pitt",35.6412760008938,-77.360126,10,2020,10.5,27
2020-10-21,"West Johnston Co.","Johnston",35.59095,-78.4622,10,2020,13,29.5
2020-10-22,"Bryson City","Swain",35.434767,-83.442133,10,2020,21,30.5
2020-10-22,"Castle Hayne","New Hanover",34.364167,-77.838611,10,2020,8,31
2020-10-22,"Clemmons Middle","Forsyth",36.026,-80.342,10,2020,24.5,27.5
2020-10-22,"Durham Armory","Durham",36.0329550008979,-78.904037,10,2020,22.5,23
2020-10-22,"Frying Pan Mountain","Haywood",35.379167,-82.7925,10,2020,NA,42
2020-10-22,"Garinger High School","Mecklenburg",35.2401000008895,-80.785683,10,2020,23.5,30
2020-10-22,"Hattie Avenue","Forsyth",36.110693332,-80.2264378,10,2020,20.5,26.5
2020-10-22,"Leggett","Edgecombe",35.988278,-77.5843,10,2020,15.5,27
2020-10-22,"Linville Falls","Avery",35.972347,-81.933072,10,2020,NA,34.5
2020-10-22,"Mendenhall School","Guilford",36.1090060008986,-79.802314,10,2020,13,24
2020-10-22,"Millbrook School","Wake",35.856111,-78.574167,10,2020,26.25,24.5
2020-10-22,"Pitt Agri. Center","Pitt",35.6412760008938,-77.360126,10,2020,17,24
2020-10-22,"West Johnston Co.","Johnston",35.59095,-78.4622,10,2020,19.5,26.5
2020-10-23,"Bryson City","Swain",35.434767,-83.442133,10,2020,36,32
2020-10-23,"Castle Hayne","New Hanover",34.364167,-77.838611,10,2020,12,35.5
2020-10-23,"Clemmons Middle","Forsyth",36.026,-80.342,10,2020,24.3333333333333,31
2020-10-23,"Durham Armory","Durham",36.0329550008979,-78.904037,10,2020,26.3333333333333,31
2020-10-23,"Frying Pan Mountain","Haywood",35.379167,-82.7925,10,2020,8,42
2020-10-23,"Garinger High School","Mecklenburg",35.2401000008895,-80.785683,10,2020,27,32
2020-10-23,"Hattie Avenue","Forsyth",36.110693332,-80.2264378,10,2020,26,33
2020-10-23,"Leggett","Edgecombe",35.988278,-77.5843,10,2020,17.5,33
2020-10-23,"Linville Falls","Avery",35.972347,-81.933072,10,2020,12,36
2020-10-23,"Mendenhall School","Guilford",36.1090060008986,-79.802314,10,2020,18.5,36
2020-10-23,"Millbrook School","Wake",35.856111,-78.574167,10,2020,30.6,32
2020-10-23,"Pitt Agri. Center","Pitt",35.6412760008938,-77.360126,10,2020,23.3333333333333,35
2020-10-23,"West Johnston Co.","Johnston",35.59095,-78.4622,10,2020,22.5,35
2020-10-24,"Bryson City","Swain",35.434767,-83.442133,10,2020,35,33
2020-10-24,"Castle Hayne","New Hanover",34.364167,-77.838611,10,2020,13.5,39
2020-10-24,"Clemmons Middle","Forsyth",36.026,-80.342,10,2020,26.5,35
2020-10-24,"Durham Armory","Durham",36.0329550008979,-78.904037,10,2020,27,35
2020-10-24,"Frying Pan Mountain","Haywood",35.379167,-82.7925,10,2020,NA,45
2020-10-24,"Garinger High School","Mecklenburg",35.2401000008895,-80.785683,10,2020,33.5,39.5
2020-10-24,"Hattie Avenue","Forsyth",36.110693332,-80.2264378,10,2020,23,39.5
2020-10-24,"Leggett","Edgecombe",35.988278,-77.5843,10,2020,19.5,33
2020-10-24,"Linville Falls","Avery",35.972347,-81.933072,10,2020,NA,41.5
2020-10-24,"Mendenhall School","Guilford",36.1090060008986,-79.802314,10,2020,16.5,37.5
2020-10-24,"Millbrook School","Wake",35.856111,-78.574167,10,2020,32.5,35.5
2020-10-24,"Pitt Agri. Center","Pitt",35.6412760008938,-77.360126,10,2020,26,34.5
2020-10-24,"West Johnston Co.","Johnston",35.59095,-78.4622,10,2020,34,35.5
2020-10-25,"Bryson City","Swain",35.434767,-83.442133,10,2020,37.5,24
2020-10-25,"Castle Hayne","New Hanover",34.364167,-77.838611,10,2020,12,36.5
2020-10-25,"Clemmons Middle","Forsyth",36.026,-80.342,10,2020,34.5,26.5
2020-10-25,"Durham Armory","Durham",36.0329550008979,-78.904037,10,2020,33,27.5
2020-10-25,"Frying Pan Mountain","Haywood",35.379167,-82.7925,10,2020,NA,40.5
2020-10-25,"Garinger High School","Mecklenburg",35.2401000008895,-80.785683,10,2020,35.6666666666667,28
2020-10-25,"Hattie Avenue","Forsyth",36.110693332,-80.2264378,10,2020,28.5,29.5
2020-10-25,"Leggett","Edgecombe",35.988278,-77.5843,10,2020,17.5,29.5
2020-10-25,"Linville Falls","Avery",35.972347,-81.933072,10,2020,NA,31.5
2020-10-25,"Mendenhall School","Guilford",36.1090060008986,-79.802314,10,2020,23,28.5
2020-10-25,"Millbrook School","Wake",35.856111,-78.574167,10,2020,34,30
2020-10-25,"Pitt Agri. Center","Pitt",35.6412760008938,-77.360126,10,2020,21,33.5
2020-10-25,"West Johnston Co.","Johnston",35.59095,-78.4622,10,2020,29,30.5
2020-10-26,"Bryson City","Swain",35.434767,-83.442133,10,2020,28.5,26
2020-10-26,"Castle Hayne","New Hanover",34.364167,-77.838611,10,2020,3.5,34
2020-10-26,"Clemmons Middle","Forsyth",36.026,-80.342,10,2020,32.5,30.5
2020-10-26,"Durham Armory","Durham",36.0329550008979,-78.904037,10,2020,29.3333333333333,31.5
2020-10-26,"Frying Pan Mountain","Haywood",35.379167,-82.7925,10,2020,1,38
2020-10-26,"Garinger High School","Mecklenburg",35.2401000008895,-80.785683,10,2020,21,29
2020-10-26,"Hattie Avenue","Forsyth",36.110693332,-80.2264378,10,2020,25,33
2020-10-26,"Leggett","Edgecombe",35.988278,-77.5843,10,2020,17.5,33.5
2020-10-26,"Linville Falls","Avery",35.972347,-81.933072,10,2020,5,36.5
2020-10-26,"Mendenhall School","Guilford",36.1090060008986,-79.802314,10,2020,22.5,32.5
2020-10-26,"Millbrook School","Wake",35.856111,-78.574167,10,2020,30,31.5
2020-10-26,"Pitt Agri. Center","Pitt",35.6412760008938,-77.360126,10,2020,19,33.5
2020-10-26,"West Johnston Co.","Johnston",35.59095,-78.4622,10,2020,24.5,32
2020-10-27,"Bryson City","Swain",35.434767,-83.442133,10,2020,19,30
2020-10-27,"Castle Hayne","New Hanover",34.364167,-77.838611,10,2020,21,23
2020-10-27,"Clemmons Middle","Forsyth",36.026,-80.342,10,2020,16.5,26
2020-10-27,"Durham Armory","Durham",36.0329550008979,-78.904037,10,2020,17,19.5
2020-10-27,"Frying Pan Mountain","Haywood",35.379167,-82.7925,10,2020,NA,42
2020-10-27,"Garinger High School","Mecklenburg",35.2401000008895,-80.785683,10,2020,12.6666666666667,25
2020-10-27,"Hattie Avenue","Forsyth",36.110693332,-80.2264378,10,2020,15,26.5
2020-10-27,"Leggett","Edgecombe",35.988278,-77.5843,10,2020,14,19.5
2020-10-27,"Linville Falls","Avery",35.972347,-81.933072,10,2020,NA,33.5
2020-10-27,"Mendenhall School","Guilford",36.1090060008986,-79.802314,10,2020,6.5,26
2020-10-27,"Millbrook School","Wake",35.856111,-78.574167,10,2020,22.25,20
2020-10-27,"Pitt Agri. Center","Pitt",35.6412760008938,-77.360126,10,2020,12.5,20
2020-10-27,"West Johnston Co.","Johnston",35.59095,-78.4622,10,2020,15,20
2020-10-28,"Bryson City","Swain",35.434767,-83.442133,10,2020,21,35.5
2020-10-28,"Castle Hayne","New Hanover",34.364167,-77.838611,10,2020,19,34.5
2020-10-28,"Clemmons Middle","Forsyth",36.026,-80.342,10,2020,23.5,39.5
2020-10-28,"Durham Armory","Durham",36.0329550008979,-78.904037,10,2020,23.5,35
2020-10-28,"Frying Pan Mountain","Haywood",35.379167,-82.7925,10,2020,NA,40.5
2020-10-28,"Garinger High School","Mecklenburg",35.2401000008895,-80.785683,10,2020,21.5,34.5
2020-10-28,"Hattie Avenue","Forsyth",36.110693332,-80.2264378,10,2020,21.5,39
2020-10-28,"Leggett","Edgecombe",35.988278,-77.5843,10,2020,16,34
2020-10-28,"Linville Falls","Avery",35.972347,-81.933072,10,2020,NA,38.5
2020-10-28,"Mendenhall School","Guilford",36.1090060008986,-79.802314,10,2020,11.5,38.5
2020-10-28,"Millbrook School","Wake",35.856111,-78.574167,10,2020,26.75,35
2020-10-28,"Pitt Agri. Center","Pitt",35.6412760008938,-77.360126,10,2020,16.5,35
2020-10-28,"West Johnston Co.","Johnston",35.59095,-78.4622,10,2020,20,35
2020-10-29,"Bryson City","Swain",35.434767,-83.442133,10,2020,20.5,33
2020-10-29,"Castle Hayne","New Hanover",34.364167,-77.838611,10,2020,13,28.5
2020-10-29,"Clemmons Middle","Forsyth",36.026,-80.342,10,2020,27.6666666666667,27
2020-10-29,"Durham Armory","Durham",36.0329550008979,-78.904037,10,2020,25.3333333333333,29
2020-10-29,"Frying Pan Mountain","Haywood",35.379167,-82.7925,10,2020,7,43.5
2020-10-29,"Garinger High School","Mecklenburg",35.2401000008895,-80.785683,10,2020,28,32
2020-10-29,"Hattie Avenue","Forsyth",36.110693332,-80.2264378,10,2020,24.3333333333333,27
2020-10-29,"Leggett","Edgecombe",35.988278,-77.5843,10,2020,17.5,29
2020-10-29,"Linville Falls","Avery",35.972347,-81.933072,10,2020,8,39
2020-10-29,"Mendenhall School","Guilford",36.1090060008986,-79.802314,10,2020,20,30
2020-10-29,"Millbrook School","Wake",35.856111,-78.574167,10,2020,25,30.5
2020-10-29,"Pitt Agri. Center","Pitt",35.6412760008938,-77.360126,10,2020,18.3333333333333,30
2020-10-29,"West Johnston Co.","Johnston",35.59095,-78.4622,10,2020,19.5,28
2020-10-30,"Bryson City","Swain",35.434767,-83.442133,10,2020,20.5,24
2020-10-30,"Castle Hayne","New Hanover",34.364167,-77.838611,10,2020,8.5,33.5
2020-10-30,"Clemmons Middle","Forsyth",36.026,-80.342,10,2020,30.5,23
2020-10-30,"Durham Armory","Durham",36.0329550008979,-78.904037,10,2020,28.5,28.5
2020-10-30,"Frying Pan Mountain","Haywood",35.379167,-82.7925,10,2020,NA,37.5
2020-10-30,"Garinger High School","Mecklenburg",35.2401000008895,-80.785683,10,2020,28,26
2020-10-30,"Hattie Avenue","Forsyth",36.110693332,-80.2264378,10,2020,28.5,26
2020-10-30,"Leggett","Edgecombe",35.988278,-77.5843,10,2020,18,26.5
2020-10-30,"Linville Falls","Avery",35.972347,-81.933072,10,2020,NA,29.5
2020-10-30,"Mendenhall School","Guilford",36.1090060008986,-79.802314,10,2020,21,31
2020-10-30,"Millbrook School","Wake",35.856111,-78.574167,10,2020,32,27
2020-10-30,"Pitt Agri. Center","Pitt",35.6412760008938,-77.360126,10,2020,16,31
2020-10-30,"West Johnston Co.","Johnston",35.59095,-78.4622,10,2020,28.5,26.5
2020-10-31,"Bryson City","Swain",35.434767,-83.442133,10,2020,21.5,27
2020-10-31,"Castle Hayne","New Hanover",34.364167,-77.838611,10,2020,15,37
2020-10-31,"Clemmons Middle","Forsyth",36.026,-80.342,10,2020,34.5,21
2020-10-31,"Durham Armory","Durham",36.0329550008979,-78.904037,10,2020,33,31.5
2020-10-31,"Frying Pan Mountain","Haywood",35.379167,-82.7925,10,2020,NA,38
2020-10-31,"Garinger High School","Mecklenburg",35.2401000008895,-80.785683,10,2020,26.5,29.5
2020-10-31,"Hattie Avenue","Forsyth",36.110693332,-80.2264378,10,2020,30.5,21
2020-10-31,"Leggett","Edgecombe",35.988278,-77.5843,10,2020,23.5,35
2020-10-31,"Linville Falls","Avery",35.972347,-81.933072,10,2020,NA,35.5
2020-10-31,"Mendenhall School","Guilford",36.1090060008986,-79.802314,10,2020,25.5,34.5
2020-10-31,"Millbrook School","Wake",35.856111,-78.574167,10,2020,34.25,32
2020-10-31,"Pitt Agri. Center","Pitt",35.6412760008938,-77.360126,10,2020,23,35.5
2020-10-31,"West Johnston Co.","Johnston",35.59095,-78.4622,10,2020,26,33.5
2020-11-01,"Bryson City","Swain",35.434767,-83.442133,11,2020,29,NA
2020-11-01,"Castle Hayne","New Hanover",34.364167,-77.838611,11,2020,5,NA
2020-11-01,"Clemmons Middle","Forsyth",36.026,-80.342,11,2020,28,26
2020-11-01,"Durham Armory","Durham",36.0329550008979,-78.904037,11,2020,24,NA
2020-11-01,"Frying Pan Mountain","Haywood",35.379167,-82.7925,11,2020,6,NA
2020-11-01,"Garinger High School","Mecklenburg",35.2401000008895,-80.785683,11,2020,20.6666666666667,30.5
2020-11-01,"Hattie Avenue","Forsyth",36.110693332,-80.2264378,11,2020,27,NA
2020-11-01,"Leggett","Edgecombe",35.988278,-77.5843,11,2020,14,NA
2020-11-01,"Linville Falls","Avery",35.972347,-81.933072,11,2020,22,NA
2020-11-01,"Mendenhall School","Guilford",36.1090060008986,-79.802314,11,2020,21.5,NA
2020-11-01,"Millbrook School","Wake",35.856111,-78.574167,11,2020,25.25,29.5
2020-11-01,"Pitt Agri. Center","Pitt",35.6412760008938,-77.360126,11,2020,16,NA
2020-11-01,"West Johnston Co.","Johnston",35.59095,-78.4622,11,2020,17,NA
2020-11-02,"Bryson City","Swain",35.434767,-83.442133,11,2020,18,NA
2020-11-02,"Castle Hayne","New Hanover",34.364167,-77.838611,11,2020,12.5,NA
2020-11-02,"Clemmons Middle","Forsyth",36.026,-80.342,11,2020,29.5,31
2020-11-02,"Durham Armory","Durham",36.0329550008979,-78.904037,11,2020,27,NA
2020-11-02,"Garinger High School","Mecklenburg",35.2401000008895,-80.785683,11,2020,26,25.5
2020-11-02,"Hattie Avenue","Forsyth",36.110693332,-80.2264378,11,2020,23,NA
2020-11-02,"Leggett","Edgecombe",35.988278,-77.5843,11,2020,18.5,NA
2020-11-02,"Mendenhall School","Guilford",36.1090060008986,-79.802314,11,2020,25.5,NA
2020-11-02,"Millbrook School","Wake",35.856111,-78.574167,11,2020,33,28.5
2020-11-02,"Pitt Agri. Center","Pitt",35.6412760008938,-77.360126,11,2020,19.5,NA
2020-11-02,"West Johnston Co.","Johnston",35.59095,-78.4622,11,2020,28,NA
2020-11-03,"Bryson City","Swain",35.434767,-83.442133,11,2020,27.5,NA
2020-11-03,"Castle Hayne","New Hanover",34.364167,-77.838611,11,2020,14.5,NA
2020-11-03,"Clemmons Middle","Forsyth",36.026,-80.342,11,2020,26,31
2020-11-03,"Durham Armory","Durham",36.0329550008979,-78.904037,11,2020,27,NA
2020-11-03,"Garinger High School","Mecklenburg",35.2401000008895,-80.785683,11,2020,32.5,32.5
2020-11-03,"Hattie Avenue","Forsyth",36.110693332,-80.2264378,11,2020,23,NA
2020-11-03,"Leggett","Edgecombe",35.988278,-77.5843,11,2020,12,NA
2020-11-03,"Mendenhall School","Guilford",36.1090060008986,-79.802314,11,2020,33,NA
2020-11-03,"Millbrook School","Wake",35.856111,-78.574167,11,2020,29.3333333333333,32
2020-11-03,"Pitt Agri. Center","Pitt",35.6412760008938,-77.360126,11,2020,14.5,NA
2020-11-03,"West Johnston Co.","Johnston",35.59095,-78.4622,11,2020,32,NA
2020-11-04,"Bryson City","Swain",35.434767,-83.442133,11,2020,34,NA
2020-11-04,"Castle Hayne","New Hanover",34.364167,-77.838611,11,2020,12,NA
2020-11-04,"Clemmons Middle","Forsyth",36.026,-80.342,11,2020,41,NA
2020-11-04,"Durham Armory","Durham",36.0329550008979,-78.904037,11,2020,32.6666666666667,NA
2020-11-04,"Frying Pan Mountain","Haywood",35.379167,-82.7925,11,2020,10,NA
2020-11-04,"Garinger High School","Mecklenburg",35.2401000008895,-80.785683,11,2020,39,30.5
2020-11-04,"Hattie Avenue","Forsyth",36.110693332,-80.2264378,11,2020,29.3333333333333,NA
2020-11-04,"Leggett","Edgecombe",35.988278,-77.5843,11,2020,19.5,NA
2020-11-04,"Linville Falls","Avery",35.972347,-81.933072,11,2020,15,NA
2020-11-04,"Mendenhall School","Guilford",36.1090060008986,-79.802314,11,2020,32,NA
2020-11-04,"Millbrook School","Wake",35.856111,-78.574167,11,2020,35,30.5
2020-11-04,"Pitt Agri. Center","Pitt",35.6412760008938,-77.360126,11,2020,21.6666666666667,NA
2020-11-04,"West Johnston Co.","Johnston",35.59095,-78.4622,11,2020,31,NA
2020-11-05,"Bryson City","Swain",35.434767,-83.442133,11,2020,27.5,NA
2020-11-05,"Castle Hayne","New Hanover",34.364167,-77.838611,11,2020,5.5,NA
2020-11-05,"Clemmons Middle","Forsyth",36.026,-80.342,11,2020,37,NA
2020-11-05,"Durham Armory","Durham",36.0329550008979,-78.904037,11,2020,34,NA
2020-11-05,"Garinger High School","Mecklenburg",35.2401000008895,-80.785683,11,2020,32.5,16.5
2020-11-05,"Hattie Avenue","Forsyth",36.110693332,-80.2264378,11,2020,32.5,NA
2020-11-05,"Leggett","Edgecombe",35.988278,-77.5843,11,2020,28.5,NA
2020-11-05,"Mendenhall School","Guilford",36.1090060008986,-79.802314,11,2020,36,NA
2020-11-05,"Millbrook School","Wake",35.856111,-78.574167,11,2020,36.3333333333333,23
2020-11-05,"Pitt Agri. Center","Pitt",35.6412760008938,-77.360126,11,2020,18,NA
2020-11-05,"West Johnston Co.","Johnston",35.59095,-78.4622,11,2020,29.5,NA
2020-11-06,"Bryson City","Swain",35.434767,-83.442133,11,2020,21.5,NA
2020-11-06,"Castle Hayne","New Hanover",34.364167,-77.838611,11,2020,15,NA
2020-11-06,"Clemmons Middle","Forsyth",36.026,-80.342,11,2020,28.5,NA
2020-11-06,"Durham Armory","Durham",36.0329550008979,-78.904037,11,2020,40,NA
2020-11-06,"Garinger High School","Mecklenburg",35.2401000008895,-80.785683,11,2020,27.5,28.5
2020-11-06,"Hattie Avenue","Forsyth",36.110693332,-80.2264378,11,2020,26.5,NA
2020-11-06,"Leggett","Edgecombe",35.988278,-77.5843,11,2020,25,NA
2020-11-06,"Mendenhall School","Guilford",36.1090060008986,-79.802314,11,2020,26,NA
2020-11-06,"Millbrook School","Wake",35.856111,-78.574167,11,2020,39,29
2020-11-06,"Pitt Agri. Center","Pitt",35.6412760008938,-77.360126,11,2020,23,NA
2020-11-06,"West Johnston Co.","Johnston",35.59095,-78.4622,11,2020,32.5,NA
2020-11-07,"Bryson City","Swain",35.434767,-83.442133,11,2020,31,NA
2020-11-07,"Castle Hayne","New Hanover",34.364167,-77.838611,11,2020,15.5,NA
2020-11-07,"Clemmons Middle","Forsyth",36.026,-80.342,11,2020,46,NA
2020-11-07,"Durham Armory","Durham",36.0329550008979,-78.904037,11,2020,34,NA
2020-11-07,"Frying Pan Mountain","Haywood",35.379167,-82.7925,11,2020,7,NA
2020-11-07,"Garinger High School","Mecklenburg",35.2401000008895,-80.785683,11,2020,35.3333333333333,32
2020-11-07,"Hattie Avenue","Forsyth",36.110693332,-80.2264378,11,2020,32.3333333333333,NA
2020-11-07,"Leggett","Edgecombe",35.988278,-77.5843,11,2020,24,NA
2020-11-07,"Linville Falls","Avery",35.972347,-81.933072,11,2020,10,NA
2020-11-07,"Mendenhall School","Guilford",36.1090060008986,-79.802314,11,2020,31,NA
2020-11-07,"Millbrook School","Wake",35.856111,-78.574167,11,2020,35.3333333333333,33.5
2020-11-07,"Pitt Agri. Center","Pitt",35.6412760008938,-77.360126,11,2020,24.6666666666667,NA
2020-11-07,"West Johnston Co.","Johnston",35.59095,-78.4622,11,2020,31,NA
2020-11-08,"Bryson City","Swain",35.434767,-83.442133,11,2020,25.5,NA
2020-11-08,"Castle Hayne","New Hanover",34.364167,-77.838611,11,2020,7,NA
2020-11-08,"Clemmons Middle","Forsyth",36.026,-80.342,11,2020,27,NA
2020-11-08,"Durham Armory","Durham",36.0329550008979,-78.904037,11,2020,31.5,NA
2020-11-08,"Garinger High School","Mecklenburg",35.2401000008895,-80.785683,11,2020,25.5,31.5
2020-11-08,"Hattie Avenue","Forsyth",36.110693332,-80.2264378,11,2020,20,NA
2020-11-08,"Leggett","Edgecombe",35.988278,-77.5843,11,2020,22.5,NA
2020-11-08,"Mendenhall School","Guilford",36.1090060008986,-79.802314,11,2020,15,NA
2020-11-08,"Millbrook School","Wake",35.856111,-78.574167,11,2020,38,31.5
2020-11-08,"Pitt Agri. Center","Pitt",35.6412760008938,-77.360126,11,2020,21.5,NA
2020-11-08,"West Johnston Co.","Johnston",35.59095,-78.4622,11,2020,28.5,NA
2020-11-09,"Bryson City","Swain",35.434767,-83.442133,11,2020,26.5,NA
2020-11-09,"Castle Hayne","New Hanover",34.364167,-77.838611,11,2020,18.5,NA
2020-11-09,"Clemmons Middle","Forsyth",36.026,-80.342,11,2020,37,NA
2020-11-09,"Durham Armory","Durham",36.0329550008979,-78.904037,11,2020,31.5,NA
2020-11-09,"Garinger High School","Mecklenburg",35.2401000008895,-80.785683,11,2020,34.5,22.5
2020-11-09,"Hattie Avenue","Forsyth",36.110693332,-80.2264378,11,2020,32,NA
2020-11-09,"Leggett","Edgecombe",35.988278,-77.5843,11,2020,20.5,NA
2020-11-09,"Mendenhall School","Guilford",36.1090060008986,-79.802314,11,2020,36,NA
2020-11-09,"Millbrook School","Wake",35.856111,-78.574167,11,2020,39.6666666666667,23.5
2020-11-09,"Pitt Agri. Center","Pitt",35.6412760008938,-77.360126,11,2020,23.5,NA
2020-11-09,"West Johnston Co.","Johnston",35.59095,-78.4622,11,2020,30,NA
2020-11-10,"Bryson City","Swain",35.434767,-83.442133,11,2020,36,NA
2020-11-10,"Castle Hayne","New Hanover",34.364167,-77.838611,11,2020,18.5,NA
2020-11-10,"Clemmons Middle","Forsyth",36.026,-80.342,11,2020,38.3333333333333,NA
2020-11-10,"Durham Armory","Durham",36.0329550008979,-78.904037,11,2020,32.6666666666667,NA
2020-11-10,"Frying Pan Mountain","Haywood",35.379167,-82.7925,11,2020,8,NA
2020-11-10,"Garinger High School","Mecklenburg",35.2401000008895,-80.785683,11,2020,36,32.5
2020-11-10,"Hattie Avenue","Forsyth",36.110693332,-80.2264378,11,2020,43.5,NA
2020-11-10,"Leggett","Edgecombe",35.988278,-77.5843,11,2020,18,NA
2020-11-10,"Linville Falls","Avery",35.972347,-81.933072,11,2020,12,NA
2020-11-10,"Mendenhall School","Guilford",36.1090060008986,-79.802314,11,2020,35,NA
2020-11-10,"Millbrook School","Wake",35.856111,-78.574167,11,2020,34.5,34
2020-11-10,"Pitt Agri. Center","Pitt",35.6412760008938,-77.360126,11,2020,22,NA
2020-11-10,"West Johnston Co.","Johnston",35.59095,-78.4622,11,2020,35.5,NA
2020-11-11,"Bryson City","Swain",35.434767,-83.442133,11,2020,37.5,NA
2020-11-11,"Castle Hayne","New Hanover",34.364167,-77.838611,11,2020,29,NA
2020-11-11,"Clemmons Middle","Forsyth",36.026,-80.342,11,2020,50.5,NA
2020-11-11,"Durham Armory","Durham",36.0329550008979,-78.904037,11,2020,42,NA
2020-11-11,"Garinger High School","Mecklenburg",35.2401000008895,-80.785683,11,2020,37,32.5
2020-11-11,"Hattie Avenue","Forsyth",36.110693332,-80.2264378,11,2020,42,NA
2020-11-11,"Leggett","Edgecombe",35.988278,-77.5843,11,2020,24,NA
2020-11-11,"Mendenhall School","Guilford",36.1090060008986,-79.802314,11,2020,37,NA
2020-11-11,"Millbrook School","Wake",35.856111,-78.574167,11,2020,44,33
2020-11-11,"Pitt Agri. Center","Pitt",35.6412760008938,-77.360126,11,2020,28,NA
2020-11-11,"West Johnston Co.","Johnston",35.59095,-78.4622,11,2020,36,NA
2020-11-12,"Bryson City","Swain",35.434767,-83.442133,11,2020,23.5,NA
2020-11-12,"Castle Hayne","New Hanover",34.364167,-77.838611,11,2020,11,NA
2020-11-12,"Clemmons Middle","Forsyth",36.026,-80.342,11,2020,39,NA
2020-11-12,"Durham Armory","Durham",36.0329550008979,-78.904037,11,2020,37.5,NA
2020-11-12,"Garinger High School","Mecklenburg",35.2401000008895,-80.785683,11,2020,32.5,22.5
2020-11-12,"Hattie Avenue","Forsyth",36.110693332,-80.2264378,11,2020,31.5,NA
2020-11-12,"Leggett","Edgecombe",35.988278,-77.5843,11,2020,20.5,NA
2020-11-12,"Mendenhall School","Guilford",36.1090060008986,-79.802314,11,2020,20.5,NA
2020-11-12,"Millbrook School","Wake",35.856111,-78.574167,11,2020,37,24
2020-11-12,"Pitt Agri. Center","Pitt",35.6412760008938,-77.360126,11,2020,18.5,NA
2020-11-12,"West Johnston Co.","Johnston",35.59095,-78.4622,11,2020,31.5,NA
2020-11-13,"Bryson City","Swain",35.434767,-83.442133,11,2020,19.5,NA
2020-11-13,"Castle Hayne","New Hanover",34.364167,-77.838611,11,2020,8,NA
2020-11-13,"Clemmons Middle","Forsyth",36.026,-80.342,11,2020,25,NA
2020-11-13,"Durham Armory","Durham",36.0329550008979,-78.904037,11,2020,19,NA
2020-11-13,"Frying Pan Mountain","Haywood",35.379167,-82.7925,11,2020,1,NA
2020-11-13,"Garinger High School","Mecklenburg",35.2401000008895,-80.785683,11,2020,27.5,23.5
2020-11-13,"Hattie Avenue","Forsyth",36.110693332,-80.2264378,11,2020,21.5,NA
2020-11-13,"Leggett","Edgecombe",35.988278,-77.5843,11,2020,10,NA
2020-11-13,"Linville Falls","Avery",35.972347,-81.933072,11,2020,5,NA
2020-11-13,"Mendenhall School","Guilford",36.1090060008986,-79.802314,11,2020,14,NA
2020-11-13,"Millbrook School","Wake",35.856111,-78.574167,11,2020,22,24.5
2020-11-13,"Pitt Agri. Center","Pitt",35.6412760008938,-77.360126,11,2020,12.3333333333333,NA
2020-11-13,"West Johnston Co.","Johnston",35.59095,-78.4622,11,2020,17,NA
2020-11-14,"Bryson City","Swain",35.434767,-83.442133,11,2020,27,NA
2020-11-14,"Castle Hayne","New Hanover",34.364167,-77.838611,11,2020,19.5,NA
2020-11-14,"Clemmons Middle","Forsyth",36.026,-80.342,11,2020,48,NA
2020-11-14,"Durham Armory","Durham",36.0329550008979,-78.904037,11,2020,41,NA
2020-11-14,"Garinger High School","Mecklenburg",35.2401000008895,-80.785683,11,2020,35.3333333333333,16.5
2020-11-14,"Hattie Avenue","Forsyth",36.110693332,-80.2264378,11,2020,42.5,NA
2020-11-14,"Leggett","Edgecombe",35.988278,-77.5843,11,2020,23.5,NA
2020-11-14,"Mendenhall School","Guilford",36.1090060008986,-79.802314,11,2020,38,NA
2020-11-14,"Millbrook School","Wake",35.856111,-78.574167,11,2020,45.3333333333333,25
2020-11-14,"Pitt Agri. Center","Pitt",35.6412760008938,-77.360126,11,2020,28,NA
2020-11-14,"West Johnston Co.","Johnston",35.59095,-78.4622,11,2020,29.5,NA
2020-11-15,"Bryson City","Swain",35.434767,-83.442133,11,2020,22.5,NA
2020-11-15,"Castle Hayne","New Hanover",34.364167,-77.838611,11,2020,11,NA
2020-11-15,"Clemmons Middle","Forsyth",36.026,-80.342,11,2020,33,NA
2020-11-15,"Durham Armory","Durham",36.0329550008979,-78.904037,11,2020,36.5,NA
2020-11-15,"Garinger High School","Mecklenburg",35.2401000008895,-80.785683,11,2020,32.5,25.5
2020-11-15,"Hattie Avenue","Forsyth",36.110693332,-80.2264378,11,2020,28.5,NA
2020-11-15,"Leggett","Edgecombe",35.988278,-77.5843,11,2020,23,NA
2020-11-15,"Mendenhall School","Guilford",36.1090060008986,-79.802314,11,2020,18.5,NA
2020-11-15,"Millbrook School","Wake",35.856111,-78.574167,11,2020,31,24.5
2020-11-15,"Pitt Agri. Center","Pitt",35.6412760008938,-77.360126,11,2020,18.5,NA
2020-11-15,"West Johnston Co.","Johnston",35.59095,-78.4622,11,2020,18.5,NA
2020-11-16,"Bryson City","Swain",35.434767,-83.442133,11,2020,23.5,NA
2020-11-16,"Castle Hayne","New Hanover",34.364167,-77.838611,11,2020,13.5,NA
2020-11-16,"Clemmons Middle","Forsyth",36.026,-80.342,11,2020,34,NA
2020-11-16,"Durham Armory","Durham",36.0329550008979,-78.904037,11,2020,25.6666666666667,NA
2020-11-16,"Frying Pan Mountain","Haywood",35.379167,-82.7925,11,2020,5,NA
2020-11-16,"Garinger High School","Mecklenburg",35.2401000008895,-80.785683,11,2020,22.6666666666667,26.5
2020-11-16,"Hattie Avenue","Forsyth",36.110693332,-80.2264378,11,2020,25,NA
2020-11-16,"Leggett","Edgecombe",35.988278,-77.5843,11,2020,20,NA
2020-11-16,"Linville Falls","Avery",35.972347,-81.933072,11,2020,10,NA
2020-11-16,"Mendenhall School","Guilford",36.1090060008986,-79.802314,11,2020,18,NA
2020-11-16,"Millbrook School","Wake",35.856111,-78.574167,11,2020,35.25,29
2020-11-16,"Pitt Agri. Center","Pitt",35.6412760008938,-77.360126,11,2020,20,NA
2020-11-16,"West Johnston Co.","Johnston",35.59095,-78.4622,11,2020,29,NA
2020-11-17,"Bryson City","Swain",35.434767,-83.442133,11,2020,36.5,NA
2020-11-17,"Castle Hayne","New Hanover",34.364167,-77.838611,11,2020,17.5,NA
2020-11-17,"Clemmons Middle","Forsyth",36.026,-80.342,11,2020,39.5,NA
2020-11-17,"Durham Armory","Durham",36.0329550008979,-78.904037,11,2020,34.5,NA
2020-11-17,"Garinger High School","Mecklenburg",35.2401000008895,-80.785683,11,2020,33,33
2020-11-17,"Hattie Avenue","Forsyth",36.110693332,-80.2264378,11,2020,30.5,NA
2020-11-17,"Leggett","Edgecombe",35.988278,-77.5843,11,2020,22.5,NA
2020-11-17,"Mendenhall School","Guilford",36.1090060008986,-79.802314,11,2020,31,NA
2020-11-17,"Millbrook School","Wake",35.856111,-78.574167,11,2020,44,30
2020-11-17,"Pitt Agri. Center","Pitt",35.6412760008938,-77.360126,11,2020,27,NA
2020-11-17,"West Johnston Co.","Johnston",35.59095,-78.4622,11,2020,30,NA
2020-11-18,"Bryson City","Swain",35.434767,-83.442133,11,2020,42,NA
2020-11-18,"Castle Hayne","New Hanover",34.364167,-77.838611,11,2020,18.5,NA
2020-11-18,"Clemmons Middle","Forsyth",36.026,-80.342,11,2020,50,NA
2020-11-18,"Durham Armory","Durham",36.0329550008979,-78.904037,11,2020,46.5,NA
2020-11-18,"Garinger High School","Mecklenburg",35.2401000008895,-80.785683,11,2020,43,22
2020-11-18,"Hattie Avenue","Forsyth",36.110693332,-80.2264378,11,2020,42.5,NA
2020-11-18,"Leggett","Edgecombe",35.988278,-77.5843,11,2020,31,NA
2020-11-18,"Mendenhall School","Guilford",36.1090060008986,-79.802314,11,2020,41.5,NA
2020-11-18,"Millbrook School","Wake",35.856111,-78.574167,11,2020,55,26.5
2020-11-18,"Pitt Agri. Center","Pitt",35.6412760008938,-77.360126,11,2020,29,NA
2020-11-18,"West Johnston Co.","Johnston",35.59095,-78.4622,11,2020,37,NA
2020-11-19,"Bryson City","Swain",35.434767,-83.442133,11,2020,40,NA
2020-11-19,"Castle Hayne","New Hanover",34.364167,-77.838611,11,2020,19,NA
2020-11-19,"Clemmons Middle","Forsyth",36.026,-80.342,11,2020,62.5,NA
2020-11-19,"Durham Armory","Durham",36.0329550008979,-78.904037,11,2020,49.6666666666667,NA
2020-11-19,"Frying Pan Mountain","Haywood",35.379167,-82.7925,11,2020,12,NA
2020-11-19,"Garinger High School","Mecklenburg",35.2401000008895,-80.785683,11,2020,55.3333333333333,23.5
2020-11-19,"Hattie Avenue","Forsyth",36.110693332,-80.2264378,11,2020,57.6666666666667,NA
2020-11-19,"Leggett","Edgecombe",35.988278,-77.5843,11,2020,38.5,NA
2020-11-19,"Linville Falls","Avery",35.972347,-81.933072,11,2020,31,NA
2020-11-19,"Mendenhall School","Guilford",36.1090060008986,-79.802314,11,2020,46.5,NA
2020-11-19,"Millbrook School","Wake",35.856111,-78.574167,11,2020,57,24.5
2020-11-19,"Pitt Agri. Center","Pitt",35.6412760008938,-77.360126,11,2020,31.3333333333333,NA
2020-11-19,"West Johnston Co.","Johnston",35.59095,-78.4622,11,2020,43.5,NA
2020-11-20,"Bryson City","Swain",35.434767,-83.442133,11,2020,24,NA
2020-11-20,"Castle Hayne","New Hanover",34.364167,-77.838611,11,2020,36,NA
2020-11-20,"Clemmons Middle","Forsyth",36.026,-80.342,11,2020,52.5,NA
2020-11-20,"Durham Armory","Durham",36.0329550008979,-78.904037,11,2020,46.5,NA
2020-11-20,"Garinger High School","Mecklenburg",35.2401000008895,-80.785683,11,2020,39,31.5
2020-11-20,"Hattie Avenue","Forsyth",36.110693332,-80.2264378,11,2020,43.5,NA
2020-11-20,"Leggett","Edgecombe",35.988278,-77.5843,11,2020,33.5,NA
2020-11-20,"Mendenhall School","Guilford",36.1090060008986,-79.802314,11,2020,35,NA
2020-11-20,"Millbrook School","Wake",35.856111,-78.574167,11,2020,52,31
2020-11-20,"Pitt Agri. Center","Pitt",35.6412760008938,-77.360126,11,2020,37.5,NA
2020-11-20,"West Johnston Co.","Johnston",35.59095,-78.4622,11,2020,39,NA
2020-11-21,"Bryson City","Swain",35.434767,-83.442133,11,2020,28,NA
2020-11-21,"Castle Hayne","New Hanover",34.364167,-77.838611,11,2020,27.5,NA
2020-11-21,"Clemmons Middle","Forsyth",36.026,-80.342,11,2020,39.5,NA
2020-11-21,"Durham Armory","Durham",36.0329550008979,-78.904037,11,2020,41,NA
2020-11-21,"Garinger High School","Mecklenburg",35.2401000008895,-80.785683,11,2020,35,27.5
2020-11-21,"Hattie Avenue","Forsyth",36.110693332,-80.2264378,11,2020,36.5,NA
2020-11-21,"Leggett","Edgecombe",35.988278,-77.5843,11,2020,34,NA
2020-11-21,"Mendenhall School","Guilford",36.1090060008986,-79.802314,11,2020,30.5,NA
2020-11-21,"Millbrook School","Wake",35.856111,-78.574167,11,2020,42.3333333333333,26
2020-11-21,"Pitt Agri. Center","Pitt",35.6412760008938,-77.360126,11,2020,33,NA
2020-11-21,"West Johnston Co.","Johnston",35.59095,-78.4622,11,2020,36.5,NA
2020-11-22,"Bryson City","Swain",35.434767,-83.442133,11,2020,47,NA
2020-11-22,"Castle Hayne","New Hanover",34.364167,-77.838611,11,2020,23,NA
2020-11-22,"Clemmons Middle","Forsyth",36.026,-80.342,11,2020,48.3333333333333,NA
2020-11-22,"Durham Armory","Durham",36.0329550008979,-78.904037,11,2020,47.6666666666667,NA
2020-11-22,"Frying Pan Mountain","Haywood",35.379167,-82.7925,11,2020,9,NA
2020-11-22,"Garinger High School","Mecklenburg",35.2401000008895,-80.785683,11,2020,49,31.5
2020-11-22,"Hattie Avenue","Forsyth",36.110693332,-80.2264378,11,2020,44.3333333333333,NA
2020-11-22,"Leggett","Edgecombe",35.988278,-77.5843,11,2020,39.5,NA
2020-11-22,"Linville Falls","Avery",35.972347,-81.933072,11,2020,14,NA
2020-11-22,"Mendenhall School","Guilford",36.1090060008986,-79.802314,11,2020,45,NA
2020-11-22,"Millbrook School","Wake",35.856111,-78.574167,11,2020,53.25,28.5
2020-11-22,"Pitt Agri. Center","Pitt",35.6412760008938,-77.360126,11,2020,36.3333333333333,NA
2020-11-22,"West Johnston Co.","Johnston",35.59095,-78.4622,11,2020,39,NA
2020-11-23,"Bryson City","Swain",35.434767,-83.442133,11,2020,40.5,NA
2020-11-23,"Castle Hayne","New Hanover",34.364167,-77.838611,11,2020,5,NA
2020-11-23,"Clemmons Middle","Forsyth",36.026,-80.342,11,2020,36,NA
2020-11-23,"Durham Armory","Durham",36.0329550008979,-78.904037,11,2020,28,NA
2020-11-23,"Garinger High School","Mecklenburg",35.2401000008895,-80.785683,11,2020,41.5,22.5
2020-11-23,"Hattie Avenue","Forsyth",36.110693332,-80.2264378,11,2020,28.5,NA
2020-11-23,"Leggett","Edgecombe",35.988278,-77.5843,11,2020,17.5,NA
2020-11-23,"Mendenhall School","Guilford",36.1090060008986,-79.802314,11,2020,16.5,NA
2020-11-23,"Millbrook School","Wake",35.856111,-78.574167,11,2020,36,28
2020-11-23,"Pitt Agri. Center","Pitt",35.6412760008938,-77.360126,11,2020,20.5,NA
2020-11-23,"West Johnston Co.","Johnston",35.59095,-78.4622,11,2020,28.5,NA
2020-11-24,"Bryson City","Swain",35.434767,-83.442133,11,2020,16.5,NA
2020-11-24,"Castle Hayne","New Hanover",34.364167,-77.838611,11,2020,0,NA
2020-11-24,"Clemmons Middle","Forsyth",36.026,-80.342,11,2020,21,NA
2020-11-24,"Durham Armory","Durham",36.0329550008979,-78.904037,11,2020,20,NA
2020-11-24,"Garinger High School","Mecklenburg",35.2401000008895,-80.785683,11,2020,23.5,26
2020-11-24,"Hattie Avenue","Forsyth",36.110693332,-80.2264378,11,2020,17.5,NA
2020-11-24,"Leggett","Edgecombe",35.988278,-77.5843,11,2020,8.5,NA
2020-11-24,"Mendenhall School","Guilford",36.1090060008986,-79.802314,11,2020,12.5,NA
2020-11-24,"Millbrook School","Wake",35.856111,-78.574167,11,2020,27.3333333333333,26.5
2020-11-24,"Pitt Agri. Center","Pitt",35.6412760008938,-77.360126,11,2020,8.5,NA
2020-11-24,"West Johnston Co.","Johnston",35.59095,-78.4622,11,2020,14,NA
2020-11-25,"Bryson City","Swain",35.434767,-83.442133,11,2020,24,NA
2020-11-25,"Castle Hayne","New Hanover",34.364167,-77.838611,11,2020,13,NA
2020-11-25,"Clemmons Middle","Forsyth",36.026,-80.342,11,2020,38,NA
2020-11-25,"Durham Armory","Durham",36.0329550008979,-78.904037,11,2020,36.3333333333333,NA
2020-11-25,"Frying Pan Mountain","Haywood",35.379167,-82.7925,11,2020,7,NA
2020-11-25,"Garinger High School","Mecklenburg",35.2401000008895,-80.785683,11,2020,35,27
2020-11-25,"Hattie Avenue","Forsyth",36.110693332,-80.2264378,11,2020,30,NA
2020-11-25,"Leggett","Edgecombe",35.988278,-77.5843,11,2020,24.5,NA
2020-11-25,"Linville Falls","Avery",35.972347,-81.933072,11,2020,15,NA
2020-11-25,"Mendenhall School","Guilford",36.1090060008986,-79.802314,11,2020,28.5,NA
2020-11-25,"Millbrook School","Wake",35.856111,-78.574167,11,2020,47.5,26
2020-11-25,"Pitt Agri. Center","Pitt",35.6412760008938,-77.360126,11,2020,26,NA
2020-11-25,"West Johnston Co.","Johnston",35.59095,-78.4622,11,2020,34.5,NA
2020-11-26,"Bryson City","Swain",35.434767,-83.442133,11,2020,29,NA
2020-11-26,"Castle Hayne","New Hanover",34.364167,-77.838611,11,2020,19.5,NA
2020-11-26,"Clemmons Middle","Forsyth",36.026,-80.342,11,2020,49,NA
2020-11-26,"Durham Armory","Durham",36.0329550008979,-78.904037,11,2020,47,NA
2020-11-26,"Garinger High School","Mecklenburg",35.2401000008895,-80.785683,11,2020,41.5,25
2020-11-26,"Hattie Avenue","Forsyth",36.110693332,-80.2264378,11,2020,40,NA
2020-11-26,"Leggett","Edgecombe",35.988278,-77.5843,11,2020,27,NA
2020-11-26,"Mendenhall School","Guilford",36.1090060008986,-79.802314,11,2020,30,NA
2020-11-26,"Millbrook School","Wake",35.856111,-78.574167,11,2020,46,26.5
2020-11-26,"Pitt Agri. Center","Pitt",35.6412760008938,-77.360126,11,2020,32,NA
2020-11-26,"West Johnston Co.","Johnston",35.59095,-78.4622,11,2020,32.5,NA
2020-11-27,"Bryson City","Swain",35.434767,-83.442133,11,2020,23.5,NA
2020-11-27,"Castle Hayne","New Hanover",34.364167,-77.838611,11,2020,16,NA
2020-11-27,"Clemmons Middle","Forsyth",36.026,-80.342,11,2020,34.5,NA
2020-11-27,"Durham Armory","Durham",36.0329550008979,-78.904037,11,2020,34.5,NA
2020-11-27,"Garinger High School","Mecklenburg",35.2401000008895,-80.785683,11,2020,29.5,23
2020-11-27,"Hattie Avenue","Forsyth",36.110693332,-80.2264378,11,2020,32,NA
2020-11-27,"Leggett","Edgecombe",35.988278,-77.5843,11,2020,27,NA
2020-11-27,"Mendenhall School","Guilford",36.1090060008986,-79.802314,11,2020,23.5,NA
2020-11-27,"Millbrook School","Wake",35.856111,-78.574167,11,2020,34.3333333333333,26
2020-11-27,"Pitt Agri. Center","Pitt",35.6412760008938,-77.360126,11,2020,22.5,NA
2020-11-27,"West Johnston Co.","Johnston",35.59095,-78.4622,11,2020,29,NA
2020-11-28,"Bryson City","Swain",35.434767,-83.442133,11,2020,16,NA
2020-11-28,"Castle Hayne","New Hanover",34.364167,-77.838611,11,2020,20.5,NA
2020-11-28,"Clemmons Middle","Forsyth",36.026,-80.342,11,2020,23,NA
2020-11-28,"Durham Armory","Durham",36.0329550008979,-78.904037,11,2020,23,NA
2020-11-28,"Frying Pan Mountain","Haywood",35.379167,-82.7925,11,2020,8,NA
2020-11-28,"Garinger High School","Mecklenburg",35.2401000008895,-80.785683,11,2020,24.6666666666667,30.5
2020-11-28,"Hattie Avenue","Forsyth",36.110693332,-80.2264378,11,2020,21.6666666666667,NA
2020-11-28,"Leggett","Edgecombe",35.988278,-77.5843,11,2020,12,NA
2020-11-28,"Linville Falls","Avery",35.972347,-81.933072,11,2020,21,NA
2020-11-28,"Mendenhall School","Guilford",36.1090060008986,-79.802314,11,2020,15.5,NA
2020-11-28,"Millbrook School","Wake",35.856111,-78.574167,11,2020,29,29
2020-11-28,"Pitt Agri. Center","Pitt",35.6412760008938,-77.360126,11,2020,13.6666666666667,NA
2020-11-28,"West Johnston Co.","Johnston",35.59095,-78.4622,11,2020,23,NA
2020-11-29,"Bryson City","Swain",35.434767,-83.442133,11,2020,38,NA
2020-11-29,"Castle Hayne","New Hanover",34.364167,-77.838611,11,2020,20.5,NA
2020-11-29,"Clemmons Middle","Forsyth",36.026,-80.342,11,2020,40,NA
2020-11-29,"Durham Armory","Durham",36.0329550008979,-78.904037,11,2020,30,NA
2020-11-29,"Garinger High School","Mecklenburg",35.2401000008895,-80.785683,11,2020,37.5,24.5
2020-11-29,"Hattie Avenue","Forsyth",36.110693332,-80.2264378,11,2020,31,NA
2020-11-29,"Leggett","Edgecombe",35.988278,-77.5843,11,2020,18,NA
2020-11-29,"Mendenhall School","Guilford",36.1090060008986,-79.802314,11,2020,24,NA
2020-11-29,"Millbrook School","Wake",35.856111,-78.574167,11,2020,43,25
2020-11-29,"Pitt Agri. Center","Pitt",35.6412760008938,-77.360126,11,2020,20,NA
2020-11-29,"West Johnston Co.","Johnston",35.59095,-78.4622,11,2020,30.5,NA
2020-11-30,"Bryson City","Swain",35.434767,-83.442133,11,2020,39.5,NA
2020-11-30,"Castle Hayne","New Hanover",34.364167,-77.838611,11,2020,33.5,NA
2020-11-30,"Clemmons Middle","Forsyth",36.026,-80.342,11,2020,57.5,NA
2020-11-30,"Durham Armory","Durham",36.0329550008979,-78.904037,11,2020,47.5,NA
2020-11-30,"Garinger High School","Mecklenburg",35.2401000008895,-80.785683,11,2020,50.5,25
2020-11-30,"Hattie Avenue","Forsyth",36.110693332,-80.2264378,11,2020,51,NA
2020-11-30,"Leggett","Edgecombe",35.988278,-77.5843,11,2020,35.5,NA
2020-11-30,"Mendenhall School","Guilford",36.1090060008986,-79.802314,11,2020,40,NA
2020-11-30,"Millbrook School","Wake",35.856111,-78.574167,11,2020,56.6666666666667,25.5
2020-11-30,"Pitt Agri. Center","Pitt",35.6412760008938,-77.360126,11,2020,23.5,NA
2020-11-30,"West Johnston Co.","Johnston",35.59095,-78.4622,11,2020,43.5,NA
2020-12-01,"Bryson City","Swain",35.434767,-83.442133,12,2020,22,NA
2020-12-01,"Castle Hayne","New Hanover",34.364167,-77.838611,12,2020,11.5,NA
2020-12-01,"Clemmons Middle","Forsyth",36.026,-80.342,12,2020,44.5,NA
2020-12-01,"Durham Armory","Durham",36.0329550008979,-78.904037,12,2020,46.3333333333333,NA
2020-12-01,"Frying Pan Mountain","Haywood",35.379167,-82.7925,12,2020,5,NA
2020-12-01,"Garinger High School","Mecklenburg",35.2401000008895,-80.785683,12,2020,41.3333333333333,31.5
2020-12-01,"Hattie Avenue","Forsyth",36.110693332,-80.2264378,12,2020,42.6666666666667,NA
2020-12-01,"Leggett","Edgecombe",35.988278,-77.5843,12,2020,36.5,NA
2020-12-01,"Linville Falls","Avery",35.972347,-81.933072,12,2020,16,NA
2020-12-01,"Mendenhall School","Guilford",36.1090060008986,-79.802314,12,2020,35.5,NA
2020-12-01,"Millbrook School","Wake",35.856111,-78.574167,12,2020,46.3333333333333,24
2020-12-01,"Pitt Agri. Center","Pitt",35.6412760008938,-77.360126,12,2020,29,NA
2020-12-01,"West Johnston Co.","Johnston",35.59095,-78.4622,12,2020,38.5,NA
2020-12-02,"Bryson City","Swain",35.434767,-83.442133,12,2020,15.5,NA
2020-12-02,"Castle Hayne","New Hanover",34.364167,-77.838611,12,2020,6.5,NA
2020-12-02,"Clemmons Middle","Forsyth",36.026,-80.342,12,2020,17,NA
2020-12-02,"Durham Armory","Durham",36.0329550008979,-78.904037,12,2020,21.5,NA
2020-12-02,"Garinger High School","Mecklenburg",35.2401000008895,-80.785683,12,2020,15,19.5
2020-12-02,"Hattie Avenue","Forsyth",36.110693332,-80.2264378,12,2020,15,NA
2020-12-02,"Leggett","Edgecombe",35.988278,-77.5843,12,2020,10,NA
2020-12-02,"Mendenhall School","Guilford",36.1090060008986,-79.802314,12,2020,10.5,NA
2020-12-02,"Millbrook School","Wake",35.856111,-78.574167,12,2020,23,20
2020-12-02,"Pitt Agri. Center","Pitt",35.6412760008938,-77.360126,12,2020,13,NA
2020-12-02,"West Johnston Co.","Johnston",35.59095,-78.4622,12,2020,14.5,NA
2020-12-03,"Bryson City","Swain",35.434767,-83.442133,12,2020,16.5,NA
2020-12-03,"Castle Hayne","New Hanover",34.364167,-77.838611,12,2020,17.5,NA
2020-12-03,"Clemmons Middle","Forsyth",36.026,-80.342,12,2020,22,NA
2020-12-03,"Durham Armory","Durham",36.0329550008979,-78.904037,12,2020,30,NA
2020-12-03,"Garinger High School","Mecklenburg",35.2401000008895,-80.785683,12,2020,22,26.5
2020-12-03,"Hattie Avenue","Forsyth",36.110693332,-80.2264378,12,2020,20.5,NA
2020-12-03,"Leggett","Edgecombe",35.988278,-77.5843,12,2020,19.5,NA
2020-12-03,"Mendenhall School","Guilford",36.1090060008986,-79.802314,12,2020,13.5,NA
2020-12-03,"Millbrook School","Wake",35.856111,-78.574167,12,2020,34.5,26
2020-12-03,"Pitt Agri. Center","Pitt",35.6412760008938,-77.360126,12,2020,28,NA
2020-12-03,"West Johnston Co.","Johnston",35.59095,-78.4622,12,2020,32.5,NA
2020-12-04,"Bryson City","Swain",35.434767,-83.442133,12,2020,16.5,NA
2020-12-04,"Castle Hayne","New Hanover",34.364167,-77.838611,12,2020,21,NA
2020-12-04,"Clemmons Middle","Forsyth",36.026,-80.342,12,2020,14.6666666666667,NA
2020-12-04,"Durham Armory","Durham",36.0329550008979,-78.904037,12,2020,16.3333333333333,NA
2020-12-04,"Frying Pan Mountain","Haywood",35.379167,-82.7925,12,2020,5,NA
2020-12-04,"Garinger High School","Mecklenburg",35.2401000008895,-80.785683,12,2020,15.6666666666667,25.5
2020-12-04,"Hattie Avenue","Forsyth",36.110693332,-80.2264378,12,2020,17,NA
2020-12-04,"Leggett","Edgecombe",35.988278,-77.5843,12,2020,13.5,NA
2020-12-04,"Linville Falls","Avery",35.972347,-81.933072,12,2020,6,NA
2020-12-04,"Mendenhall School","Guilford",36.1090060008986,-79.802314,12,2020,6,NA
2020-12-04,"Millbrook School","Wake",35.856111,-78.574167,12,2020,20.3333333333333,25
2020-12-04,"Pitt Agri. Center","Pitt",35.6412760008938,-77.360126,12,2020,18.6666666666667,NA
2020-12-04,"West Johnston Co.","Johnston",35.59095,-78.4622,12,2020,20.5,NA
2020-12-05,"Bryson City","Swain",35.434767,-83.442133,12,2020,13.5,NA
2020-12-05,"Castle Hayne","New Hanover",34.364167,-77.838611,12,2020,14,NA
2020-12-05,"Clemmons Middle","Forsyth",36.026,-80.342,12,2020,16,NA
2020-12-05,"Durham Armory","Durham",36.0329550008979,-78.904037,12,2020,27,NA
2020-12-05,"Garinger High School","Mecklenburg",35.2401000008895,-80.785683,12,2020,18,27
2020-12-05,"Hattie Avenue","Forsyth",36.110693332,-80.2264378,12,2020,16,NA
2020-12-05,"Leggett","Edgecombe",35.988278,-77.5843,12,2020,11,NA
2020-12-05,"Mendenhall School","Guilford",36.1090060008986,-79.802314,12,2020,10.5,NA
2020-12-05,"Millbrook School","Wake",35.856111,-78.574167,12,2020,34.5,22
2020-12-05,"Pitt Agri. Center","Pitt",35.6412760008938,-77.360126,12,2020,16,NA
2020-12-05,"West Johnston Co.","Johnston",35.59095,-78.4622,12,2020,22.5,NA
2020-12-06,"Bryson City","Swain",35.434767,-83.442133,12,2020,40.5,NA
2020-12-06,"Castle Hayne","New Hanover",34.364167,-77.838611,12,2020,19,NA
2020-12-06,"Clemmons Middle","Forsyth",36.026,-80.342,12,2020,43.5,NA
2020-12-06,"Durham Armory","Durham",36.0329550008979,-78.904037,12,2020,38.5,NA
2020-12-06,"Garinger High School","Mecklenburg",35.2401000008895,-80.785683,12,2020,47.5,21.5
2020-12-06,"Hattie Avenue","Forsyth",36.110693332,-80.2264378,12,2020,42,NA
2020-12-06,"Leggett","Edgecombe",35.988278,-77.5843,12,2020,24,NA
2020-12-06,"Mendenhall School","Guilford",36.1090060008986,-79.802314,12,2020,31,NA
2020-12-06,"Millbrook School","Wake",35.856111,-78.574167,12,2020,50.5,23
2020-12-06,"Pitt Agri. Center","Pitt",35.6412760008938,-77.360126,12,2020,30.5,NA
2020-12-06,"West Johnston Co.","Johnston",35.59095,-78.4622,12,2020,35,NA
2020-12-07,"Bryson City","Swain",35.434767,-83.442133,12,2020,37.5,NA
2020-12-07,"Castle Hayne","New Hanover",34.364167,-77.838611,12,2020,30,NA
2020-12-07,"Clemmons Middle","Forsyth",36.026,-80.342,12,2020,55.5,NA
2020-12-07,"Durham Armory","Durham",36.0329550008979,-78.904037,12,2020,45.3333333333333,NA
2020-12-07,"Frying Pan Mountain","Haywood",35.379167,-82.7925,12,2020,11,NA
2020-12-07,"Garinger High School","Mecklenburg",35.2401000008895,-80.785683,12,2020,53.3333333333333,25
2020-12-07,"Hattie Avenue","Forsyth",36.110693332,-80.2264378,12,2020,46,NA
2020-12-07,"Leggett","Edgecombe",35.988278,-77.5843,12,2020,22.5,NA
2020-12-07,"Linville Falls","Avery",35.972347,-81.933072,12,2020,15,NA
2020-12-07,"Mendenhall School","Guilford",36.1090060008986,-79.802314,12,2020,37,NA
2020-12-07,"Millbrook School","Wake",35.856111,-78.574167,12,2020,43.3333333333333,27
2020-12-07,"Pitt Agri. Center","Pitt",35.6412760008938,-77.360126,12,2020,32.3333333333333,NA
2020-12-07,"West Johnston Co.","Johnston",35.59095,-78.4622,12,2020,49,NA
2020-12-08,"Bryson City","Swain",35.434767,-83.442133,12,2020,42.5,NA
2020-12-08,"Castle Hayne","New Hanover",34.364167,-77.838611,12,2020,18.5,NA
2020-12-08,"Clemmons Middle","Forsyth",36.026,-80.342,12,2020,47,NA
2020-12-08,"Durham Armory","Durham",36.0329550008979,-78.904037,12,2020,44,NA
2020-12-08,"Garinger High School","Mecklenburg",35.2401000008895,-80.785683,12,2020,41,26
2020-12-08,"Hattie Avenue","Forsyth",36.110693332,-80.2264378,12,2020,42.5,NA
2020-12-08,"Leggett","Edgecombe",35.988278,-77.5843,12,2020,21,NA
2020-12-08,"Mendenhall School","Guilford",36.1090060008986,-79.802314,12,2020,38,NA
2020-12-08,"Millbrook School","Wake",35.856111,-78.574167,12,2020,43.5,27
2020-12-08,"Pitt Agri. Center","Pitt",35.6412760008938,-77.360126,12,2020,22.3333333333333,NA
2020-12-08,"West Johnston Co.","Johnston",35.59095,-78.4622,12,2020,34.5,NA
2020-12-09,"Bryson City","Swain",35.434767,-83.442133,12,2020,23.5,NA
2020-12-09,"Castle Hayne","New Hanover",34.364167,-77.838611,12,2020,8,NA
2020-12-09,"Clemmons Middle","Forsyth",36.026,-80.342,12,2020,42.5,NA
2020-12-09,"Durham Armory","Durham",36.0329550008979,-78.904037,12,2020,39.5,NA
2020-12-09,"Garinger High School","Mecklenburg",35.2401000008895,-80.785683,12,2020,53,13
2020-12-09,"Hattie Avenue","Forsyth",36.110693332,-80.2264378,12,2020,35.5,NA
2020-12-09,"Leggett","Edgecombe",35.988278,-77.5843,12,2020,17.5,NA
2020-12-09,"Mendenhall School","Guilford",36.1090060008986,-79.802314,12,2020,29,NA
2020-12-09,"Millbrook School","Wake",35.856111,-78.574167,12,2020,34.5,19
2020-12-09,"Pitt Agri. Center","Pitt",35.6412760008938,-77.360126,12,2020,16.5,NA
2020-12-09,"West Johnston Co.","Johnston",35.59095,-78.4622,12,2020,16.5,NA
2020-12-10,"Bryson City","Swain",35.434767,-83.442133,12,2020,18,NA
2020-12-10,"Castle Hayne","New Hanover",34.364167,-77.838611,12,2020,10.5,NA
2020-12-10,"Clemmons Middle","Forsyth",36.026,-80.342,12,2020,31.3333333333333,NA
2020-12-10,"Durham Armory","Durham",36.0329550008979,-78.904037,12,2020,35,NA
2020-12-10,"Frying Pan Mountain","Haywood",35.379167,-82.7925,12,2020,2,NA
2020-12-10,"Garinger High School","Mecklenburg",35.2401000008895,-80.785683,12,2020,22.6666666666667,30
2020-12-10,"Hattie Avenue","Forsyth",36.110693332,-80.2264378,12,2020,30,NA
2020-12-10,"Leggett","Edgecombe",35.988278,-77.5843,12,2020,27.5,NA
2020-12-10,"Linville Falls","Avery",35.972347,-81.933072,12,2020,5,NA
2020-12-10,"Mendenhall School","Guilford",36.1090060008986,-79.802314,12,2020,37.5,NA
2020-12-10,"Millbrook School","Wake",35.856111,-78.574167,12,2020,37.6666666666667,29
2020-12-10,"Pitt Agri. Center","Pitt",35.6412760008938,-77.360126,12,2020,31,NA
2020-12-10,"West Johnston Co.","Johnston",35.59095,-78.4622,12,2020,35.5,NA
2020-12-11,"Bryson City","Swain",35.434767,-83.442133,12,2020,17,NA
2020-12-11,"Castle Hayne","New Hanover",34.364167,-77.838611,12,2020,23,NA
2020-12-11,"Clemmons Middle","Forsyth",36.026,-80.342,12,2020,38,NA
2020-12-11,"Durham Armory","Durham",36.0329550008979,-78.904037,12,2020,35.5,NA
2020-12-11,"Garinger High School","Mecklenburg",35.2401000008895,-80.785683,12,2020,29.5,28
2020-12-11,"Hattie Avenue","Forsyth",36.110693332,-80.2264378,12,2020,33,NA
2020-12-11,"Leggett","Edgecombe",35.988278,-77.5843,12,2020,28.5,NA
2020-12-11,"Mendenhall School","Guilford",36.1090060008986,-79.802314,12,2020,33,NA
2020-12-11,"Millbrook School","Wake",35.856111,-78.574167,12,2020,43,30.5
2020-12-11,"Pitt Agri. Center","Pitt",35.6412760008938,-77.360126,12,2020,31.5,NA
2020-12-11,"West Johnston Co.","Johnston",35.59095,-78.4622,12,2020,28.5,NA
2020-12-12,"Bryson City","Swain",35.434767,-83.442133,12,2020,21,NA
2020-12-12,"Castle Hayne","New Hanover",34.364167,-77.838611,12,2020,22.5,NA
2020-12-12,"Clemmons Middle","Forsyth",36.026,-80.342,12,2020,54,NA
2020-12-12,"Durham Armory","Durham",36.0329550008979,-78.904037,12,2020,42.5,NA
2020-12-12,"Garinger High School","Mecklenburg",35.2401000008895,-80.785683,12,2020,35.5,28
2020-12-12,"Hattie Avenue","Forsyth",36.110693332,-80.2264378,12,2020,38,NA
2020-12-12,"Leggett","Edgecombe",35.988278,-77.5843,12,2020,25,NA
2020-12-12,"Mendenhall School","Guilford",36.1090060008986,-79.802314,12,2020,34,NA
2020-12-12,"Millbrook School","Wake",35.856111,-78.574167,12,2020,48.3333333333333,26.5
2020-12-12,"Pitt Agri. Center","Pitt",35.6412760008938,-77.360126,12,2020,28,NA
2020-12-12,"West Johnston Co.","Johnston",35.59095,-78.4622,12,2020,30.5,NA
2020-12-13,"Bryson City","Swain",35.434767,-83.442133,12,2020,20,NA
2020-12-13,"Castle Hayne","New Hanover",34.364167,-77.838611,12,2020,21,NA
2020-12-13,"Clemmons Middle","Forsyth",36.026,-80.342,12,2020,55.5,NA
2020-12-13,"Durham Armory","Durham",36.0329550008979,-78.904037,12,2020,52,NA
2020-12-13,"Garinger High School","Mecklenburg",35.2401000008895,-80.785683,12,2020,43.3333333333333,16.5
2020-12-13,"Hattie Avenue","Forsyth",36.110693332,-80.2264378,12,2020,46,NA
2020-12-13,"Leggett","Edgecombe",35.988278,-77.5843,12,2020,30.5,NA
2020-12-13,"Mendenhall School","Guilford",36.1090060008986,-79.802314,12,2020,40,NA
2020-12-13,"Millbrook School","Wake",35.856111,-78.574167,12,2020,50.5,18.5
2020-12-13,"Pitt Agri. Center","Pitt",35.6412760008938,-77.360126,12,2020,34.6666666666667,NA
2020-12-13,"West Johnston Co.","Johnston",35.59095,-78.4622,12,2020,36.5,NA
2020-12-14,"Bryson City","Swain",35.434767,-83.442133,12,2020,11,NA
2020-12-14,"Castle Hayne","New Hanover",34.364167,-77.838611,12,2020,4.5,NA
2020-12-14,"Clemmons Middle","Forsyth",36.026,-80.342,12,2020,37,NA
2020-12-14,"Durham Armory","Durham",36.0329550008979,-78.904037,12,2020,30.5,NA
2020-12-14,"Garinger High School","Mecklenburg",35.2401000008895,-80.785683,12,2020,27.5,21.5
2020-12-14,"Hattie Avenue","Forsyth",36.110693332,-80.2264378,12,2020,31,NA
2020-12-14,"Leggett","Edgecombe",35.988278,-77.5843,12,2020,17,NA
2020-12-14,"Mendenhall School","Guilford",36.1090060008986,-79.802314,12,2020,21.5,NA
2020-12-14,"Millbrook School","Wake",35.856111,-78.574167,12,2020,40,21.5
2020-12-14,"Pitt Agri. Center","Pitt",35.6412760008938,-77.360126,12,2020,20,NA
2020-12-14,"West Johnston Co.","Johnston",35.59095,-78.4622,12,2020,22.5,NA
2020-12-15,"Bryson City","Swain",35.434767,-83.442133,12,2020,18.5,NA
2020-12-15,"Castle Hayne","New Hanover",34.364167,-77.838611,12,2020,9.5,NA
2020-12-15,"Clemmons Middle","Forsyth",36.026,-80.342,12,2020,22,NA
2020-12-15,"Durham Armory","Durham",36.0329550008979,-78.904037,12,2020,26,NA
2020-12-15,"Garinger High School","Mecklenburg",35.2401000008895,-80.785683,12,2020,25,20.5
2020-12-15,"Hattie Avenue","Forsyth",36.110693332,-80.2264378,12,2020,20.5,NA
2020-12-15,"Leggett","Edgecombe",35.988278,-77.5843,12,2020,9,NA
2020-12-15,"Mendenhall School","Guilford",36.1090060008986,-79.802314,12,2020,17,NA
2020-12-15,"Millbrook School","Wake",35.856111,-78.574167,12,2020,32.6666666666667,21
2020-12-15,"Pitt Agri. Center","Pitt",35.6412760008938,-77.360126,12,2020,11.5,NA
2020-12-15,"West Johnston Co.","Johnston",35.59095,-78.4622,12,2020,17,NA
2020-12-16,"Bryson City","Swain",35.434767,-83.442133,12,2020,29,NA
2020-12-16,"Castle Hayne","New Hanover",34.364167,-77.838611,12,2020,17.5,NA
2020-12-16,"Clemmons Middle","Forsyth",36.026,-80.342,12,2020,29.6666666666667,NA
2020-12-16,"Durham Armory","Durham",36.0329550008979,-78.904037,12,2020,30.3333333333333,NA
2020-12-16,"Garinger High School","Mecklenburg",35.2401000008895,-80.785683,12,2020,23.6666666666667,28.5
2020-12-16,"Hattie Avenue","Forsyth",36.110693332,-80.2264378,12,2020,28,NA
2020-12-16,"Leggett","Edgecombe",35.988278,-77.5843,12,2020,23.5,NA
2020-12-16,"Mendenhall School","Guilford",36.1090060008986,-79.802314,12,2020,24.5,NA
2020-12-16,"Millbrook School","Wake",35.856111,-78.574167,12,2020,32.75,27.5
2020-12-16,"Pitt Agri. Center","Pitt",35.6412760008938,-77.360126,12,2020,22,NA
2020-12-16,"West Johnston Co.","Johnston",35.59095,-78.4622,12,2020,30.5,NA
2020-12-17,"Bryson City","Swain",35.434767,-83.442133,12,2020,8.5,NA
2020-12-17,"Castle Hayne","New Hanover",34.364167,-77.838611,12,2020,3,NA
2020-12-17,"Clemmons Middle","Forsyth",36.026,-80.342,12,2020,15.5,NA
2020-12-17,"Durham Armory","Durham",36.0329550008979,-78.904037,12,2020,19,NA
2020-12-17,"Garinger High School","Mecklenburg",35.2401000008895,-80.785683,12,2020,16,28.5
2020-12-17,"Hattie Avenue","Forsyth",36.110693332,-80.2264378,12,2020,13.5,NA
2020-12-17,"Leggett","Edgecombe",35.988278,-77.5843,12,2020,10.5,NA
2020-12-17,"Mendenhall School","Guilford",36.1090060008986,-79.802314,12,2020,5,NA
2020-12-17,"Millbrook School","Wake",35.856111,-78.574167,12,2020,21,27
2020-12-17,"Pitt Agri. Center","Pitt",35.6412760008938,-77.360126,12,2020,12,NA
2020-12-17,"West Johnston Co.","Johnston",35.59095,-78.4622,12,2020,26,NA
2020-12-18,"Bryson City","Swain",35.434767,-83.442133,12,2020,21.5,NA
2020-12-18,"Castle Hayne","New Hanover",34.364167,-77.838611,12,2020,15.5,NA
2020-12-18,"Clemmons Middle","Forsyth",36.026,-80.342,12,2020,19.5,NA
2020-12-18,"Durham Armory","Durham",36.0329550008979,-78.904037,12,2020,29,NA
2020-12-18,"Garinger High School","Mecklenburg",35.2401000008895,-80.785683,12,2020,16,30.5
2020-12-18,"Hattie Avenue","Forsyth",36.110693332,-80.2264378,12,2020,18.5,NA
2020-12-18,"Leggett","Edgecombe",35.988278,-77.5843,12,2020,11,NA
2020-12-18,"Mendenhall School","Guilford",36.1090060008986,-79.802314,12,2020,10.5,NA
2020-12-18,"Millbrook School","Wake",35.856111,-78.574167,12,2020,36.6666666666667,29.5
2020-12-18,"Pitt Agri. Center","Pitt",35.6412760008938,-77.360126,12,2020,16.5,NA
2020-12-18,"West Johnston Co.","Johnston",35.59095,-78.4622,12,2020,19,NA
2020-12-19,"Bryson City","Swain",35.434767,-83.442133,12,2020,37.5,NA
2020-12-19,"Castle Hayne","New Hanover",34.364167,-77.838611,12,2020,23,NA
2020-12-19,"Clemmons Middle","Forsyth",36.026,-80.342,12,2020,50.5,NA
2020-12-19,"Durham Armory","Durham",36.0329550008979,-78.904037,12,2020,45.3333333333333,NA
2020-12-19,"Garinger High School","Mecklenburg",35.2401000008895,-80.785683,12,2020,43.3333333333333,25
2020-12-19,"Hattie Avenue","Forsyth",36.110693332,-80.2264378,12,2020,53,NA
2020-12-19,"Leggett","Edgecombe",35.988278,-77.5843,12,2020,20,NA
2020-12-19,"Linville Falls","Avery",35.972347,-81.933072,12,2020,20,NA
2020-12-19,"Mendenhall School","Guilford",36.1090060008986,-79.802314,12,2020,39,NA
2020-12-19,"Millbrook School","Wake",35.856111,-78.574167,12,2020,49.5,31
2020-12-19,"Pitt Agri. Center","Pitt",35.6412760008938,-77.360126,12,2020,29.5,NA
2020-12-19,"West Johnston Co.","Johnston",35.59095,-78.4622,12,2020,38.5,NA
2020-12-20,"Bryson City","Swain",35.434767,-83.442133,12,2020,47,NA
2020-12-20,"Castle Hayne","New Hanover",34.364167,-77.838611,12,2020,20,NA
2020-12-20,"Clemmons Middle","Forsyth",36.026,-80.342,12,2020,54.5,NA
2020-12-20,"Durham Armory","Durham",36.0329550008979,-78.904037,12,2020,42,NA
2020-12-20,"Garinger High School","Mecklenburg",35.2401000008895,-80.785683,12,2020,42,22.5
2020-12-20,"Hattie Avenue","Forsyth",36.110693332,-80.2264378,12,2020,45.5,NA
2020-12-20,"Leggett","Edgecombe",35.988278,-77.5843,12,2020,24.5,NA
2020-12-20,"Mendenhall School","Guilford",36.1090060008986,-79.802314,12,2020,36,NA
2020-12-20,"Millbrook School","Wake",35.856111,-78.574167,12,2020,48.6666666666667,29
2020-12-20,"Pitt Agri. Center","Pitt",35.6412760008938,-77.360126,12,2020,28.5,NA
2020-12-20,"West Johnston Co.","Johnston",35.59095,-78.4622,12,2020,34,NA
2020-12-21,"Bryson City","Swain",35.434767,-83.442133,12,2020,32,NA
2020-12-21,"Castle Hayne","New Hanover",34.364167,-77.838611,12,2020,26.5,NA
2020-12-21,"Clemmons Middle","Forsyth",36.026,-80.342,12,2020,39.5,NA
2020-12-21,"Durham Armory","Durham",36.0329550008979,-78.904037,12,2020,40,NA
2020-12-21,"Garinger High School","Mecklenburg",35.2401000008895,-80.785683,12,2020,35,26
2020-12-21,"Hattie Avenue","Forsyth",36.110693332,-80.2264378,12,2020,36.5,NA
2020-12-21,"Leggett","Edgecombe",35.988278,-77.5843,12,2020,25.5,NA
2020-12-21,"Mendenhall School","Guilford",36.1090060008986,-79.802314,12,2020,33,NA
2020-12-21,"Millbrook School","Wake",35.856111,-78.574167,12,2020,36.6666666666667,30.5
2020-12-21,"Pitt Agri. Center","Pitt",35.6412760008938,-77.360126,12,2020,27.5,NA
2020-12-21,"West Johnston Co.","Johnston",35.59095,-78.4622,12,2020,33,NA
2020-12-22,"Bryson City","Swain",35.434767,-83.442133,12,2020,30,NA
2020-12-22,"Castle Hayne","New Hanover",34.364167,-77.838611,12,2020,19,NA
2020-12-22,"Clemmons Middle","Forsyth",36.026,-80.342,12,2020,37.3333333333333,NA
2020-12-22,"Durham Armory","Durham",36.0329550008979,-78.904037,12,2020,33,NA
2020-12-22,"Frying Pan Mountain","Haywood",35.379167,-82.7925,12,2020,2,NA
2020-12-22,"Garinger High School","Mecklenburg",35.2401000008895,-80.785683,12,2020,35.6666666666667,23
2020-12-22,"Hattie Avenue","Forsyth",36.110693332,-80.2264378,12,2020,32.6666666666667,NA
2020-12-22,"Leggett","Edgecombe",35.988278,-77.5843,12,2020,28,NA
2020-12-22,"Linville Falls","Avery",35.972347,-81.933072,12,2020,4,NA
2020-12-22,"Mendenhall School","Guilford",36.1090060008986,-79.802314,12,2020,44,NA
2020-12-22,"Millbrook School","Wake",35.856111,-78.574167,12,2020,29,20
2020-12-22,"Pitt Agri. Center","Pitt",35.6412760008938,-77.360126,12,2020,18.6666666666667,NA
2020-12-22,"West Johnston Co.","Johnston",35.59095,-78.4622,12,2020,35.5,NA
2020-12-23,"Bryson City","Swain",35.434767,-83.442133,12,2020,26.5,NA
2020-12-23,"Castle Hayne","New Hanover",34.364167,-77.838611,12,2020,15,NA
2020-12-23,"Clemmons Middle","Forsyth",36.026,-80.342,12,2020,50.5,NA
2020-12-23,"Durham Armory","Durham",36.0329550008979,-78.904037,12,2020,42.5,NA
2020-12-23,"Garinger High School","Mecklenburg",35.2401000008895,-80.785683,12,2020,44.5,26
2020-12-23,"Hattie Avenue","Forsyth",36.110693332,-80.2264378,12,2020,43.5,NA
2020-12-23,"Leggett","Edgecombe",35.988278,-77.5843,12,2020,29,NA
2020-12-23,"Mendenhall School","Guilford",36.1090060008986,-79.802314,12,2020,36.5,NA
2020-12-23,"Millbrook School","Wake",35.856111,-78.574167,12,2020,46.3333333333333,25
2020-12-23,"Pitt Agri. Center","Pitt",35.6412760008938,-77.360126,12,2020,21.5,NA
2020-12-23,"West Johnston Co.","Johnston",35.59095,-78.4622,12,2020,32,NA
2020-12-24,"Bryson City","Swain",35.434767,-83.442133,12,2020,13,NA
2020-12-24,"Castle Hayne","New Hanover",34.364167,-77.838611,12,2020,9.5,NA
2020-12-24,"Clemmons Middle","Forsyth",36.026,-80.342,12,2020,20.5,NA
2020-12-24,"Durham Armory","Durham",36.0329550008979,-78.904037,12,2020,27,NA
2020-12-24,"Garinger High School","Mecklenburg",35.2401000008895,-80.785683,12,2020,34,31.5
2020-12-24,"Hattie Avenue","Forsyth",36.110693332,-80.2264378,12,2020,18.5,NA
2020-12-24,"Leggett","Edgecombe",35.988278,-77.5843,12,2020,20.5,NA
2020-12-24,"Mendenhall School","Guilford",36.1090060008986,-79.802314,12,2020,25.5,NA
2020-12-24,"Millbrook School","Wake",35.856111,-78.574167,12,2020,38,31.5
2020-12-24,"Pitt Agri. Center","Pitt",35.6412760008938,-77.360126,12,2020,21.5,NA
2020-12-24,"West Johnston Co.","Johnston",35.59095,-78.4622,12,2020,22,NA
2020-12-25,"Bryson City","Swain",35.434767,-83.442133,12,2020,35,NA
2020-12-25,"Castle Hayne","New Hanover",34.364167,-77.838611,12,2020,19,NA
2020-12-25,"Clemmons Middle","Forsyth",36.026,-80.342,12,2020,46,NA
2020-12-25,"Durham Armory","Durham",36.0329550008979,-78.904037,12,2020,43.6666666666667,NA
2020-12-25,"Frying Pan Mountain","Haywood",35.379167,-82.7925,12,2020,8,NA
2020-12-25,"Garinger High School","Mecklenburg",35.2401000008895,-80.785683,12,2020,60,31
2020-12-25,"Hattie Avenue","Forsyth",36.110693332,-80.2264378,12,2020,36.6666666666667,NA
2020-12-25,"Leggett","Edgecombe",35.988278,-77.5843,12,2020,23.5,NA
2020-12-25,"Linville Falls","Avery",35.972347,-81.933072,12,2020,12,NA
2020-12-25,"Mendenhall School","Guilford",36.1090060008986,-79.802314,12,2020,46.5,NA
2020-12-25,"Millbrook School","Wake",35.856111,-78.574167,12,2020,52,30
2020-12-25,"Pitt Agri. Center","Pitt",35.6412760008938,-77.360126,12,2020,30,NA
2020-12-25,"West Johnston Co.","Johnston",35.59095,-78.4622,12,2020,40.5,NA
2020-12-26,"Bryson City","Swain",35.434767,-83.442133,12,2020,42,NA
2020-12-26,"Castle Hayne","New Hanover",34.364167,-77.838611,12,2020,20,NA
2020-12-26,"Clemmons Middle","Forsyth",36.026,-80.342,12,2020,62.5,NA
2020-12-26,"Durham Armory","Durham",36.0329550008979,-78.904037,12,2020,53,NA
2020-12-26,"Garinger High School","Mecklenburg",35.2401000008895,-80.785683,12,2020,56.5,27.5
2020-12-26,"Hattie Avenue","Forsyth",36.110693332,-80.2264378,12,2020,54,NA
2020-12-26,"Leggett","Edgecombe",35.988278,-77.5843,12,2020,26.5,NA
2020-12-26,"Mendenhall School","Guilford",36.1090060008986,-79.802314,12,2020,53,NA
2020-12-26,"Millbrook School","Wake",35.856111,-78.574167,12,2020,61,27
2020-12-26,"Pitt Agri. Center","Pitt",35.6412760008938,-77.360126,12,2020,30,NA
2020-12-26,"West Johnston Co.","Johnston",35.59095,-78.4622,12,2020,47.5,NA
2020-12-27,"Bryson City","Swain",35.434767,-83.442133,12,2020,38.5,NA
2020-12-27,"Castle Hayne","New Hanover",34.364167,-77.838611,12,2020,15.5,NA
2020-12-27,"Clemmons Middle","Forsyth",36.026,-80.342,12,2020,63.5,NA
2020-12-27,"Durham Armory","Durham",36.0329550008979,-78.904037,12,2020,51,NA
2020-12-27,"Garinger High School","Mecklenburg",35.2401000008895,-80.785683,12,2020,48,18.5
2020-12-27,"Hattie Avenue","Forsyth",36.110693332,-80.2264378,12,2020,58,NA
2020-12-27,"Leggett","Edgecombe",35.988278,-77.5843,12,2020,21.5,NA
2020-12-27,"Mendenhall School","Guilford",36.1090060008986,-79.802314,12,2020,46.5,NA
2020-12-27,"Millbrook School","Wake",35.856111,-78.574167,12,2020,50.3333333333333,23
2020-12-27,"Pitt Agri. Center","Pitt",35.6412760008938,-77.360126,12,2020,27,NA
2020-12-27,"West Johnston Co.","Johnston",35.59095,-78.4622,12,2020,41,NA
2020-12-28,"Bryson City","Swain",35.434767,-83.442133,12,2020,22,NA
2020-12-28,"Castle Hayne","New Hanover",34.364167,-77.838611,12,2020,15.5,NA
2020-12-28,"Clemmons Middle","Forsyth",36.026,-80.342,12,2020,34.3333333333333,NA
2020-12-28,"Durham Armory","Durham",36.0329550008979,-78.904037,12,2020,28.6666666666667,NA
2020-12-28,"Garinger High School","Mecklenburg",35.2401000008895,-80.785683,12,2020,32,23.5
2020-12-28,"Hattie Avenue","Forsyth",36.110693332,-80.2264378,12,2020,32.6666666666667,NA
2020-12-28,"Leggett","Edgecombe",35.988278,-77.5843,12,2020,20,NA
2020-12-28,"Mendenhall School","Guilford",36.1090060008986,-79.802314,12,2020,30,NA
2020-12-28,"Millbrook School","Wake",35.856111,-78.574167,12,2020,31.75,28.5
2020-12-28,"Pitt Agri. Center","Pitt",35.6412760008938,-77.360126,12,2020,16.5,NA
2020-12-28,"West Johnston Co.","Johnston",35.59095,-78.4622,12,2020,32,NA
2020-12-29,"Bryson City","Swain",35.434767,-83.442133,12,2020,23,NA
2020-12-29,"Castle Hayne","New Hanover",34.364167,-77.838611,12,2020,6.5,NA
2020-12-29,"Clemmons Middle","Forsyth",36.026,-80.342,12,2020,36.5,NA
2020-12-29,"Durham Armory","Durham",36.0329550008979,-78.904037,12,2020,32.5,NA
2020-12-29,"Garinger High School","Mecklenburg",35.2401000008895,-80.785683,12,2020,22,25
2020-12-29,"Hattie Avenue","Forsyth",36.110693332,-80.2264378,12,2020,32,NA
2020-12-29,"Leggett","Edgecombe",35.988278,-77.5843,12,2020,18.5,NA
2020-12-29,"Mendenhall School","Guilford",36.1090060008986,-79.802314,12,2020,34.5,NA
2020-12-29,"Millbrook School","Wake",35.856111,-78.574167,12,2020,33.3333333333333,27.5
2020-12-29,"Pitt Agri. Center","Pitt",35.6412760008938,-77.360126,12,2020,21,NA
2020-12-29,"West Johnston Co.","Johnston",35.59095,-78.4622,12,2020,25,NA
2020-12-30,"Bryson City","Swain",35.434767,-83.442133,12,2020,42,NA
2020-12-30,"Castle Hayne","New Hanover",34.364167,-77.838611,12,2020,15,NA
2020-12-30,"Clemmons Middle","Forsyth",36.026,-80.342,12,2020,31.5,NA
2020-12-30,"Durham Armory","Durham",36.0329550008979,-78.904037,12,2020,29.5,NA
2020-12-30,"Garinger High School","Mecklenburg",35.2401000008895,-80.785683,12,2020,26,31.5
2020-12-30,"Hattie Avenue","Forsyth",36.110693332,-80.2264378,12,2020,27.5,NA
2020-12-30,"Leggett","Edgecombe",35.988278,-77.5843,12,2020,17.5,NA
2020-12-30,"Mendenhall School","Guilford",36.1090060008986,-79.802314,12,2020,21.5,NA
2020-12-30,"Millbrook School","Wake",35.856111,-78.574167,12,2020,41.3333333333333,24
2020-12-30,"Pitt Agri. Center","Pitt",35.6412760008938,-77.360126,12,2020,19,NA
2020-12-30,"West Johnston Co.","Johnston",35.59095,-78.4622,12,2020,27.5,NA
2020-12-31,"Bryson City","Swain",35.434767,-83.442133,12,2020,21,NA
2020-12-31,"Castle Hayne","New Hanover",34.364167,-77.838611,12,2020,12.5,NA
2020-12-31,"Clemmons Middle","Forsyth",36.026,-80.342,12,2020,28.5,NA
2020-12-31,"Durham Armory","Durham",36.0329550008979,-78.904037,12,2020,34.3333333333333,NA
2020-12-31,"Garinger High School","Mecklenburg",35.2401000008895,-80.785683,12,2020,22.3333333333333,32
2020-12-31,"Hattie Avenue","Forsyth",36.110693332,-80.2264378,12,2020,25.3333333333333,NA
2020-12-31,"Leggett","Edgecombe",35.988278,-77.5843,12,2020,16.5,NA
2020-12-31,"Mendenhall School","Guilford",36.1090060008986,-79.802314,12,2020,16.5,NA
2020-12-31,"Millbrook School","Wake",35.856111,-78.574167,12,2020,45.75,34
2020-12-31,"Pitt Agri. Center","Pitt",35.6412760008938,-77.360126,12,2020,20.3333333333333,NA
2020-12-31,"West Johnston Co.","Johnston",35.59095,-78.4622,12,2020,37.5,NA
